EPI_ID,substitution info|insertion info,substitution number,MonthIndex,class,AllFreq,MonthlyFreq,Year,Month,Day
EPI_ISL_700431,"D80A;L241-;L242-;A243-;R246I;K417N;E484K;N501Y;D614G;A701V|""""",10,11,B.1.351(Beta),21,8,2020,11,3
EPI_ISL_18215676,"D80A;D215G;L241-;L242-;A243-;K417N;E484K;N501Y;D614G;A701V|""""",10,11,B.1.351(Beta),2847,21,2020,11,3
EPI_ISL_2495054,"D80A;L241-;L242-;A243-;K417N;E484K;N501Y;D614G;A701V|""""",9,11,B.1.351(Beta),69,1,2020,11,3
EPI_ISL_712096,"L18F;D80A;D215G;L241-;L242-;A243-;K417N;E484K;N501Y;D614G;A701V|""""",11,11,B.1.351(Beta),2905,11,2020,11,4
EPI_ISL_2112529,"L18F;D80A;D215G;L241-;L242-;A243-;K417N;E484K;N501Y;D614G;Q677H;R682W;A701V|""""",13,11,B.1.351(Beta),2,2,2020,11,16
EPI_ISL_825101,"D80A;D215G;L241-;L242-;A243-;K417N;E484K;N501Y;D614G;A688V;A701V|""""",11,11,B.1.351(Beta),10,1,2020,11,19
EPI_ISL_825092,"D80A;D215G;L241-;L242-;A243-;K417N;E484K;N501Y;D614G;A701V;A879S|""""",11,11,B.1.351(Beta),28,1,2020,11,19
EPI_ISL_825107,"D80A;D215G;L241-;L242-;A243-;K417N;E484K;N501Y;D614G;A701V;T941I|""""",11,11,B.1.351(Beta),1,1,2020,11,19
EPI_ISL_825104,"D80A;D215G;L241-;L242-;A243-;K417N;N501Y;D614G;A701V|""""",9,11,B.1.351(Beta),17,1,2020,11,19
EPI_ISL_825103,"D80A;D215G;L241-;L242-;A243-;K417N;E484K;N501Y;D614G;A701V;A1026S|""""",11,11,B.1.351(Beta),1,1,2020,11,20
EPI_ISL_825121,"L18F;D80A;D215G;L241-;L242-;A243-;K417N;E484K;N501Y;D614G;A701V;T716I|""""",12,11,B.1.351(Beta),6,1,2020,11,23
EPI_ISL_825130,"D215H;L241-;L242-;A243-;R246I;K417N;E484K;N501Y;D614G;A701V|""""",10,11,B.1.351(Beta),1,1,2020,11,24
EPI_ISL_825117,"G75V;D80A;D215G;L241-;L242-;A243-;K417N;E484K;N501Y;D614G;A701V|""""",11,11,B.1.351(Beta),3,1,2020,11,24
EPI_ISL_825128,"D80A;D215G;L241-;L242-;A243-;T333I;K417N;E484K;N501Y;D614G;A701V|""""",11,11,B.1.351(Beta),1,1,2020,11,24
EPI_ISL_825126,"D215H;L241-;L242-;A243-;K417N;E484K;N501Y;D614G;A701V|""""",9,11,B.1.351(Beta),6,1,2020,11,24
EPI_ISL_736940,"L18F;D80A;D215G;L241-;L242-;A243-;R246I;K417N;E484K;N501Y;D614G;A701V|""""",12,11,B.1.351(Beta),1,1,2020,11,25
EPI_ISL_2360890,"S12F;L18F;D80A;D215G;L241-;L242-;A243-;K417N;E484K;N501Y;D614G;A701V;C1247F|""""",13,11,B.1.351(Beta),1,1,2020,11,27
EPI_ISL_14176098,"D80A;D215G;L241-;L242-;A243-;K417N;E484K;N501Y;D614G|""""",9,11,B.1.351(Beta),10,1,2020,11,27
EPI_ISL_14176096,"L18F;D80A;D215G;L241-;L242-;A243-;K417N;E484K;N501Y;D614G|""""",10,11,B.1.351(Beta),7,1,2020,11,27
EPI_ISL_18336825,"D80A;Y145-;D215G;K417N;E484K;N501Y;D614G;A701V|""""",8,11,B.1.351(Beta),1,1,2020,11,30
EPI_ISL_745143,"L18F;D80A;D215G;L241-;L242-;A243-;K417N;E484K;N501Y;D614G;A701V|""""",11,12,B.1.351(Beta),2905,107,2020,12,1
EPI_ISL_745142,"L18F;D80A;D215G;L241-;L242-;A243-;S316F;K417N;E484K;N501Y;D614G;A701V|""""",12,12,B.1.351(Beta),1,1,2020,12,1
EPI_ISL_5782323,"L18F;D80A;D215G;K417N;E484K;N501Y;D614G;A701V;A706V|""""",9,12,B.1.351(Beta),3,1,2020,12,1
EPI_ISL_745152,"D80A;D215G;L241-;L242-;A243-;K417N;E484K;N501Y;D614G;A701V;T1117I|""""",11,12,B.1.351(Beta),1,1,2020,12,1
EPI_ISL_15808826,"K77N;D80A;D215G;L241-;L242-;A243-;K417N;E484K;N501Y;D614G;A701V|""""",11,12,B.1.351(Beta),1,1,2020,12,1
EPI_ISL_745151,"D80A;D215G;L241-;L242-;A243-;K417N;E484K;N501Y;D614G;A701V|""""",10,12,B.1.351(Beta),2847,152,2020,12,1
EPI_ISL_18096719,"L18F;D80A;D215G;L241-;L242-;A243-;K417N;E484K;N501Y;D614G;A701V;E1195Q|""""",12,12,B.1.351(Beta),2,2,2020,12,2
EPI_ISL_17757882,"L54F;D80A;D215G;L241-;L242-;A243-;K417N;E484K;N501Y;D614G;A701V|""""",11,12,B.1.351(Beta),13,4,2020,12,2
EPI_ISL_940878,"L18F;D80A;D215G;A222V;L241-;L242-;A243-;K417N;E484K;N501Y;D614G;A701V|""""",12,12,B.1.351(Beta),24,4,2020,12,3
EPI_ISL_17757884,"D80A;D215G;L241-;L242-;A243-;W258L;K417N;E484K;N501Y;D614G;A701V;P1162S|""""",12,12,B.1.351(Beta),2,1,2020,12,3
EPI_ISL_736930,"D80A;D215H;L241-;L242-;A243-;K417N;E484K;N501Y;D614G;A701V|""""",10,12,B.1.351(Beta),2,1,2020,12,6
EPI_ISL_745183,"D80A;L241-;L242-;A243-;K417N;E484K;N501Y;D614G;A701V|""""",9,12,B.1.351(Beta),69,1,2020,12,7
EPI_ISL_18096720,"D80A;L241-;L242-;A243-;R246I;K417N;E484K;N501Y;D614G;A701V|""""",10,12,B.1.351(Beta),21,7,2020,12,7
EPI_ISL_745172,"D80A;D215G;L241-;L242-;A243-;E484K;N501Y;D614G;A701V|""""",9,12,B.1.351(Beta),50,2,2020,12,7
EPI_ISL_745173,"D80A;D215G;L241-;L242-;A243-;K417N;E484K;N501Y;D614G;A701V;A1078V|""""",11,12,B.1.351(Beta),1,1,2020,12,7
EPI_ISL_17757885,"L5F;D80A;D215G;L241-;L242-;A243-;K417N;E484K;N501Y;D614G;A701V|""""",11,12,B.1.351(Beta),71,4,2020,12,7
EPI_ISL_745176,"D80A;D215G;L241-;L242-;A243-;P384L;K417N;E484K;N501Y;D614G;A701V|""""",11,12,B.1.351(Beta),3,2,2020,12,7
EPI_ISL_14091522,"L18F;D80A;D215G;L241-;L242-;A243-;K417N;E484K;N501Y;K558R;D614G;A701V|""""",12,12,B.1.351(Beta),1,1,2020,12,8
EPI_ISL_18096721,"D80A;R246I;K417N;E484K;N501Y;D614G;A701V|""""",7,12,B.1.351(Beta),2,1,2020,12,8
EPI_ISL_14091507,"D215H;L241-;L242-;A243-;K417N;E484K;N501Y;D614G;A701V|""""",9,12,B.1.351(Beta),6,4,2020,12,8
EPI_ISL_1132704,"D80A;L241-;L242-;A243-;R246K;K417N;E484K;N501Y;D614G;A701V|""""",10,12,B.1.351(Beta),1,1,2020,12,10
EPI_ISL_944006,"D80A;D215G;L241-;L242-;A243-;K417N;E484K;N501Y;D614G;A701V;A879S|""""",11,12,B.1.351(Beta),28,7,2020,12,10
EPI_ISL_17757888,"D80A;D215G;T240-;L241-;L242-;K417N;E484K;N501Y;D614G;A701V|""""",10,12,B.1.351(Beta),14,6,2020,12,10
EPI_ISL_17757894,"L18F;D80A;D215G;L241-;L242-;A243-;K417N;E484K;N501Y;N532S;D614G;A701V|""""",12,12,B.1.351(Beta),1,1,2020,12,14
EPI_ISL_18336831,"L18F;D80A;D215G;L241-;L242-;A243-;K417N;E484K;N501Y;D614G;A701V;A1020S|""""",12,12,B.1.351(Beta),7,1,2020,12,15
EPI_ISL_1324129,"L18F;D80A;D215G;L241-;L242-;A243-;K417N;E484K;N501Y;D614G;A701V;R765C|""""",12,12,B.1.351(Beta),1,1,2020,12,15
EPI_ISL_1324122,"D80A;D215G;L241-;L242-;A243-;K417N;E484K;N501Y;D614G;A688V;A701V|""""",11,12,B.1.351(Beta),10,1,2020,12,16
EPI_ISL_1132714,"L18F;D80A;D215G;L241-;L242-;A243-;K417N;E484K;D614G;A701V|""""",10,12,B.1.351(Beta),2,1,2020,12,17
EPI_ISL_14594763,"D80A;K417N;E484K;N501Y;D614G;A701V|""""",6,12,B.1.351(Beta),10,1,2020,12,17
EPI_ISL_2083893,"L18F;D80A;R214H;D215G;L241-;L242-;A243-;K417N;E484K;N501Y;D614G;A701V;A1020S;G1219C|""""",14,12,B.1.351(Beta),3,1,2020,12,17
EPI_ISL_9910728,"D80A;D215G;L241-;L242-;A243-;K417N;E484K;N501Y;D614G;S640F;A701V|""""",11,12,B.1.351(Beta),2,1,2020,12,17
EPI_ISL_1250430,"D80A;D215G;L241-;L242-;A243-;P251S;K417N;E484K;N501Y;D614G;A701V|""""",11,12,B.1.351(Beta),1,1,2020,12,18
EPI_ISL_1132717,"D80A;D215G;L241-;L242-;A243-;K417N;E484K;N501Y;D614G|""""",9,12,B.1.351(Beta),10,2,2020,12,18
EPI_ISL_10067396,"L18F;G75V;D80A;D215G;L241-;L242-;A243-;K417N;E484K;N501Y;D614G;A701V|""""",12,12,B.1.351(Beta),7,2,2020,12,18
EPI_ISL_17757897,"L18F;D80A;D215G;T240P;L241-;L242-;A243-;K417N;E484K;N501Y;D614G;A701V|""""",12,12,B.1.351(Beta),6,2,2020,12,18
EPI_ISL_9910740,"D80A;D215G;L241-;L242-;A243-;K417N;E484K;N501Y;D614G;S698L;A701V|""""",11,12,B.1.351(Beta),3,2,2020,12,18
EPI_ISL_1132715,"D80A;D215G;L241-;L242-;A243-;K417N;E484K;N501Y;D614G;A701V;L1200F|""""",11,12,B.1.351(Beta),1,1,2020,12,18
EPI_ISL_9910726,"D80A;D215G;L241-;L242-;A243-;K417N;E484K;N501Y;D614G;A701V;S813I|""""",11,12,B.1.351(Beta),9,5,2020,12,18
EPI_ISL_738136,"L18F;D80A;D215G;L241-;L242-;A243-;K417N;E484K;N501Y;D614G;P681H;A701V|""""",12,12,B.1.351(Beta),3,1,2020,12,19
EPI_ISL_18096722,"L18F;D80A;D215G;K417N;E484K;N501Y;D614G;A701V|""""",8,12,B.1.351(Beta),68,3,2020,12,19
EPI_ISL_1191843,"D80A;G181V;D215G;L241-;L242-;A243-;K417N;E484K;N501Y;D614G;A701V|""""",11,12,B.1.351(Beta),3,2,2020,12,20
EPI_ISL_17757902,"L18F;D80A;D215G;L241-;L242-;A243-;D614G|""""",7,12,B.1.351(Beta),1,1,2020,12,21
EPI_ISL_6693526,"L18F;D80A;D215G;L241-;L242-;A243-;K417N;E484K;N501Y;A520S;D614G;A701V|""""",12,12,B.1.351(Beta),6,2,2020,12,21
EPI_ISL_17757904,"D80A;D215G;T240P;L241-;L242-;A243-;K417N;E484K;N501Y;D614G;A701V|""""",11,12,B.1.351(Beta),3,1,2020,12,21
EPI_ISL_10067399,"T19I;D80A;D215G;L241-;L242-;A243-;K417N;E484K;N501Y;D614G;A701V|""""",11,12,B.1.351(Beta),55,1,2020,12,21
EPI_ISL_9910699,"D80A;D215G;L241-;L242-;A243-;K417N;E484K;N501Y;D614G;V622F;A701V;E1150Q|""""",12,12,B.1.351(Beta),1,1,2020,12,21
EPI_ISL_9910714,"D80A;D215G;L241-;L242-;A243-;K417N;E484K;N501Y;D614G;A701V;G946E|""""",11,12,B.1.351(Beta),1,1,2020,12,21
EPI_ISL_9910697,"D80A;D215G;L241-;L242-;A243-;N360S;K417N;E484K;N501Y;D614G;A701V|""""",11,12,B.1.351(Beta),1,1,2020,12,21
EPI_ISL_9910695,"L18F;D80A;D215G;L241-;L242-;A243-;K417N;E484K;N501Y;D614G;Q677H;A701V|""""",12,12,B.1.351(Beta),9,1,2020,12,21
EPI_ISL_9910694,"L18F;D80A;D215G;L241-;L242-;A243-;K417N;E484K;N501Y;D614G;Q677H;A701V;S813I|""""",13,12,B.1.351(Beta),1,1,2020,12,21
EPI_ISL_9910715,"D80A;D215G;L241-;L242-;A243-;K417N;E484K;N501Y;D614G;A701V;C1235F|""""",11,12,B.1.351(Beta),3,1,2020,12,21
EPI_ISL_1132719,"D80A;D215G;L241-;L242-;A243-;K417N;E484K;D614G;A701V|""""",9,12,B.1.351(Beta),5,2,2020,12,21
EPI_ISL_1239855,"D80A;D215G;L241-;L242-;A243-;K417N;E484K;N501Y;D614G;A701V;V1104L|""""",11,12,B.1.351(Beta),3,1,2020,12,22
EPI_ISL_18336832,"L18F;D215G;L241-;L242-;A243-;K417N;E484K;N501Y;D614G;A701V|""""",10,12,B.1.351(Beta),2,1,2020,12,22
EPI_ISL_1040751,"L241-;L242-;A243-;K417N;E484K;N501Y;D614G;A701V|""""",8,12,B.1.351(Beta),48,1,2020,12,22
EPI_ISL_1239333,"D80A;L141F;D215G;L241-;L242-;A243-;K417N;E484K;N501Y;D614G;A701V|""""",11,12,B.1.351(Beta),2,2,2020,12,22
EPI_ISL_17757908,"L18F;D80A;D215G;T240-;L241-;L242-;K417N;E484K;N501Y;D614G;A701V|""""",11,12,B.1.351(Beta),6,3,2020,12,22
EPI_ISL_1239463,"D80A;D215G;L241-;L242-;A243-;K417N;E484K;N501Y;D614G;A701V;G1167V|""""",11,12,B.1.351(Beta),2,1,2020,12,22
EPI_ISL_1239850,"D80A;D215G;L241-;L242-;A243-;G252V;K417N;E484K;N501Y;D614G;A701V|""""",11,12,B.1.351(Beta),1,1,2020,12,23
EPI_ISL_2447888,"A27S;D80A;D215G;L241-;L242-;A243-;K417N;E484K;N501Y;D614G;A701V|""""",11,12,B.1.351(Beta),401,3,2020,12,23
EPI_ISL_1239356,"D80A;D215G;L241-;L242-;A243-;K417N;E484K;N501Y;D614G;A701V;C1247F|""""",11,12,B.1.351(Beta),16,4,2020,12,24
EPI_ISL_762992,"L18F;L54F;D80A;D215G;L241-;L242-;A243-;K417N;E484K;N501Y;D614G;A701V|""""",12,12,B.1.351(Beta),5,1,2020,12,26
EPI_ISL_1055256,"D80A;D215G;L241-;L242-;A243-;K417N;E484K;N501Y;D614G;A653V;A701V|""""",11,12,B.1.351(Beta),12,1,2020,12,27
EPI_ISL_860071,"D80A;D215G;L241-;L242-;A243-;K417N;E484K;N501Y;D614G;V622F;A701V;A1078S|""""",12,12,B.1.351(Beta),1,1,2020,12,27
EPI_ISL_15808829,"L18F;D80A;L141F;D215G;L241-;L242-;A243-;K417N;E484K;N501Y;D614G;A701V|""""",12,12,B.1.351(Beta),3,1,2020,12,28
EPI_ISL_17026205,"D80A;G181V;D215G;L241-;L242-;A243-;K417N;E484K;N501Y;D614G;A701V;A892V|""""",12,12,B.1.351(Beta),1,1,2020,12,29
EPI_ISL_899175,"L18F;D80A;D215G;L241-;L242-;A243-;K417N;E484K;N501Y;D614G;A701V;G1219V|""""",12,12,B.1.351(Beta),1,1,2020,12,29
EPI_ISL_1132725,"P25L;D80A;D215G;L241-;L242-;A243-;K417N;E484K;N501Y;D614G;A701V|""""",11,12,B.1.351(Beta),15,1,2020,12,29
EPI_ISL_1239860,"D80A;D215G;L241-;L242-;A243-;K417N;E484K;N501Y;D614G;A701V;D1184H|""""",11,12,B.1.351(Beta),1,1,2020,12,29
EPI_ISL_1239270,"D80A;D215G;L241-;L242-;A243-;K417N;E484K;N501Y;D614G;A701V;A1078S|""""",11,12,B.1.351(Beta),4,1,2020,12,29
EPI_ISL_18336838,"D80A;D215G;K417N;E484K;N501Y;D614G;A701V|""""",7,12,B.1.351(Beta),51,2,2020,12,30
EPI_ISL_17757945,"A67S;D80A;D215G;L241-;L242-;A243-;K417N;E484K;N501Y;D614G;A701V;P809S|""""",12,12,B.1.351(Beta),1,1,2020,12,30
EPI_ISL_17757940,"L18F;D80A;Y145-;D215G;L241-;L242-;A243-;K417N;E484K;N501Y;D614G|""""",11,12,B.1.351(Beta),1,1,2020,12,30
EPI_ISL_1324126,"D80A;D215G;L241-;L242-;A243-;K417N;E484K;N501Y;D574Y;D614G;A701V;A879S|""""",12,12,B.1.351(Beta),1,1,2020,12,30
EPI_ISL_6693549,"L18F;D80A;D215G;L241-;L242-;A243-;K417N;E484K;N501Y;D614G;A701V;L822F|""""",12,12,B.1.351(Beta),6,1,2020,12,30
EPI_ISL_1239259,"L5F;L18F;D80A;D215G;L241-;L242-;A243-;K417N;E484K;N501Y;D614G;A701V|""""",12,12,B.1.351(Beta),110,1,2020,12,30
EPI_ISL_1073463,"L18F;D80A;D215G;L241-;L242-;A243-;E484K;N501Y;D614G;A701V;A1020S;G1219C|""""",12,12,B.1.351(Beta),1,1,2020,12,31
EPI_ISL_17757951,"D80A;D215G;L241-;L242-;A243-;K417N;E484K;N501Y;D614G;A701V;A771S|""""",11,12,B.1.351(Beta),1,1,2020,12,31
EPI_ISL_940885,"D80A;D215G;L241-;L242-;A243-;K417N;E484K;N501Y;D614G;H655Y;A701V|""""",11,12,B.1.351(Beta),3,1,2020,12,31
EPI_ISL_1239301,"D80A;L241-;L242-;A243-;R246I;K417N;E484K;N501Y;D614G;A701V|""""",10,13,B.1.351(Beta),21,1,2021,1,1
EPI_ISL_2499312,"D80A;D215G;L241-;L242-;A243-;K417N;E484K;N501Y;D614G;A701V|""""",10,13,B.1.351(Beta),2847,233,2021,1,1
EPI_ISL_17757952,"D80A;D215G;T240P;L241-;L242-;A243-;K417N;E484K;N501Y;D614G;A701V|""""",11,13,B.1.351(Beta),3,2,2021,1,1
EPI_ISL_17757953,"D80A;D215G;T240-;L241-;L242-;K417N;E484K;N501Y;D614G;A701V|""""",10,13,B.1.351(Beta),14,4,2021,1,1
EPI_ISL_821575,"D80A;D215G;L241-;L242-;A243-;K417N;E484K;N501Y;D614G;A701V;L822F|""""",11,13,B.1.351(Beta),6,1,2021,1,2
EPI_ISL_860582,"L18F;T19I;D80A;D215G;L241-;L242-;A243-;K417N;E484K;N501Y;D614G;A701V|""""",12,13,B.1.351(Beta),2,1,2021,1,2
EPI_ISL_3800656,"L18F;D80A;D215G;L241-;L242-;A243-;K417N;E484K;N501Y;D614G;A701V|""""",11,13,B.1.351(Beta),2905,168,2021,1,2
EPI_ISL_17757956,"A27S;D80A;D215G;L241-;L242-;A243-;K417N;E484K;N501Y;D614G;A701V|""""",11,13,B.1.351(Beta),401,3,2021,1,2
EPI_ISL_5142897,"D80A;D215G;L241-;L242-;A243-;K417N;E484K;N501Y;D614G;A701V;P812L|""""",11,13,B.1.351(Beta),1,1,2021,1,2
EPI_ISL_17757955,"D80A;D215G;L241-;L242-;A243-;K417N;E484K;N501Y;D614G;A701V;A879S|""""",11,13,B.1.351(Beta),28,7,2021,1,2
EPI_ISL_1239326,"L18F;D80A;D215G;L241-;L242-;A243-;K417N;E484K;N501Y;D614G;A701V;P809S|""""",12,13,B.1.351(Beta),6,1,2021,1,3
EPI_ISL_904376,"P26R;D80A;D215G;L241-;L242-;A243-;K417N;E484K;N501Y;D614G;A701V;L922F|""""",12,13,B.1.351(Beta),1,1,2021,1,3
EPI_ISL_8025557,"L5F;A27S;D80A;S151I;D215G;L241-;L242-;A243-;K417N;E484K;N501Y;D614G;A701V|""""",13,13,B.1.351(Beta),1,1,2021,1,4
EPI_ISL_16438054,"L18F;D80A;D215G;L241-;L242-;A243-;K417N;E484K;N501Y;D614G;A701V;G832V|""""",12,13,B.1.351(Beta),1,1,2021,1,4
EPI_ISL_17757960,"L54F;D80A;D215G;T240-;L241-;L242-;K417N;E484K;N501Y;D614G;A701V|""""",11,13,B.1.351(Beta),1,1,2021,1,4
EPI_ISL_17757961,"L18F;D80A;D215G;L241-;L242-;A243-;K417N;E484K;N501Y;D614G;A701V;E702Q|""""",12,13,B.1.351(Beta),1,1,2021,1,4
EPI_ISL_17757957,"D80A;D215G;L241-;L242-;A243-;K417N;E484K;N501Y;D614G;A701V;P809S|""""",11,13,B.1.351(Beta),2,2,2021,1,4
EPI_ISL_18336845,"D80A;D215G;K417N;E484K;N501Y;D614G;A701V|""""",7,13,B.1.351(Beta),51,5,2021,1,4
EPI_ISL_1490325,"L5F;L18F;D80A;D215G;L241-;L242-;A243-;K417N;E484K;N501Y;D614G;A701V|""""",12,13,B.1.351(Beta),110,3,2021,1,4
EPI_ISL_1762339,"L18F;D80A;D215G;L241-;L242-;A243-;K417N;E484K;N501Y;D614G;A701V;A1020S;G1219C|""""",13,13,B.1.351(Beta),25,6,2021,1,4
EPI_ISL_1818893,"D80A;D215G;L241-;L242-;A243-;K417N;E484K;N501Y;D614G;A701V;V1104L|""""",11,13,B.1.351(Beta),3,1,2021,1,4
EPI_ISL_896115,"D80A;D215G;L241-;L242-;A243-;K417N;D614G|""""",7,13,B.1.351(Beta),1,1,2021,1,4
EPI_ISL_14594755,"L18F;D80A;E484K;N501Y;D614G;A701V|""""",6,13,B.1.351(Beta),6,1,2021,1,5
EPI_ISL_940886,"D80A;N148T;D215G;L241-;L242-;A243-;V308L;K417N;E484K;N501Y;D614G;A701V;A879S|""""",13,13,B.1.351(Beta),1,1,2021,1,5
EPI_ISL_7337573,"D80A;D215G;L241-;L242-;A243-;K417N;E484K;N501Y;D614G;A701V;S813I;I1018L|""""",12,13,B.1.351(Beta),1,1,2021,1,5
EPI_ISL_860255,"D80A;D215G;L241-;L242-;A243-;P272L;K417N;E484K;N501Y;D614G;S698L;A701V|""""",12,13,B.1.351(Beta),1,1,2021,1,5
EPI_ISL_7337575,"P26S;D80A;D215G;L241-;L242-;A243-;S247I;K417N;E484K;N501Y;D614G;A701V;A1078S|""""",13,13,B.1.351(Beta),1,1,2021,1,5
EPI_ISL_17757970,"L18F;D80A;D215G;T240P;L241-;L242-;A243-;K417N;E484K;N501Y;D614G;A701V|""""",12,13,B.1.351(Beta),6,4,2021,1,6
EPI_ISL_1190813,"L18F;D80A;D215G;L241-;L242-;A243-;K417N;E484K;N501Y;Q613H;D614G;A701V|""""",12,13,B.1.351(Beta),2,1,2021,1,6
EPI_ISL_11246815,"L18F;D80A;D215G;L241-;L242-;A243-;K417N;E484K;N501Y;D614G;Q677H;A701V;S813N|""""",13,13,B.1.351(Beta),1,1,2021,1,6
EPI_ISL_3800653,"T22I;D80A;D215G;L241-;L242-;A243-;K417N;E484K;N501Y;D614G;V687I;A701V|""""",12,13,B.1.351(Beta),1,1,2021,1,6
EPI_ISL_17757969,"D80A;D215G;L241-;L242-;A243-;K417N;E484K;N501Y;D614G;A701V;C1247F|""""",11,13,B.1.351(Beta),16,5,2021,1,6
EPI_ISL_14091531,"D80A;D215G;L241-;L242-;A243-;K417N;E484K;N501Y;D614G;A701V;D1118H|""""",11,13,B.1.351(Beta),3,1,2021,1,7
EPI_ISL_18336843,"L18F;D80A;D215G;K417N;E484K;N501Y;D614G;A701V|""""",8,13,B.1.351(Beta),68,11,2021,1,7
EPI_ISL_825398,"L18F;D80A;D215G;L241-;L242-;A243-;E309G;K417N;E484K;N501Y;D614G;A701V|""""",12,13,B.1.351(Beta),1,1,2021,1,7
EPI_ISL_940852,"D80A;D215G;L241-;L242-;A243-;K417N;E484K;N501Y;D614G;A701V;G769V|""""",11,13,B.1.351(Beta),2,1,2021,1,7
EPI_ISL_1762360,"L18F;D80A;D215G;L241-;L242-;A243-;K417N;E484K;N501Y;D614G;A701V;A1020S;E1092K;G1219C|""""",14,13,B.1.351(Beta),1,1,2021,1,8
EPI_ISL_17757975,"D80A;D215G;T240P;L241-;L242-;A243-;K417N;E484K;N501Y;D614G;A701V;L1234F|""""",12,13,B.1.351(Beta),1,1,2021,1,8
EPI_ISL_14091525,"L18F;D80A;D138Y;D215G;L241-;L242-;A243-;K417N;E484K;N501Y;D614G;A701V|""""",12,13,B.1.351(Beta),7,1,2021,1,8
EPI_ISL_17757973,"L18F;D80A;D215G;T240-;L241-;L242-;K417N;E484K;N501Y;D614G;A701V|""""",11,13,B.1.351(Beta),6,1,2021,1,8
EPI_ISL_14594764,"D80A;K417N;E484K;N501Y;D614G;A701V|""""",6,13,B.1.351(Beta),10,2,2021,1,8
EPI_ISL_2493064,"L18F;D80A;D215G;L241-;L242-;A243-;K417N;E484K;N501Y;D614G;A701V;L822F|""""",12,13,B.1.351(Beta),6,2,2021,1,8
EPI_ISL_3334774,"L18F;D80A;D215G;L241-;L242-;A243-;K417N;E484K;N501Y;D614G;A701V;A899S|""""",12,13,B.1.351(Beta),434,10,2021,1,9
EPI_ISL_18796794,"L18F;D80A;D215G;L241-;L242-;A243-;K417N;E484K;N501Y;D614G;R682Q;A701V|""""",12,13,B.1.351(Beta),6,2,2021,1,10
EPI_ISL_11246731,"L5F;D80A;D215G;L241-;L242-;A243-;K417N;E484K;N501Y;D614G;A701V|""""",11,13,B.1.351(Beta),71,3,2021,1,11
EPI_ISL_1157150,"L18F;D80A;D215G;L241-;L242-;A243-;A262S;K417N;D614G;A701V|""""",10,13,B.1.351(Beta),1,1,2021,1,11
EPI_ISL_3800565,"L18F;D80A;D215G;L241-;L242-;A243-;K417N;E484K;N501Y;D614G;A653V;A701V|""""",12,13,B.1.351(Beta),2,1,2021,1,11
EPI_ISL_995881,"T19I;D80A;D215G;L241-;L242-;A243-;E484K;N501Y;D614G;A701V|""""",10,13,B.1.351(Beta),167,3,2021,1,11
EPI_ISL_18096724,"D80A;R246I;K417N;E484K;N501Y;D614G;A701V|""""",7,13,B.1.351(Beta),2,1,2021,1,12
EPI_ISL_17757985,"D80A;D215G;T240S;L241-;L242-;A243-;K417N;E484K;N501Y;D614G;A701V|""""",11,13,B.1.351(Beta),1,1,2021,1,12
EPI_ISL_17757984,"D80A;M177I;D215G;T240-;L241-;L242-;K417N;E484K;N501Y;D614G;A701V|""""",11,13,B.1.351(Beta),1,1,2021,1,12
EPI_ISL_1324128,"D80A;D215G;L241-;L242-;A243-;K417N;E484K;N501Y;V511L;D614G;A701V|""""",11,13,B.1.351(Beta),1,1,2021,1,12
EPI_ISL_1007655,"L18F;D80A;D215G;L242-;A243P;K417N;E484K;N501Y;D614G;A701V|""""",10,13,B.1.351(Beta),12,5,2021,1,13
EPI_ISL_1192040,"D80A;D215G;L241-;L242-;A243-;K417N;E484K;N501Y;D614G;A701V;R847I|""""",11,13,B.1.351(Beta),1,1,2021,1,13
EPI_ISL_2161160,"D80A;D215G;L242-;A243P;K417N;E484K;N501Y;D614G;A701V;V1104L|""""",10,13,B.1.351(Beta),1,1,2021,1,13
EPI_ISL_17757988,"L18F;D80A;D215G;T240-;L241-;L242-;K417N;E484K;N501Y;D614G;A701V;T719I|""""",12,13,B.1.351(Beta),1,1,2021,1,13
EPI_ISL_5142993,"D80A;D215G;L241-;L242-;A243-;S256L;K417N;E484K;N501Y;D614G;A701V|""""",11,13,B.1.351(Beta),2,1,2021,1,13
EPI_ISL_993820,"D80A;D215G;L241-;L242-;A243-;K417N;N450D;E484K;N501Y;D614G;A701V|""""",11,13,B.1.351(Beta),1,1,2021,1,13
EPI_ISL_18336850,"L18F;D80A;D215G;K417N;E484K;N501Y;D614G;A701V;D796N|""""",9,13,B.1.351(Beta),1,1,2021,1,13
EPI_ISL_1035228,"L18F;D80A;D215G;L241-;L242-;A243-;A262V;K417N;E484K;N501Y;D614G;A701V|""""",12,13,B.1.351(Beta),1,1,2021,1,13
EPI_ISL_17757989,"L18F;D80A;V143D;Y145-;D215G;L241-;L242-;A243-;K417N;E484K;N501Y;D614G;A701V|""""",13,13,B.1.351(Beta),1,1,2021,1,14
EPI_ISL_964941,"D80A;D215G;L241-;L242-;A243-;K417N;T478K;E484K;N501Y;D614G;A701V|""""",11,13,B.1.351(Beta),1,1,2021,1,14
EPI_ISL_1018086,"D80A;D215G;L241-;L242-;A243-;D614G;A701V;D1118H|""""",8,13,B.1.351(Beta),1,1,2021,1,14
EPI_ISL_964940,"L18F;D80A;I128V;D215G;L241-;L242-;A243-;K417N;E484K;N501Y;D614G;A701V|""""",12,13,B.1.351(Beta),1,1,2021,1,14
EPI_ISL_964921,"L18F;D80A;D215G;L241-;L242-;A243-;K417N;E484K;N501Y;D614G;A701V;P793L|""""",12,13,B.1.351(Beta),1,1,2021,1,14
EPI_ISL_1366795,"L18F;D80A;D215G;L241-;L242-;A243-;K417N;E484K;N501Y;D614G;A701V;G1171V|""""",12,13,B.1.351(Beta),23,1,2021,1,14
EPI_ISL_4169885,"L18F;D80A;D215G;L241-;L242-;A243-;K417N;E484K;N501Y;D614G;R682L;A701V|""""",12,13,B.1.351(Beta),2,1,2021,1,15
EPI_ISL_17757991,"L18F;D80A;D215G;L241-;L242-;A243-;K417N;E484K;N501Y;D614G;A701V;I850T|""""",12,13,B.1.351(Beta),1,1,2021,1,15
EPI_ISL_17757992,"L18F;D80A;D215G;L241-;L242-;A243-;K417N;E484K;N501Y;D614G;A701V;K1191N|""""",12,13,B.1.351(Beta),1,1,2021,1,15
EPI_ISL_905236,"D80A;D215G;L241-;L242-;A243-;K417N;E484K;N501Y;D614G;A701V;V1164F|""""",11,13,B.1.351(Beta),1,1,2021,1,15
EPI_ISL_964939,"L18F;D80A;D215G;L241-;L242-;A243-;K417N;E484K;N501Y;D614G;A701V;V1264L|""""",12,13,B.1.351(Beta),4,1,2021,1,15
EPI_ISL_18336852,"D80A;D215G;L241-;L242-;A243-;E484K;N501Y;D614G;A701V|""""",9,13,B.1.351(Beta),50,5,2021,1,15
EPI_ISL_1594098,"L18F;D80A;D215G;L241-;L242-;A243-;K417N;E484K;N501Y;D614G;A701V;V1065L|""""",12,13,B.1.351(Beta),12,1,2021,1,16
EPI_ISL_10514831,"D80A;D215G;L241-;L242-;A243-;K417N;E484K;N501Y;D614G;A701V;V1104L;D1146E|""""",12,13,B.1.351(Beta),2,2,2021,1,16
EPI_ISL_964936,"D80A;D215G;L241-;L242-;A243-;K417N;E484K;N501Y;D614G;A653V;A701V|""""",11,13,B.1.351(Beta),12,2,2021,1,16
EPI_ISL_940890,"L18F;D80A;D215G;L241-;L242-;A243-;K417N;E484K;N501Y;L517F;A522S;D614G;A701V|""""",13,13,B.1.351(Beta),1,1,2021,1,16
EPI_ISL_1178852,"L18F;D80A;D215G;L241-;L242-;A243-;K417N;E484K;N501Y;D614G;V622F;A701V|""""",12,13,B.1.351(Beta),2,1,2021,1,17
EPI_ISL_1007657,"D80A;D215G;L242-;A243P;K417N;E484K;N501Y;D614G;A701V|""""",9,13,B.1.351(Beta),9,1,2021,1,17
EPI_ISL_14091517,"D80A;L176F;D215G;L241-;L242-;A243-;K417N;E484K;N501Y;D614G;A701V|""""",11,13,B.1.351(Beta),3,1,2021,1,18
EPI_ISL_2362504,"D80A;L212S;D215G;L241-;L242-;A243-;K417N;E484K;N501Y;D614G;A701V|""""",11,13,B.1.351(Beta),4,2,2021,1,18
EPI_ISL_860109,"D80A;D215G;L241-;L242-;A243-;K417N;E484K;N501Y;N540D;D614G;A701V|""""",11,13,B.1.351(Beta),1,1,2021,1,19
EPI_ISL_12644832,"V16F;D80A;D215G;L241-;L242-;A243-;K417N;E484K;N501Y;D614G;A701V|""""",11,13,B.1.351(Beta),1,1,2021,1,19
EPI_ISL_1140882,"H69Y;D80A;D215G;L241-;L242-;A243-;K417N;E484K;N501Y;D614G;A701V|""""",11,13,B.1.351(Beta),14,3,2021,1,19
EPI_ISL_14091518,"D80A;D215G;L241-;L242-;A243-;K417N;E484K;N501Y;D614G;A701V;D936Y|""""",11,13,B.1.351(Beta),1,1,2021,1,19
EPI_ISL_1336579,"D80A;D215G;L241-;L242-;A243-;A262S;K417N;E484K;N501Y;D614G;A701V;A879S|""""",12,13,B.1.351(Beta),1,1,2021,1,20
EPI_ISL_15104759,"L18F;D80A;D215G;L241-;L242-;A243-;K417N;E484K;N501Y;D614G;I670V;A701V|""""",12,13,B.1.351(Beta),1,1,2021,1,20
EPI_ISL_18336860,"D215H;L241-;L242-;A243-;K417N;E484K;N501Y;D614G;A701V|""""",9,13,B.1.351(Beta),6,1,2021,1,20
EPI_ISL_8025552,"D80A;D215G;L241-;L242-;A243-;K417N;E484K;N501Y;D614G;A701V;H1058R|""""",11,13,B.1.351(Beta),1,1,2021,1,20
EPI_ISL_3148317,"D80A;D215G;L241-;L242-;A243-;K417N;E484K;N501Y;D614G;A701V;P1079S|""""",11,13,B.1.351(Beta),6,1,2021,1,20
EPI_ISL_18336861,"L18F;D80A;D215G;K417N;E484K;N501Y;D614G;A701V;A706V|""""",9,13,B.1.351(Beta),3,1,2021,1,21
EPI_ISL_11246736,"D80A;D215G;L241-;L242-;A243-;K417N;E484K;N501Y;D614G;A701V;T883S|""""",11,13,B.1.351(Beta),1,1,2021,1,21
EPI_ISL_939627,"D80A;K417N;E484K;N501Y;D614G;A653V;A701V|""""",7,13,B.1.351(Beta),1,1,2021,1,22
EPI_ISL_1383276,"L18F;D80A;D215G;L241-;L242-;A243-;V362F;K417N;E484K;N501Y;D614G;A701V;A899S|""""",13,13,B.1.351(Beta),1,1,2021,1,22
EPI_ISL_1673317,"L18F;D80A;D215G;L241-;L242-;A243-;K378N;K417N;E484K;N501Y;D614G;A701V|""""",12,13,B.1.351(Beta),1,1,2021,1,23
EPI_ISL_9910743,"H69Y;D80A;D215G;L241-;L242-;A243-;K417N;E484K;N501Y;D614G;A701V;L1063F|""""",12,13,B.1.351(Beta),1,1,2021,1,23
EPI_ISL_943561,"L18F;A67V;D80A;D215G;L241-;L242-;A243-;K417N;E484K;N501Y;D614G;A701V|""""",12,13,B.1.351(Beta),222,1,2021,1,24
EPI_ISL_11111482,"D80A;D215G;L241-;L242-;A243-;K417N;E484K;N501Y;D614G;A688V;A701V|""""",11,13,B.1.351(Beta),10,2,2021,1,25
EPI_ISL_943369,"D80A;D215G;L241-;L242-;A243-;K417N;E484K;N501Y;D614G;A701V;A1020V|""""",11,13,B.1.351(Beta),1,1,2021,1,25
EPI_ISL_1824605,"D80A;D215G;T240P;K417N;E484K;N501Y;D614G;A701V|""""",8,13,B.1.351(Beta),1,1,2021,1,25
EPI_ISL_1834082,"D80A;D215G;A243-;L244-;H245-;K417N;E484K;N501Y;D614G;A701V|""""",10,13,B.1.351(Beta),1,1,2021,1,25
EPI_ISL_1020479,"D80A;L241-;L242-;A243-;K417N;E484K;N501Y;D614G;A653V;A701V|""""",10,13,B.1.351(Beta),6,2,2021,1,26
EPI_ISL_1020475,"L18F;D80A;D215V;L241-;L242-;A243-;K417N;E484K;N501Y;D614G;A701V;G1124V|""""",12,13,B.1.351(Beta),1,1,2021,1,26
EPI_ISL_11246661,"D80A;D215G;L241-;L242-;A243-;K417N;E484K;N501Y;D614G;A701V;V1228L|""""",11,13,B.1.351(Beta),1,1,2021,1,26
EPI_ISL_10514829,"D80A;T124I;D215G;L241-;L242-;A243-;K417N;E484K;N501Y;D614G;A701V|""""",11,13,B.1.351(Beta),1,1,2021,1,26
EPI_ISL_1004174,"L18F;D80A;D215G;L241-;L242-;A243-;K417N;E484K;N501Y;A570S;D614G;A701V|""""",12,13,B.1.351(Beta),2,2,2021,1,27
EPI_ISL_2790549,"D80A;D215G;L241-;L242-;A243-;K417N;E484K;N501Y;E516Q;D614G;A701V|""""",11,13,B.1.351(Beta),71,1,2021,1,27
EPI_ISL_1142667,"D80A;L241-;L242-;A243-;K417N;E484K;N501Y;D614G;A701V|""""",9,13,B.1.351(Beta),69,2,2021,1,27
EPI_ISL_1011702,"T19I;D80A;D215G;L241-;L242-;A243-;K417N;E484K;N501Y;D614G;A701V|""""",11,13,B.1.351(Beta),55,6,2021,1,27
EPI_ISL_958838,"D80A;Y145-;D215G;L241-;L242-;A243-;K417N;E484K;N501Y;D614G;A701V|""""",11,13,B.1.351(Beta),5,1,2021,1,28
EPI_ISL_1117620,"D80A;L241-;L242-;A243-;K417N;N501Y;D614G|""""",7,13,B.1.351(Beta),7,1,2021,1,28
EPI_ISL_1082432,"D80A;D215G;L241-;L242-;A243-;K417N;N501Y;D614G;A653V;A701V|""""",10,13,B.1.351(Beta),1,1,2021,1,28
EPI_ISL_1082439,"L18F;D80A;L241-;L242-;A243-;K417N;N501Y;D614G;A701V|""""",9,13,B.1.351(Beta),2,1,2021,1,28
EPI_ISL_1117603,"D80A;L241-;L242-;A243-;K417N;N501Y;D614G;A701V|""""",8,13,B.1.351(Beta),41,3,2021,1,28
EPI_ISL_1193260,"D80A;D215G;L241-;L242-;A243-;V367F;K417N;E484K;N501Y;D614G;A701V|""""",11,13,B.1.351(Beta),1,1,2021,1,29
EPI_ISL_1073792,"D80A;L241-;L242-;A243-;K417N;D614G;A701V|""""",7,13,B.1.351(Beta),10,1,2021,1,29
EPI_ISL_1628753,"L18F;D80A;D215G;L241-;L242-;A243-;K417N;E484K;N501Y;D614G;A701V;I1232F|""""",12,13,B.1.351(Beta),25,1,2021,1,29
EPI_ISL_957505,"D80A;F157L;D215G;L241-;L242-;A243-;K417N;E484K;N501Y;D614G;A701V|""""",11,13,B.1.351(Beta),4,1,2021,1,29
EPI_ISL_15104762,"P9S;L18F;D80A;D215G;L241-;L242-;A243-;K417N;E484K;N501Y;D614G;A701V|""""",12,13,B.1.351(Beta),1,1,2021,1,30
EPI_ISL_984625,"L18F;D80A;D215G;L241-;L242-;A243-;K417N;E484K;N501Y;D614G;E619D;A701V|""""",12,13,B.1.351(Beta),25,3,2021,1,30
EPI_ISL_1012924,"D80A;D215G;L241-;L242-;A243-;K417N;E484K;N501Y;D614G;A701V;Q1201K|""""",11,13,B.1.351(Beta),1,1,2021,1,30
EPI_ISL_5142909,"H69Y;D80A;D215G;L241-;L242-;A243-;E484K;N501Y;D614G;A701V|""""",10,13,B.1.351(Beta),1,1,2021,1,30
EPI_ISL_935102,"D80A;D215G;L241-;L242-;A243-;K417N;N501Y;D614G;A701V|""""",9,13,B.1.351(Beta),17,1,2021,1,30
EPI_ISL_1164793,"L18F;D80A;D215G;L241-;L242-;A243-;T259S;K417N;E484K;N501Y;D614G;A701V;R1091L|""""",13,14,B.1.351(Beta),2,2,2021,2,1
EPI_ISL_1628762,"L18F;D80A;D215G;L241-;L242-;A243-;K417N;E484K;N501Y;D614G;A701V;K1073N|""""",12,14,B.1.351(Beta),8,6,2021,2,1
EPI_ISL_1146242,"L18F;D80A;D215G;L241-;L242-;A243-;K417N;E484K;N501Y;D614G;Q675H;A701V;L822F|""""",13,14,B.1.351(Beta),10,5,2021,2,1
EPI_ISL_1035232,"L18F;D80A;D215G;L241-;L242-;A243-;V289A;K417N;E484K;N501Y;D614G;A701V|""""",12,14,B.1.351(Beta),1,1,2021,2,1
EPI_ISL_15104761,"P26R;D80A;D215G;L241-;L242-;A243-;K417N;E484K;N501Y;D614G;A701V|""""",11,14,B.1.351(Beta),1,1,2021,2,1
EPI_ISL_1168137,"D80A;D215G;L241-;L242-;A243-;K417N;E484K;N501Y;D614G;A701V;A845S|""""",11,14,B.1.351(Beta),195,65,2021,2,1
EPI_ISL_1498425,"L18F;D80A;D215G;L241-;L242-;A243-;K417N;E484K;N501Y;D614G;A701V;D796H;A899S|""""",13,14,B.1.351(Beta),4,4,2021,2,1
EPI_ISL_1198209,"D80A;D215G;L241-;L242-;A243-;K417N;E484K;N501Y;D614G;A701V;D950H|""""",11,14,B.1.351(Beta),2,2,2021,2,1
EPI_ISL_1263540,"L18F;D80A;D215G;L241-;L242-;A243-;V308L;K417N;E484K;N501Y;D614G;A701V|""""",12,14,B.1.351(Beta),7,1,2021,2,1
EPI_ISL_1383858,"L18F;D80A;D215G;L241-;L242-;A243-;K417N;E484K;N501Y;D614G;A701V;A899S|""""",12,14,B.1.351(Beta),434,83,2021,2,1
EPI_ISL_11970954,"D80A;D215G;L241-;L242-;A243-;P384L;K417N;E484K;N501Y;D614G;A701V|""""",11,14,B.1.351(Beta),3,1,2021,2,1
EPI_ISL_1014283,"D80A;D215G;L241-;L242-;A243-;K417N;E484K;N501Y;D614G;A701V|""""",10,14,B.1.351(Beta),2847,654,2021,2,1
EPI_ISL_5142998,"L18F;D80A;D215G;L241-;L242-;A243-;K417N;E484K;N501Y;D614G;A701V|""""",11,14,B.1.351(Beta),2905,391,2021,2,1
EPI_ISL_1171514,"L18F;D80A;D215G;L241-;L242-;A243-;K417N;E484K;N501Y;D614G;E619D;A701V|""""",12,14,B.1.351(Beta),25,3,2021,2,2
EPI_ISL_15104764,"D80A;D215G;L241-;L242-;A243-;S255F;K417N;E484K;N501Y;D614G;A701V|""""",11,14,B.1.351(Beta),6,1,2021,2,2
EPI_ISL_1763932,"L18F;D80S;D215G;L241-;L242-;A243-;K417N;E484K;N501Y;D614G;A701V;A1020S;G1219C|""""",13,14,B.1.351(Beta),1,1,2021,2,2
EPI_ISL_1763896,"L18F;D80A;D215G;L241-;L242-;A243-;K417N;E484K;N501Y;D614G;A701V;A1020S;G1219C|""""",13,14,B.1.351(Beta),25,13,2021,2,2
EPI_ISL_1013794,"L18F;D80A;D215G;L241-;L242-;A243-;K417N;D614G;A701V|""""",9,14,B.1.351(Beta),9,2,2021,2,2
EPI_ISL_3800654,"D80A;Y145-;D215G;S221L;L241-;L242-;A243-;K417N;E484K;N501Y;D614G;A701V|""""",12,14,B.1.351(Beta),1,1,2021,2,2
EPI_ISL_1301899,"L18F;D80A;D215G;L241-;L242-;A243-;A262S;P272L;K417N;E484K;N501Y;D614G;A701V|""""",13,14,B.1.351(Beta),1,1,2021,2,2
EPI_ISL_2211514,"G75V;D80A;D215G;L241-;L242-;A243-;K417N;E484K;N501Y;D614G;A701V|""""",11,14,B.1.351(Beta),3,2,2021,2,2
EPI_ISL_1678639,"R78S;D80A;D215G;L241-;L242-;A243-;K417N;E484K;N501Y;D614G;A701V|""""",11,14,B.1.351(Beta),1,1,2021,2,3
EPI_ISL_2523886,"D80A;D215G;L241-;L242-;A243-;K417N;E471Q;E484K;N501Y;D614G;A701V|""""",11,14,B.1.351(Beta),1,1,2021,2,3
EPI_ISL_1020573,"D80A;D215G;L241-;L242-;A243-;K417N;E484K;N501Y;D614G;A701V;C1247F|""""",11,14,B.1.351(Beta),16,2,2021,2,3
EPI_ISL_2591496,"T19I;D80A;D215G;L241-;L242-;A243-;E484K;N501Y;D614G;A701V|""""",10,14,B.1.351(Beta),167,24,2021,2,3
EPI_ISL_1058493,"T19I;D80A;D215G;L241-;L242-;A243-;K417N;E484K;N501Y;D614G;A701V|""""",11,14,B.1.351(Beta),55,3,2021,2,3
EPI_ISL_981810,"L18F;D80A;D215G;K417N;E484K;N501Y;D614G;A701V|""""",8,14,B.1.351(Beta),68,7,2021,2,3
EPI_ISL_1015575,"D80A;D215G;L241-;L242-;A243-;E484K;N501Y;D614G;A701V|""""",9,14,B.1.351(Beta),50,11,2021,2,3
EPI_ISL_1311401,"D80A;D215G;L241-;L242-;A243-;K417N;E484K;N501Y;E516Q;D614G;A701V|""""",11,14,B.1.351(Beta),71,18,2021,2,3
EPI_ISL_6760905,"D80A;D215G;L241-;L242-;A243-;K417N;E484K;N501Y;D614G;A701V;A1087S|""""",11,14,B.1.351(Beta),1,1,2021,2,3
EPI_ISL_1013800,"S71F;D80A;D215G;L241-;L242-;A243-;K417N;E484K;N501Y;D614G;A701V|""""",11,14,B.1.351(Beta),4,1,2021,2,4
EPI_ISL_2211357,"D80A;D215G;K417N;E484K;N501Y;D614G;A701V|""""",7,14,B.1.351(Beta),51,4,2021,2,4
EPI_ISL_1440102,"D80A;D215G;L241-;L242-;A243-;K417N;D614G;A701V|""""",8,14,B.1.351(Beta),14,1,2021,2,4
EPI_ISL_3147778,"D80A;D215G;L241-;L242-;A243-;K417N;E484K;N501Y;D614G;A701V;P1079S|""""",11,14,B.1.351(Beta),6,2,2021,2,4
EPI_ISL_1364245,"D80A;D215G;L241-;L242-;A243-;K417N;E484K;N501Y;D614G;A701V;Q804P|""""",11,14,B.1.351(Beta),1,1,2021,2,5
EPI_ISL_1440106,"L18F;S151I;D215G;L241-;L242-;A243-;K417N;D614G;A701V|""""",9,14,B.1.351(Beta),1,1,2021,2,5
EPI_ISL_1016873,"D80A;D215G;L241-;L242-;A243-;K417N;E484K;N501Y;D614G;A701V;T874I|""""",11,14,B.1.351(Beta),2,2,2021,2,5
EPI_ISL_1278371,"D80A;L212S;D215G;L241-;L242-;A243-;K417N;E484K;N501Y;D614G;A701V|""""",11,14,B.1.351(Beta),4,1,2021,2,5
EPI_ISL_1628809,"L18F;D80A;D215G;L241-;L242-;A243-;K417N;E484K;N501Y;D614G;A701V;L822F|""""",12,14,B.1.351(Beta),6,1,2021,2,5
EPI_ISL_17757995,"D80A;D215G;L241-;L242-;A243-;K417N;E484K;N501Y;D614G;A701V;V1264L|""""",11,14,B.1.351(Beta),1,1,2021,2,5
EPI_ISL_10403358,"L18F;A67S;D80A;D215G;L241-;L242-;A243-;K417N;E484K;N501Y;D614G;A701V|""""",12,14,B.1.351(Beta),1,1,2021,2,5
EPI_ISL_6760973,"D80A;D215G;L241-;L242-;A243-;T307P;N317F;K417N;E484K;N501Y;D614G;A701V|""""",12,14,B.1.351(Beta),1,1,2021,2,5
EPI_ISL_1129522,"D80A;D215G;L241-;L242-;A243-;K417N;E484K;N501Y;D614G;S698L;A701V|""""",11,14,B.1.351(Beta),3,1,2021,2,6
EPI_ISL_1232907,"D80A;D215G;L241-;L242-;A243-;A262V;K417N;E484K;N501Y;D614G;A701V|""""",11,14,B.1.351(Beta),1,1,2021,2,6
EPI_ISL_1035097,"D80A;D215G;L241-;L242-;A243-;V267M;G268D;K417N;E484K;N501Y;D614G;A701V|""""",12,14,B.1.351(Beta),1,1,2021,2,6
EPI_ISL_1594075,"L18F;D80A;D215G;L241-;L242-;A243-;K417N;E484K;N501Y;D614G;A701V;V1065L|""""",12,14,B.1.351(Beta),12,8,2021,2,7
EPI_ISL_1130322,"D80A;D138Y;D215G;L241-;L242-;A243-;K417N;E484K;N501Y;D614G;A701V|""""",11,14,B.1.351(Beta),4,2,2021,2,7
EPI_ISL_981007,"L18F;L24S;D80A;D215G;L241-;L242-;A243-;K417N;E484K;N501Y;D614G;A701V|""""",12,14,B.1.351(Beta),3,1,2021,2,7
EPI_ISL_1716717,"D80A;D215G;L241-;L242-;A243-;K417N;E484K;N501Y;D614G;A701V;T747P|""""",11,14,B.1.351(Beta),1,1,2021,2,7
EPI_ISL_1097052,"D80A;L241-;L242-;A243-;N501Y;D614G|""""",6,14,B.1.351(Beta),1,1,2021,2,8
EPI_ISL_1095536,"D80A;L241-;L242-;A243-;K417N;N501Y;D614G|""""",7,14,B.1.351(Beta),7,5,2021,2,8
EPI_ISL_1097059,"L241-;L242-;A243-;K417N;N501Y;D614G;A701V|""""",7,14,B.1.351(Beta),44,11,2021,2,8
EPI_ISL_6595309,"D215G;L241-;L242-;A243-;K417N;E484K;N501Y;D614G;A701V;C1247F|""""",10,14,B.1.351(Beta),2,2,2021,2,8
EPI_ISL_1341024,"D80A;D215G;L241-;L242-;A243-;K417N;E484K;N501Y;D614G;T676I;A701V|""""",11,14,B.1.351(Beta),11,2,2021,2,8
EPI_ISL_17831947,"L18F;D80A;D215G;L241-;L242-;A243-;K417N;E484K;N501Y;D614G;R682L;A701V|""""",12,14,B.1.351(Beta),2,1,2021,2,8
EPI_ISL_1716712,"D80A;D178N;D215G;L241-;L242-;A243-;K417N;E484K;N501Y;D614G;A701V|""""",11,14,B.1.351(Beta),1,1,2021,2,8
EPI_ISL_1176677,"L18F;D80A;D215G;L241-;L242-;A243-;P384L;K417N;E484K;N501Y;D614G;A701V|""""",12,14,B.1.351(Beta),195,3,2021,2,8
EPI_ISL_1659957,"P25L;D80A;D215G;L241-;L242-;A243-;K417N;E484K;N501Y;D614G;A701V|""""",11,14,B.1.351(Beta),15,1,2021,2,8
EPI_ISL_2921198,"L18F;D80A;S98F;D215G;L241-;L242-;A243-;K417N;E484K;N501Y;D614G;A701V|""""",12,14,B.1.351(Beta),11,3,2021,2,8
EPI_ISL_1063970,"D80A;L241-;L242-;A243-;K417N;E484K;N501Y;D614G;A653V;A701V|""""",10,14,B.1.351(Beta),6,3,2021,2,8
EPI_ISL_1097115,"D80A;L241-;L242-;A243-;K417N;N501Y;D614G;A701V|""""",8,14,B.1.351(Beta),41,36,2021,2,8
EPI_ISL_1097114,"D80A;L241-;L242-;A243-;K417N;D614G|""""",6,14,B.1.351(Beta),1,1,2021,2,8
EPI_ISL_1097040,"D80A;Y145-;L241-;L242-;A243-;K417N;N501Y;D614G;T716I;D1118H|""""",10,14,B.1.351(Beta),1,1,2021,2,8
EPI_ISL_5142917,"D80A;D215G;L241-;L242-;A243-;K417N;N501Y;D614G;A701V|""""",9,14,B.1.351(Beta),17,6,2021,2,8
EPI_ISL_1095588,"D80A;L241-;L242-;A243-;K417N;D614G;A701V|""""",7,14,B.1.351(Beta),10,7,2021,2,8
EPI_ISL_1095589,"D80A;L241-;L242-;A243-;N501Y;D614G;A701V|""""",7,14,B.1.351(Beta),7,5,2021,2,8
EPI_ISL_1097120,"L241-;L242-;A243-;N501Y;D614G;A701V|""""",6,14,B.1.351(Beta),8,2,2021,2,8
EPI_ISL_1073771,"D80A;L241-;L242-;A243-;K417N;E484K;N501Y;D614G;A701V|""""",9,14,B.1.351(Beta),69,19,2021,2,8
EPI_ISL_1109555,"L18F;D80A;D215G;L241-;L242-;A243-;V382L;K417N;E484K;N501Y;D614G;A701V|""""",12,14,B.1.351(Beta),3,2,2021,2,9
EPI_ISL_1197585,"D215G;L241-;L242-;A243-;K417N;E484K;N501Y;D614G|""""",8,14,B.1.351(Beta),2,1,2021,2,9
EPI_ISL_1364224,"D80A;D215G;L241-;L242-;A243-;K417N;E484K;N501Y;D614G;Q675H;A701V|""""",11,14,B.1.351(Beta),14,5,2021,2,9
EPI_ISL_1089620,"D80A;D215G;L241-;L242-;A243-;R273K;K417N;E484K;N501Y;D614G;A701V;A871V|""""",12,14,B.1.351(Beta),1,1,2021,2,9
EPI_ISL_17831952,"L18F;D80A;D215G;L241-;L242-;A243-;K417N;E484K;N501Y;D614G;Q675-;T676-;Q677-;T678-;A701V|""""",15,14,B.1.351(Beta),2,2,2021,2,9
EPI_ISL_1089625,"L18F;D80A;D215G;L241-;L242-;A243-;K417N;E484K;N501Y;A520V;D614G;A701V|""""",12,14,B.1.351(Beta),1,1,2021,2,9
EPI_ISL_1280182,"H69Y;D80A;D215G;L241-;L242-;A243-;K417N;E484K;N501Y;D614G;A701V|""""",11,14,B.1.351(Beta),14,2,2021,2,9
EPI_ISL_2196907,"D80A;D215G;L241-;L242-;A243-;K417N;E484K;N501Y;D614G;A701V;S940F|""""",11,14,B.1.351(Beta),1,1,2021,2,9
EPI_ISL_3540135,"L18F;D80A;A93S;D215G;L241-;L242-;A243-;K417N;E484K;N501Y;D614G;A701V|""""",12,14,B.1.351(Beta),2,2,2021,2,9
EPI_ISL_1089622,"D80A;D215G;L241-;L242-;A243-;Y265C;K417N;E484K;N501Y;D614G;A701V|""""",11,14,B.1.351(Beta),1,1,2021,2,9
EPI_ISL_1168769,"D80A;D215G;L241-;L242-;A243-;K417N;E484K;N501Y;D614G|""""",9,14,B.1.351(Beta),10,2,2021,2,9
EPI_ISL_1118255,"L18F;D80A;D215G;L241-;L242-;A243-;K417N;E484K;N501Y;D614G;A701V;A1020S|""""",12,14,B.1.351(Beta),7,1,2021,2,10
EPI_ISL_1403610,"D80A;D215G;L241-;L242-;A243-;K417N;E484K;D614G;A701V|""""",9,14,B.1.351(Beta),5,1,2021,2,10
EPI_ISL_1389385,"L18F;D80A;D215G;L241-;L242-;A243-;K417N;E484K;N501Y;D614G;A701V;T723P|""""",12,14,B.1.351(Beta),1,1,2021,2,10
EPI_ISL_1089811,"L18F;D80A;D215G;L241-;L242-;A243-;K417N;R457S;E484K;N501Y;D614G;A701V|""""",12,14,B.1.351(Beta),1,1,2021,2,10
EPI_ISL_10116525,"D80A;D215G;L241-;L242-;A243-;K417N;L452R;T478K;D614G;A701V|""""",10,14,B.1.351(Beta),3,1,2021,2,10
EPI_ISL_1364170,"D80A;P209H;D215G;L241-;L242-;A243-;K417N;E484K;N501Y;D614G;A701V|""""",11,14,B.1.351(Beta),1,1,2021,2,11
EPI_ISL_1096040,"D80A;L241-;L242-;A243-;D614G;A701V|""""",6,14,B.1.351(Beta),2,1,2021,2,11
EPI_ISL_1760125,"D80A;L241-;L242-;A243-;K417N;E484K;N501Y;D614G;A701V;A879S|""""",10,14,B.1.351(Beta),2,1,2021,2,11
EPI_ISL_1096102,"L241-;L242-;A243-;K417N;D614G;A701V|""""",6,14,B.1.351(Beta),15,1,2021,2,11
EPI_ISL_1292828,"L18F;D80A;D215G;L241-;L242-;A243-;E484K;N501Y;D614G;A701V|""""",10,14,B.1.351(Beta),20,1,2021,2,11
EPI_ISL_1049261,"D80A;L241-;L242-;A243-;K417N;E484K;N501Y;D614G;Q677H;A701V|""""",10,14,B.1.351(Beta),2,2,2021,2,11
EPI_ISL_2738659,"D80A;D215G;L241-;L242-;A243-;K417N;E484K;N501Y;D614G;A701V;M1229I|""""",11,14,B.1.351(Beta),2,1,2021,2,11
EPI_ISL_1196431,"L18F;D80A;D215G;L241-;L242-;A243-;K417N;E484K;N501Y;D614G;A701V;T778A|""""",12,14,B.1.351(Beta),1,1,2021,2,11
EPI_ISL_5142920,"L18F;D80A;D215G;L241-;L242-;A243-;K417N;N501Y;D614G;A701V|""""",10,14,B.1.351(Beta),12,1,2021,2,11
EPI_ISL_1216338,"D80A;D215G;L241-;L242-;A243-;K417N;E484K;N501Y;D614G;A701V;A871V|""""",11,14,B.1.351(Beta),3,3,2021,2,12
EPI_ISL_1119408,"D80A;D215G;L241-;L242-;A243-;P272L;K417N;E484K;N501Y;D614G;A701V|""""",11,14,B.1.351(Beta),3,2,2021,2,12
EPI_ISL_1110969,"D80A;D215G;L241-;L242-;A243-;K417N;E484K;N501Y;D614G;A701V;P812S|""""",11,14,B.1.351(Beta),2,1,2021,2,12
EPI_ISL_1059031,"L216F;L241-;L242-;A243-;N501Y;D614G;A701V|""""",7,14,B.1.351(Beta),1,1,2021,2,12
EPI_ISL_1116458,"D80A;D215G;L241-;L242-;A243-;I285M;V320L;K417N;E484K;N501Y;D614G;A701V|""""",12,14,B.1.351(Beta),1,1,2021,2,12
EPI_ISL_2208883,"D80A;D215G;E484K;N501Y;D614G;A701V|""""",6,14,B.1.351(Beta),4,1,2021,2,12
EPI_ISL_1262058,"D80A;D215G;Y265C;K417N;E484K;N501Y;D614G;A701V;L822F|""""",9,14,B.1.351(Beta),1,1,2021,2,13
EPI_ISL_1210352,"D80A;D215G;L241-;L242-;A243-;T323I;K417N;E484K;N501Y;D614G;A701V|""""",11,14,B.1.351(Beta),2,2,2021,2,13
EPI_ISL_2803356,"D80A;D215G;L241-;L242-;A243-;K417N;E484K;N501Y;D614G;A701V;M731I|""""",11,14,B.1.351(Beta),2,1,2021,2,13
EPI_ISL_1084982,"L18F;D80A;D215G;K417N;E484K;N501Y;D614G;A701V;G1219C|""""",9,14,B.1.351(Beta),1,1,2021,2,13
EPI_ISL_1089814,"L18F;D80A;D215G;L241-;L242-;A243-;C291Y;K417N;E484K;N501Y;D614G;A701V|""""",12,14,B.1.351(Beta),1,1,2021,2,14
EPI_ISL_1198808,"A27S;D80A;D215G;L241-;L242-;A243-;K417N;E484K;N501Y;D614G;A701V|""""",11,14,B.1.351(Beta),401,5,2021,2,14
EPI_ISL_1097839,"D80A;D215G;L241-;L242-;A243-;K417N;E484K;N501Y;D614G;A701V;P1162L|""""",11,14,B.1.351(Beta),6,1,2021,2,15
EPI_ISL_1790125,"D80A;D215G;L241-;L242-;A243-;K417N;E484K;N501Y;D614G;H655R;A701V|""""",11,14,B.1.351(Beta),1,1,2021,2,15
EPI_ISL_18096728,"L18F;D80A;D215G;K417N;E484K;N501Y;D614G;A701V;A1020S|""""",9,14,B.1.351(Beta),1,1,2021,2,15
EPI_ISL_16064213,"D80A;D215G;L241-;L242-;A243-;K417N;E484K;N501Y;L513I;D614G;A701V|""""",11,14,B.1.351(Beta),1,1,2021,2,15
EPI_ISL_1210353,"D80A;D215G;L241-;L242-;A243-;T323I;K417N;E484K;N501Y;D614G;A701V;A871V|""""",12,14,B.1.351(Beta),1,1,2021,2,15
EPI_ISL_2208923,"D80A;D215G;L241-;L242-;A243-;A262S;K417N;E484K;N501Y;D614G;A701V|""""",11,14,B.1.351(Beta),2,2,2021,2,15
EPI_ISL_1164473,"L18F;P26H;D80A;D215G;L241-;L242-;A243-;K417N;E484K;N501Y;D614G;A701V|""""",12,14,B.1.351(Beta),1,1,2021,2,15
EPI_ISL_1301901,"L18F;D80A;D215G;L241-;L242-;A243-;K417N;E484K;N501Y;D614G;A701V;T716I|""""",12,14,B.1.351(Beta),6,1,2021,2,15
EPI_ISL_1164474,"D80A;D215G;L241-;L242-;A243-;K417N;E484K;N501Y;D614G;A653V;A701V|""""",11,14,B.1.351(Beta),12,5,2021,2,15
EPI_ISL_1191221,"L18F;D80A;D215G;L241-;L242-;A243-;P384L;K417N;E484K;N501Y;D614G;Q677H;A701V|""""",13,14,B.1.351(Beta),29,6,2021,2,15
EPI_ISL_1617915,"D80A;D215G;L241-;L242-;A243-;K417N;E484K;N501Y;D614G;H655Y;A701V|""""",11,14,B.1.351(Beta),3,1,2021,2,16
EPI_ISL_1570431,"H49Y;D80A;D215G;L241-;L242-;A243-;K417N;E484K;N501Y;D614G;A701V|""""",11,14,B.1.351(Beta),12,4,2021,2,16
EPI_ISL_1600147,"D80A;D215G;L241-;L242-;A243-;K417N;E484K;N501Y;D614G;A701V;A845S;G1124V|""""",12,14,B.1.351(Beta),7,7,2021,2,16
EPI_ISL_1617771,"D80A;F186S;D215G;L241-;L242-;A243-;K417N;E484K;N501Y;D614G;A701V|""""",11,14,B.1.351(Beta),36,2,2021,2,16
EPI_ISL_1371004,"D80A;D215G;L241-;L242-;A243-;K417N;E484K;N501Y;D614G;A701V;S939F;K1191N|""""",12,14,B.1.351(Beta),1,1,2021,2,16
EPI_ISL_1617918,"D80A;D215G;L226F;L241-;L242-;A243-;K417N;E484K;N501Y;D614G;Q675H;A701V|""""",12,14,B.1.351(Beta),1,1,2021,2,16
EPI_ISL_1292777,"L18F;D80A;D215G;L241-;L242-;A243-;K417N;E484K;N501Y;T572I;D614G;A701V|""""",12,14,B.1.351(Beta),17,6,2021,2,16
EPI_ISL_1673329,"L18F;D80A;D215G;S221L;L241-;L242-;A243-;K417N;E484K;N501Y;D614G;A701V|""""",12,14,B.1.351(Beta),2,1,2021,2,17
EPI_ISL_1673292,"L18F;A67V;D80A;D215G;L241-;L242-;A243-;K417N;E484K;N501Y;D614G;A701V|""""",12,14,B.1.351(Beta),222,1,2021,2,17
EPI_ISL_1666860,"L18F;P39L;D80A;D215G;L241-;L242-;A243-;K417N;E484K;N501Y;D614G;A701V|""""",12,14,B.1.351(Beta),1,1,2021,2,17
EPI_ISL_1599180,"L18F;D80A;T95I;D215G;L241-;L242-;A243-;K417N;E484K;N501Y;D614G;A701V|""""",12,14,B.1.351(Beta),2,1,2021,2,18
EPI_ISL_6768069,"D80A;D215G;S325P;I326K;V327A;E484K;N501Y;D614G;A701V|""""",9,14,B.1.351(Beta),1,1,2021,2,18
EPI_ISL_17531730,"D80A;D215G;L241-;L242-;A243-;D614G;A701V|""""",7,14,B.1.351(Beta),1,1,2021,2,18
EPI_ISL_10113819,"D80A;D215G;L241-;L242-;A243-;K417N;E484K;N501Y;D614G;R634E;Y636N;N641C;V642F;A701V;L861F|""""",15,14,B.1.351(Beta),1,1,2021,2,18
EPI_ISL_1155329,"L18F;D80A;D215G;L241-;L242-;A243-;G339S;K417N;E484K;N501Y;D614G;A701V;G946E|""""",13,14,B.1.351(Beta),1,1,2021,2,18
EPI_ISL_1617795,"D80A;L141-;G142-;V143-;Y144-;D215G;L241-;L242-;A243-;K417N;E484K;N501Y;D614G;A701V|""""",14,14,B.1.351(Beta),1,1,2021,2,18
EPI_ISL_1842103,"T19I;D80A;D215G;L241-;L242-;A243-;E484K;N501Y;Q613H;D614G;A701V|""""",11,14,B.1.351(Beta),3,3,2021,2,19
EPI_ISL_1501061,"S50L;D80A;D215G;L241-;L242-;A243-;K417N;E484K;N501Y;D614G;A701V|""""",11,14,B.1.351(Beta),1,1,2021,2,19
EPI_ISL_2002687,"L18F;D80A;D215G;L241-;L242-;A243-;P272S;K417N;E484K;N501Y;D614G;A701V|""""",12,14,B.1.351(Beta),1,1,2021,2,19
EPI_ISL_1183612,"L18F;D80A;L241-;L242-;A243-;K417N;E484K;N501Y;D614G;A701V|""""",10,14,B.1.351(Beta),38,5,2021,2,19
EPI_ISL_1165827,"L18F;D80A;D215G;L241-;L242-;A243-;E406Q;K417N;E484K;N501Y;D614G;A701V|""""",12,14,B.1.351(Beta),3,2,2021,2,19
EPI_ISL_2410268,"L5F;D80A;D215G;L241-;L242-;A243-;K417N;E484K;N501Y;D614G;A701V|""""",11,14,B.1.351(Beta),71,5,2021,2,19
EPI_ISL_1155671,"L18F;H69-;V70-;Y145-;D215G;L241-;L242-;A243-;K417N;N501Y;D614G;P681H;T716I;D1118H|""""",14,14,B.1.351(Beta),1,1,2021,2,19
EPI_ISL_1317631,"L18F;D80A;D215G;L241-;L242-;A243-;K417N;E484K;N501Y;D614G;A701V;Y837H|""""",12,14,B.1.351(Beta),1,1,2021,2,19
EPI_ISL_2211397,"L5F;D80A;D215G;K417N;E484K;N501Y;D614G;A701V|""""",8,14,B.1.351(Beta),3,1,2021,2,19
EPI_ISL_1311377,"D80A;D215G;L241-;L242-;A243-;S254F;K417N;E484K;N501Y;D614G;A701V;S939F|""""",12,14,B.1.351(Beta),14,3,2021,2,19
EPI_ISL_1841963,"T19I;D80A;D215G;L241-;L242-;A243-;E484K;N501Y;D614G;A701V;I896L|""""",11,14,B.1.351(Beta),61,2,2021,2,20
EPI_ISL_1109995,"F2L;L18F;D80A;D215G;L241-;L242-;A243-;K417N;E484K;N501Y;D614G;A701V|""""",12,14,B.1.351(Beta),1,1,2021,2,20
EPI_ISL_1629156,"L18F;D80A;D215G;L241-;L242-;A243-;K417N;E484K;N501Y;D614G;A701V;L849F|""""",12,14,B.1.351(Beta),1,1,2021,2,20
EPI_ISL_1298450,"L18F;D80A;K417N;E484K;N501Y;D614G;A701V|""""",7,14,B.1.351(Beta),2,1,2021,2,20
EPI_ISL_1666863,"L18F;P39L;D80A;D215G;L241-;L242-;A243-;K417N;E484K;N501Y;D614G;H655Y;A701V|""""",13,14,B.1.351(Beta),5,3,2021,2,20
EPI_ISL_2083367,"L18F;D80A;R214H;D215G;L241-;L242-;A243-;K417N;E484K;N501Y;D614G;A701V;A1020S;G1219C|""""",14,14,B.1.351(Beta),3,2,2021,2,21
EPI_ISL_1232666,"D80A;D215G;L241-;L242-;A243-;K417N;E484K;N501Y;D614G;H625Y;A701V;S884F|""""",12,14,B.1.351(Beta),1,1,2021,2,22
EPI_ISL_2210524,"D80A;D215G;L241-;L242-;A243-;V289L;K417N;E484K;N501Y;D614G;A701V|""""",11,14,B.1.351(Beta),1,1,2021,2,22
EPI_ISL_1232494,"D80A;D215G;L241-;L242-;A243-;K417N;E484K;N501Y;D614G;A701V;C1241F|""""",11,14,B.1.351(Beta),2,1,2021,2,22
EPI_ISL_1110017,"L18F;D80A;D215G;L241-;L242-;A243-;K417N;E484K;N501Y;D614G;A701V;T732I|""""",12,14,B.1.351(Beta),1,1,2021,2,22
EPI_ISL_1989445,"L18F;P26L;D80A;S98F;D215G;L241-;L242-;A243-;K417N;E484K;N501Y;D614G;A701V|""""",13,14,B.1.351(Beta),51,1,2021,2,22
EPI_ISL_1312007,"V11A;L18F;D80A;D215G;L241-;L242-;A243-;K417N;E484K;N501Y;D614G;A701V|""""",12,14,B.1.351(Beta),4,2,2021,2,22
EPI_ISL_1241972,"L18F;D80A;D215G;L241-;L242-;A243-;K417N;E484K;N501Y;D614G;P681S;A701V|""""",12,14,B.1.351(Beta),1,1,2021,2,22
EPI_ISL_1214026,"D80A;K417N;E484K;N501Y;D614G;A701V|""""",6,14,B.1.351(Beta),10,1,2021,2,23
EPI_ISL_1163689,"L18F;D80A;D215G;L241-;L242-;A243-;K417N;E484K;N501Y;D614G;A701V;S943P|""""",12,14,B.1.351(Beta),1,1,2021,2,23
EPI_ISL_1369279,"D80A;D215G;K417N;N501Y;D614G;A701V|""""",6,14,B.1.351(Beta),3,1,2021,2,23
EPI_ISL_1312232,"L18F;D80A;D215G;L241-;L242-;A243-;A352S;K417N;E484K;N501Y;D614G;A701V|""""",12,14,B.1.351(Beta),1,1,2021,2,23
EPI_ISL_3143042,"D80A;D215G;L241-;L242-;A243-;K417N;E484K;N501Y;D614G;A701V;K1245N|""""",11,14,B.1.351(Beta),2,1,2021,2,23
EPI_ISL_4080648,"D80A;D215G;L241-;L242-;A243-;K417N;E484K;N501Y;D614G;A701V;S929-;A930-;I931-;G932-;K933-;I934-;Q935-;D936-;S937-;L938-;S939-;S940-;T941-;A942-;S943-;A944-;L945-;G946-;K947-;L948I|""""",30,14,B.1.351(Beta),1,1,2021,2,23
EPI_ISL_2212258,"D80A;D215G;L241-;L242-;A243-;A262S;P272L;K417N;E484K;N501Y;D614G;A701V;A845S|""""",13,14,B.1.351(Beta),1,1,2021,2,23
EPI_ISL_2212659,"D80A;D215G;L241-;L242-;A243-;K417N;E484K;N501Y;D614G;A701V;Q787K|""""",11,14,B.1.351(Beta),1,1,2021,2,23
EPI_ISL_9139219,"D80A;D215G;L241-;L242-;A243-;K417N;E484K;N501Y;D614G;A701V;A879S|""""",11,14,B.1.351(Beta),28,5,2021,2,23
EPI_ISL_1323580,"L18F;D80A;D215G;L241-;L242-;A243-;K417N;E484K;N501Y;D614G;A701V;I934L|""""",12,14,B.1.351(Beta),6,2,2021,2,23
EPI_ISL_1490596,"L5F;L18F;D80A;D215G;L241-;L242-;A243-;K417N;E484K;N501Y;D614G;A701V|""""",12,14,B.1.351(Beta),110,15,2021,2,23
EPI_ISL_1337216,"L18F;D80A;D215G;L241-;L242-;A243-;K417N;E484K;N501Y;D614G;V622F;A701V|""""",12,14,B.1.351(Beta),2,1,2021,2,23
EPI_ISL_2362491,"L18F;D80A;D215G;L241-;L242-;A243-;A348S;K417N;E484K;N501Y;D614G;A701V|""""",12,14,B.1.351(Beta),1,1,2021,2,24
EPI_ISL_2217548,"D80A;D215G;L242-;A243P;K417N;E484K;N501Y;D614G;A701V|""""",9,14,B.1.351(Beta),9,2,2021,2,24
EPI_ISL_1211645,"L5F;L54F;D80A;L241-;L242-;A243-;K417N;E484K;N501Y;D614G;A701V|""""",11,14,B.1.351(Beta),3,3,2021,2,24
EPI_ISL_1317640,"L18F;D80A;D215G;L241-;L242-;A243-;K417N;E484K;N501Y;D614G;A701V;P1112S|""""",12,14,B.1.351(Beta),1,1,2021,2,24
EPI_ISL_1225785,D80A;D215G;K417N;E484K;N501Y;D614G;A653V;A701V|241HL242,8,14,B.1.351(Beta),1,1,2021,2,24
EPI_ISL_1383689,"L18F;T73A;D80A;D215G;L241-;L242-;A243-;K417N;E484K;N501Y;D614G;A701V|""""",12,14,B.1.351(Beta),7,3,2021,2,25
EPI_ISL_1232795,"D80A;D215G;L241-;L242-;A243-;K417N;E484K;N501Y;D614G;A701V;S939F|""""",11,14,B.1.351(Beta),10,2,2021,2,25
EPI_ISL_1832475,"D80A;D215G;L241-;L242-;A243-;K417N;E484K;N501Y;D614G;A701V;P793L|""""",11,14,B.1.351(Beta),5,2,2021,2,25
EPI_ISL_1716721,"L18F;D80A;D215G;L241-;L242-;A243-;K417N;E484K;N501Y;D614G;S689I;A701V|""""",12,14,B.1.351(Beta),10,1,2021,2,25
EPI_ISL_1301923,"L18F;D80A;L176F;D215G;L242-;A243P;K417N;E484K;N501Y;A522S;D614G;A701V|""""",12,14,B.1.351(Beta),1,1,2021,2,25
EPI_ISL_1301917,"L18F;D80A;L176F;D215G;L241-;L242-;A243-;K417N;E484K;N501Y;A522S;D614G;A701V|""""",13,14,B.1.351(Beta),1,1,2021,2,25
EPI_ISL_1225799,"L5F;D80A;L241-;L242-;A243-;K417N;E484K;N501Y;D614G;A701V|""""",10,14,B.1.351(Beta),2,1,2021,2,25
EPI_ISL_2524521,"L18F;P39L;S50L;D80A;M153I;D215G;L241-;L242-;A243-;K417N;E484K;N501Y;D614G;A701V|""""",14,14,B.1.351(Beta),5,1,2021,2,26
EPI_ISL_1263295,"L5F;L18F;L54F;D80A;L241-;L242-;A243-;K417N;E484K;N501Y;D614G;A701V|""""",12,14,B.1.351(Beta),2,2,2021,2,26
EPI_ISL_1281142,"D80A;V143D;Y145-;W152L;D215G;L241-;L242-;A243-;K417N;E484K;N501Y;D614G;A701V;G1167R|""""",14,14,B.1.351(Beta),2,1,2021,2,26
EPI_ISL_1260824,"D80A;L176F;D215G;L241-;L242-;A243-;K417N;E484K;N501Y;D614G;A701V|""""",11,14,B.1.351(Beta),3,1,2021,2,26
EPI_ISL_2362494,"L18F;G75V;D80A;D215G;L241-;L242-;A243-;K417N;E484K;N501Y;D614G;A701V|""""",12,14,B.1.351(Beta),7,1,2021,2,26
EPI_ISL_18096729,"L18F;D80V;D215G;L241-;L242-;A243-;K417N;E484K;N501Y;E583Q;D614G;A701V|""""",12,14,B.1.351(Beta),1,1,2021,2,27
EPI_ISL_17532444,"R21T;D80A;D215G;L241-;L242-;A243-;K417N;E484K;N501Y;D614G;A701V;A831V;V1104L|""""",13,14,B.1.351(Beta),3,1,2021,2,27
EPI_ISL_1215118,"D80A;Y145-;W152L;D215G;L241-;L242-;A243-;K417N;E484K;N501Y;D614G;A701V;G1167R|""""",13,14,B.1.351(Beta),13,1,2021,2,27
EPI_ISL_1289198,"D80A;D215G;L241-;L242-;A243-;K417N;L425V;E484K;N501Y;D614G;A701V|""""",11,14,B.1.351(Beta),2,2,2021,2,28
EPI_ISL_2083202,"L18F;D80A;D215G;L241-;L242-;A243-;K417N;E484K;N501Y;D614G;A701V;A1020S;D1118H;G1219C|""""",14,14,B.1.351(Beta),1,1,2021,2,28
EPI_ISL_1579143,"L18F;D80A;D215G;L241-;L242-;A243-;K417N;L455F;E484K;N501Y;D614G;A701V|""""",12,14,B.1.351(Beta),5,1,2021,2,28
EPI_ISL_1228755,"L18F;D80A;D215G;L241-;L242-;A243-;K417N;E484K;N501Y;D614G;A701V;G1219C|""""",12,14,B.1.351(Beta),1,1,2021,2,28
EPI_ISL_1289191,"D80A;D215G;A243T;V289A;K417N;E484K;N501Y;D614G;A701V|""""",9,15,B.1.351(Beta),1,1,2021,3,1
EPI_ISL_1533638,"L5F;L18F;L54F;D80A;D215G;L241-;L242-;A243-;K417N;E484K;N501Y;D614G;A701V|""""",13,15,B.1.351(Beta),1,1,2021,3,1
EPI_ISL_1265658,"L18F;D80A;L176F;D215G;L241-;L242-;A243-;K417N;E484K;N501Y;D614G;A701V|""""",12,15,B.1.351(Beta),17,5,2021,3,1
EPI_ISL_1383714,"L18F;K41E;D80A;D215G;L241-;L242-;A243-;K417N;E484K;N501Y;D614G;A701V;A892V;A899S|""""",14,15,B.1.351(Beta),4,2,2021,3,1
EPI_ISL_1495941,"L18F;D80A;D215G;L241-;L242-;A243-;K417N;N501Y;D614G;A701V;T716I|""""",11,15,B.1.351(Beta),1,1,2021,3,1
EPI_ISL_1317621,"L5F;L18F;D80A;D215G;L241-;L242-;A243-;K417N;E484K;N501Y;D614G;A701V|""""",12,15,B.1.351(Beta),110,62,2021,3,1
EPI_ISL_1939845,"D80A;D215G;K417N;E484K;N501Y;D614G;A701V|""""",7,15,B.1.351(Beta),51,10,2021,3,1
EPI_ISL_3148326,"L18F;D80A;D215G;L241-;L242-;A243-;K417N;E484K;N501Y;D614G;E619D;A701V|""""",12,15,B.1.351(Beta),25,13,2021,3,1
EPI_ISL_1533640,"D80A;D215G;L241-;L242-;A243-;K417N;E484K;N501Y;D614G;A653V;A701V|""""",11,15,B.1.351(Beta),12,4,2021,3,1
EPI_ISL_1289251,"D80A;D215G;L241-;L242-;A243-;A262V;K417N;E484K;N501Y;E516Q;D614G;A701V|""""",12,15,B.1.351(Beta),1,1,2021,3,1
EPI_ISL_18016434,"L18F;D80A;D215G;K417N;E484K;N501Y;D614G;A701V|""""",8,15,B.1.351(Beta),68,9,2021,3,1
EPI_ISL_1289246,"D80A;D215G;L241-;L242-;A243-;K417N;E484K;N501Y;E516Q;D614G;A701V|""""",11,15,B.1.351(Beta),71,40,2021,3,1
EPI_ISL_1498776,"L18F;D80A;D215G;L241-;L242-;A243-;S255F;K417N;E484K;N501Y;D614G;A701V;A899S|""""",13,15,B.1.351(Beta),1,1,2021,3,1
EPI_ISL_1256464,"L18F;D80A;D215G;L241-;L242-;A243-;K417N;G476S;E484K;N501Y;D614G;A701V;D796H|""""",13,15,B.1.351(Beta),1,1,2021,3,1
EPI_ISL_1234220,"D80A;D215G;L241-;L242-;A243-;K417N;E484K;N501Y;D614G;A701V;L1203F|""""",11,15,B.1.351(Beta),1,1,2021,3,1
EPI_ISL_1281094,"D80A;Y145-;W152L;D215G;L241-;L242-;A243-;K417N;E484K;N501Y;D614G;A701V;G1167R|""""",13,15,B.1.351(Beta),13,10,2021,3,1
EPI_ISL_2083245,"L18F;D80A;D215G;L241-;L242-;A243-;K417N;E484K;N501Y;D614G;A701V;A1020S;G1219C|""""",13,15,B.1.351(Beta),25,5,2021,3,1
EPI_ISL_1808802,"D80A;D215G;L241-;L242-;A243-;K417N;E484K;N501Y;D614G;A701V;A845S|""""",11,15,B.1.351(Beta),195,62,2021,3,1
EPI_ISL_1534462,"L18F;D80A;H146Y;D215G;L241-;L242-;A243-;K417N;E484K;N501Y;D614G;A701V;D1260Y|""""",13,15,B.1.351(Beta),1,1,2021,3,1
EPI_ISL_16064222,"D80A;D215G;L241-;L242-;A243-;K417N;E484K;N501Y;S591F;D614G;A701V|""""",11,15,B.1.351(Beta),1,1,2021,3,1
EPI_ISL_16064225,"D80A;D215G;L241-;L242-;A243-;K417N;E484K;N501Y;D614G;L699F;A701V|""""",11,15,B.1.351(Beta),2,1,2021,3,1
EPI_ISL_1533680,"L18F;D80A;D215G;L241-;L242-;A243-;K417N;D614G;T1027I|""""",9,15,B.1.351(Beta),1,1,2021,3,1
EPI_ISL_1675000,"L5F;T19I;D80A;D215G;L241-;L242-;A243-;K417N;E484K;N501Y;D614G;A701V|""""",12,15,B.1.351(Beta),1,1,2021,3,1
EPI_ISL_1622488,"A27S;D80A;D215G;L242-;A243P;K417N;E484K;N501Y;D614G;A701V|""""",10,15,B.1.351(Beta),1,1,2021,3,1
EPI_ISL_2608448,"T19I;D80A;D215G;L241-;L242-;A243-;E484K;N501Y;D614G;A701V;I896L|""""",11,15,B.1.351(Beta),61,29,2021,3,1
EPI_ISL_1894959,"L18F;D80A;D215G;L241-;L242-;A243-;K417N;E484K;N501Y;D614G;A701V|""""",11,15,B.1.351(Beta),2905,849,2021,3,1
EPI_ISL_1666918,"L18F;P39L;D80A;D215G;L241-;L242-;A243-;K417N;E484K;N501Y;D614G;H655Y;A701V|""""",13,15,B.1.351(Beta),5,2,2021,3,1
EPI_ISL_1808614,"D80A;D215G;L241-;L242-;A243-;K417N;E484K;N501Y;D614G;A701V|""""",10,15,B.1.351(Beta),2847,854,2021,3,1
EPI_ISL_1495942,"L18F;D80A;D215G;L241-;L242-;A243-;K417N;N501Y;D614G;A701V|""""",10,15,B.1.351(Beta),12,7,2021,3,1
EPI_ISL_1372278,"D80A;D215G;E484K;N501Y;D614G;A701V|""""",6,15,B.1.351(Beta),4,2,2021,3,1
EPI_ISL_1809130,"D80A;L212S;D215G;L241-;L242-;A243-;K417N;E484K;N501Y;D614G;A701V|""""",11,15,B.1.351(Beta),4,1,2021,3,1
EPI_ISL_1808416,"D80A;F186S;D215G;L241-;L242-;A243-;K417N;E484K;N501Y;D614G;A701V|""""",11,15,B.1.351(Beta),36,22,2021,3,1
EPI_ISL_1173249,"L18F;A67V;D80A;D215G;L241-;L242-;A243-;K417N;E484K;N501Y;D614G;A701V|""""",12,15,B.1.351(Beta),222,68,2021,3,1
EPI_ISL_2608476,"T19I;D80A;D215G;L241-;L242-;A243-;E484K;N501Y;D614G;A701V|""""",10,15,B.1.351(Beta),167,100,2021,3,1
EPI_ISL_2608502,"D80A;D215G;L241-;L242-;A243-;E484K;N501Y;D614G;A701V|""""",9,15,B.1.351(Beta),50,16,2021,3,1
EPI_ISL_1808550,"D80A;D215G;L241-;L242-;A243-;K417N;E484K;N501Y;D614G;A701V;P793L|""""",11,15,B.1.351(Beta),5,3,2021,3,1
EPI_ISL_1533639,"D80A;D215G;L241-;L242-;A243-;K417N;D614G;A701V|""""",8,15,B.1.351(Beta),14,7,2021,3,1
EPI_ISL_3147734,"L18F;D80A;D215G;L241-;L242-;A243-;K417N;E484K;N501Y;D614G;A701V;A899S|""""",12,15,B.1.351(Beta),434,201,2021,3,1
EPI_ISL_2608741,"L18F;D80A;D215G;L241-;L242-;A243-;E484K;N501Y;D614G;A701V|""""",10,15,B.1.351(Beta),20,11,2021,3,2
EPI_ISL_2214104,"D80A;D215G;L241-;L242-;A243-;K417N;E484K;N501Y;D614G;A701V;N1023D|""""",11,15,B.1.351(Beta),1,1,2021,3,2
EPI_ISL_1173248,"S13I;L18F;D80A;D215G;L241-;L242-;A243-;K417N;E484K;N501Y;D614G;A701V|""""",12,15,B.1.351(Beta),1,1,2021,3,2
EPI_ISL_1510414,"L18F;D80A;D215G;L241-;L242-;A243-;K417N;E484K;N501Y;D614G;A623V;A701V|""""",12,15,B.1.351(Beta),1,1,2021,3,2
EPI_ISL_1604475,"V3G;D80A;D215G;L241-;L242-;A243-;E484K;N501Y;D614G;S982A;D1118H|""""",11,15,B.1.351(Beta),1,1,2021,3,2
EPI_ISL_1622490,"L18F;D80A;D215G;L241-;L242-;A243S;K417N;E484K;N501Y;D614G;A701V|""""",11,15,B.1.351(Beta),2,1,2021,3,2
EPI_ISL_1173252,"A27S;D80A;D215G;L241-;L242-;A243-;K417N;E484K;N501Y;D614G;A701V|""""",11,15,B.1.351(Beta),401,65,2021,3,2
EPI_ISL_1695990,"D80A;D215G;L242H;A243T;E484K;N501Y;D614G;A701V|""""",8,15,B.1.351(Beta),1,1,2021,3,2
EPI_ISL_1627560,"L18F;D80A;D215G;L241-;L242-;A243-;E484K;N501Y;D614G;A701V;D1139Y|""""",11,15,B.1.351(Beta),1,1,2021,3,2
EPI_ISL_1265148,"L18F;D80A;D215G;L241-;L242-;A243-;K417N;E484K;N501Y;D614G;A701V;M1229V|""""",12,15,B.1.351(Beta),2,2,2021,3,2
EPI_ISL_1696001,"L18F;D80A;D215G;L242Q;A243T;K417N;E484K;N501Y;D614G;A701V;F1052L|""""",11,15,B.1.351(Beta),1,1,2021,3,2
EPI_ISL_1498716,"L18F;T73A;D80A;D215G;L241-;L242-;A243-;K417N;E484K;N501Y;D614G;A701V|""""",12,15,B.1.351(Beta),7,4,2021,3,2
EPI_ISL_1570443,"H49Y;D80A;D215G;L241-;L242-;A243-;K417N;E484K;N501Y;D614G;A701V|""""",11,15,B.1.351(Beta),12,5,2021,3,2
EPI_ISL_16139735,"L18F;D80A;S98F;D215G;L241-;L242-;A243-;K417N;E484K;N501Y;D614G;A701V|""""",12,15,B.1.351(Beta),11,4,2021,3,2
EPI_ISL_1579144,"L18F;D80A;D215G;L241-;L242-;A243-;K417N;L455F;E484K;N501Y;D614G;A701V|""""",12,15,B.1.351(Beta),5,4,2021,3,2
EPI_ISL_1369957,"L18F;D80A;D215G;L241-;L242-;A243-;P384L;K417N;E484K;N501Y;D614G;A701V|""""",12,15,B.1.351(Beta),195,61,2021,3,2
EPI_ISL_1705203,"L18F;D80A;D215G;L241-;L242-;A243-;K417N;E484K;N501Y;D614G;Q628R;A701V|""""",12,15,B.1.351(Beta),1,1,2021,3,2
EPI_ISL_1696095,"L18F;D80A;D215G;L242Q;A243T;E484K;N501Y;D614G;A701V|""""",9,15,B.1.351(Beta),1,1,2021,3,2
EPI_ISL_1240924,"D80A;D215G;L241-;L242-;A243-;T376I;K417N;E484K;N501Y;D614G;A701V|""""",11,15,B.1.351(Beta),2,2,2021,3,2
EPI_ISL_1603951,"D80A;D215G;L241-;L242-;A243-;E484K;N501Y;D614G;A701V;A845S|""""",10,15,B.1.351(Beta),1,1,2021,3,2
EPI_ISL_14594672,"L18F;D80A;E484K;N501Y;D614G;A701V|""""",6,15,B.1.351(Beta),6,5,2021,3,2
EPI_ISL_1579957,"D80A;D215G;L241-;L242-;A243-;K417N;E484K;N501Y;D614G;A701V;L822F|""""",11,15,B.1.351(Beta),6,4,2021,3,2
EPI_ISL_1403693,"L241-;L242-;A243-;E484K;N501Y;D614G;A701V|""""",7,15,B.1.351(Beta),10,10,2021,3,3
EPI_ISL_1330778,"D80A;F157L;D215G;L241-;L242-;A243-;K417N;E484K;N501Y;D614G;A701V|""""",11,15,B.1.351(Beta),4,2,2021,3,3
EPI_ISL_1394185,"D80A;D215G;L241-;L242-;A243-;K417N;E484K;N501Y;D614G;T676I;A701V|""""",11,15,B.1.351(Beta),11,5,2021,3,3
EPI_ISL_1403769,"L241-;L242-;A243-;N439K;E484K;N501Y;D614G;A701V|""""",8,15,B.1.351(Beta),1,1,2021,3,3
EPI_ISL_1275640,"L18F;D80A;G181R;D215G;L241-;L242-;A243-;W258S;K417N;E484K;N501Y;D614G;A701V|""""",13,15,B.1.351(Beta),1,1,2021,3,3
EPI_ISL_1408885,"L18F;D80A;D215G;L241-;L242-;A243-;K417N;E484K;N501Y;D614G|""""",10,15,B.1.351(Beta),7,2,2021,3,3
EPI_ISL_1515840,"L18F;D80A;D215G;L241-;L242-;A243-;K417N;E484K;N501Y;T572I;D614G;A701V|""""",12,15,B.1.351(Beta),17,2,2021,3,3
EPI_ISL_1403743,"L241-;L242-;A243-;K417N;E484K;N501Y;D614G;A701V|""""",8,15,B.1.351(Beta),48,47,2021,3,3
EPI_ISL_1403733,"L241-;L242-;A243-;K417N;N501Y;D614G;A701V|""""",7,15,B.1.351(Beta),44,33,2021,3,3
EPI_ISL_1403689,"L241-;L242-;A243-;N501Y;D614G;A701V|""""",6,15,B.1.351(Beta),8,6,2021,3,3
EPI_ISL_1351345,"H69Y;D80A;D215G;L241-;L242-;A243-;K417N;E484K;N501Y;D614G;A701V|""""",11,15,B.1.351(Beta),14,5,2021,3,3
EPI_ISL_2609404,"T19I;D80A;D215G;E484K;N501Y;D614G;A701V;I896L|""""",8,15,B.1.351(Beta),1,1,2021,3,3
EPI_ISL_1808134,"D80A;D215G;L241-;L242-;A243-;K417N;E484K;N501Y;D614G;A701V;T1120I|""""",11,15,B.1.351(Beta),1,1,2021,3,3
EPI_ISL_2522545,"L18F;P39L;S50L;D80A;M153I;D215G;L241-;L242-;A243-;K417N;E484K;N501Y;D614G;A701V|""""",14,15,B.1.351(Beta),5,4,2021,3,3
EPI_ISL_1403748,"L241-;L242-;A243-;K417N;D614G;A701V|""""",6,15,B.1.351(Beta),15,14,2021,3,3
EPI_ISL_1403702,"L241-;L242-;A243-;K417N;N439K;D614G;A701V|""""",7,15,B.1.351(Beta),1,1,2021,3,3
EPI_ISL_2604264,"T19I;D80A;D215G;L241-;L242-;A243-;D287G;E484K;N501Y;D614G;A701V|""""",11,15,B.1.351(Beta),1,1,2021,3,3
EPI_ISL_1403766,"L241-;L242-;A243-;E484K;N501Y;D614G|""""",6,15,B.1.351(Beta),5,4,2021,3,3
EPI_ISL_2604256,"D80A;D215G;L241-;L242-;A243-;N501Y;D614G;A701V|""""",8,15,B.1.351(Beta),3,2,2021,3,3
EPI_ISL_2036219,"L5F;D80A;D215G;L241-;L242-;A243-;K417N;E484K;N501Y;D614G;A701V|""""",11,15,B.1.351(Beta),71,32,2021,3,4
EPI_ISL_1797608,"D80A;D215G;K417N;E484K;N501Y;D614G;A701V;I931V|""""",8,15,B.1.351(Beta),1,1,2021,3,4
EPI_ISL_1501173,"D80A;D215G;L241-;L242-;A243-;K417N;E484K;N501Y;D614G;A701V;I931V|""""",11,15,B.1.351(Beta),38,6,2021,3,4
EPI_ISL_17531957,"D80A;D215G;L241-;L242-;A243-;K417N;E484K;N501Y;D614G;G769V|""""",10,15,B.1.351(Beta),1,1,2021,3,4
EPI_ISL_12312425,"L18F;D80A;D215G;L241-;L242-;A243-;K417N;E484K;N501Y;D614G;A701V;T1120I|""""",12,15,B.1.351(Beta),2,2,2021,3,4
EPI_ISL_1563941,"D80A;D215G;L241-;L242-;A243-;K417N;E484K;N501Y;D614G;T676I;A701V;I1216T|""""",12,15,B.1.351(Beta),2,2,2021,3,4
EPI_ISL_1797606,"L18F;D80A;D215G;T240-;L241-;L242-;K417N;E484K;N501Y;D614G;A701V|""""",11,15,B.1.351(Beta),6,2,2021,3,4
EPI_ISL_1384128,"L18F;D80A;D215G;L241-;L242-;A243-;E406Q;K417N;E484K;N501Y;D614G;A701V|""""",12,15,B.1.351(Beta),3,1,2021,3,4
EPI_ISL_1340162,"T19I;D80A;D215G;L241-;L242-;A243-;K417N;E484K;N501Y;D614G;A701V|""""",11,15,B.1.351(Beta),55,23,2021,3,4
EPI_ISL_1604574,"F186S;D215G;L241-;L242-;A243-;E484K;N501Y;A570D;D614G;P681H;D1118H|""""",11,15,B.1.351(Beta),1,1,2021,3,4
EPI_ISL_2145280,"D80A;D215G;L241-;L242-;A243-;S254F;K417N;E484K;N501Y;D614G;A701V;S939F|""""",12,15,B.1.351(Beta),14,11,2021,3,5
EPI_ISL_1695916,"D80A;D215G;L241-;L242-;A243-;S255F;K417N;E484K;N501Y;D614G;A701V|""""",11,15,B.1.351(Beta),6,2,2021,3,5
EPI_ISL_1283734,"L18F;D80A;D215G;L241-;L242-;A243-;K417N;E484K;N501Y;D614G;S689I;A701V|""""",12,15,B.1.351(Beta),10,9,2021,3,5
EPI_ISL_2370945,"L18F;D80A;D215G;L241-;L242-;A243-;K417N;E484K;N501Y;D614G;A701V;A831V|""""",12,15,B.1.351(Beta),6,5,2021,3,5
EPI_ISL_1360032,"L18F;D80A;D215G;L241-;L242-;A243-;K417N;E484K;N501Y;D614G;A701V;T732A|""""",12,15,B.1.351(Beta),1,1,2021,3,5
EPI_ISL_1370601,"D80A;P209L;D215G;L241-;L242-;A243-;K417N;E484K;N501Y;D614G;A701V|""""",11,15,B.1.351(Beta),9,6,2021,3,5
EPI_ISL_1510415,"L18F;D80A;D215G;L241-;L242-;A243-;K417N;E484K;N501Y;D614G;S689T;A701V|""""",12,15,B.1.351(Beta),11,9,2021,3,5
EPI_ISL_1809678,"H66Y;D80A;D215G;L241-;L242-;A243-;K417N;E484K;N501Y;D614G;A701V|""""",11,15,B.1.351(Beta),1,1,2021,3,5
EPI_ISL_2188145,"A27S;D80A;D215G;L241-;L242-;A243-;E484K;N501Y;D614G;A701V|""""",10,15,B.1.351(Beta),5,1,2021,3,5
EPI_ISL_3354246,"D80A;D215G;L241-;L242-;A243-;K417N;E484K;N501Y;D614G;A701V;V1177I|""""",11,15,B.1.351(Beta),1,1,2021,3,5
EPI_ISL_1370612,"D80A;D215G;L241-;L242-;A243-;K417N;E484K;N501Y;E516Q;D614G;A701V;Q1208H|""""",12,15,B.1.351(Beta),7,6,2021,3,5
EPI_ISL_1418695,"L18F;D80A;D215G;L241-;L242-;A243-;K417N;E484K;N501Y;D614G;Y674H;A701V|""""",12,15,B.1.351(Beta),1,1,2021,3,6
EPI_ISL_1501211,"L18F;D80A;D138Y;D215G;L241-;L242-;A243-;K417N;E484K;N501Y;D614G;A701V|""""",12,15,B.1.351(Beta),7,1,2021,3,6
EPI_ISL_2145498,"L5F;D80A;D215G;L241-;L242-;A243-;K417N;E484K;N501Y;E516Q;D614G;A701V|""""",12,15,B.1.351(Beta),1,1,2021,3,6
EPI_ISL_2179715,"L18F;T19I;D80A;D215G;L241-;L242-;A243-;K417N;E484K;N501Y;D614G;A701V|""""",12,15,B.1.351(Beta),2,1,2021,3,6
EPI_ISL_7982611,"D215G;L241-;L242-;A243-;K417N;D614G;A701V|""""",7,15,B.1.351(Beta),2,1,2021,3,6
EPI_ISL_1406189,"L18F;A67V;D80A;D215G;L241-;L242-;A243-;K417N;E484K;N501Y;D614G;V687L;A701V|""""",13,15,B.1.351(Beta),1,1,2021,3,7
EPI_ISL_11811783,"P25L;D80A;D215G;L241-;L242-;A243-;K417N;E484K;N501Y;D614G;A701V|""""",11,15,B.1.351(Beta),15,8,2021,3,7
EPI_ISL_1370651,"D80A;D215G;L241-;L242-;A243-;K417N;E484K;N501Y;D614G;A701V;S939F|""""",11,15,B.1.351(Beta),10,2,2021,3,7
EPI_ISL_5802461,"D80A;D215G;L241-;L242-;A243-;K417N;E484K;N501Y;D614G;A701V;C1247F|""""",11,15,B.1.351(Beta),16,4,2021,3,7
EPI_ISL_2608579,"T19I;D80A;D215G;L241-;L242-;A243-;K417N;P479S;E484K;N501Y;D614G;A701V|""""",12,15,B.1.351(Beta),1,1,2021,3,7
EPI_ISL_2921178,"L18F;D80A;D215G;L241-;L242-;A243-;K417N;E484K;N501Y;D614G;A701V;F797C;G799S|""""",13,15,B.1.351(Beta),1,1,2021,3,7
EPI_ISL_5802462,"D80A;D215G;L241-;L242-;A243-;K417N;E484K;N501Y;D614G;A701V;S943T;C1247F|""""",12,15,B.1.351(Beta),1,1,2021,3,7
EPI_ISL_12043246,"L18F;D80A;D215G;L241-;L242-;A243-;K417N;E484K;N501Y;A520S;D614G;A701V|""""",12,15,B.1.351(Beta),6,1,2021,3,7
EPI_ISL_1867965,"L18F;D80A;D215G;A222V;L241-;L242-;A243-;K417N;E484K;N501Y;D614G;A701V|""""",12,15,B.1.351(Beta),24,4,2021,3,8
EPI_ISL_1358367,"D80A;L241-;L242-;A243-;K417N;N501Y;D614G;A701V|""""",8,15,B.1.351(Beta),41,2,2021,3,8
EPI_ISL_1349574,"D80A;D215G;L241-;L242-;A243-;K417N;E484K;N501Y;D614G;A701V;A879S|""""",11,15,B.1.351(Beta),28,3,2021,3,8
EPI_ISL_1358364,"D80A;L241-;L242-;A243-;K417N;E484K;N501Y;D614G;A701V|""""",9,15,B.1.351(Beta),69,23,2021,3,8
EPI_ISL_3143043,"D80A;D215G;L241-;L242-;A243-;K417N;E484K;N501Y;D614G;A701V;K1245N|""""",11,15,B.1.351(Beta),2,1,2021,3,8
EPI_ISL_1591272,"V11A;L18F;D80A;D215G;L241-;L242-;A243-;K417N;E484K;N501Y;D614G;A701V|""""",12,15,B.1.351(Beta),4,2,2021,3,8
EPI_ISL_1358365,"D80A;L241-;L242-;A243-;K417N;E484K;D614G;A701V;T719I|""""",9,15,B.1.351(Beta),1,1,2021,3,8
EPI_ISL_2348636,"L18F;D80A;D215G;L241-;L242-;A243-;K417N;E484K;N501Y;D614G;A701V;V1176F|""""",12,15,B.1.351(Beta),1,1,2021,3,8
EPI_ISL_1358328,"D80A;L241-;L242-;A243-;K417N;N501Y;D614G;A701V;D936Y;R1185C|""""",10,15,B.1.351(Beta),1,1,2021,3,8
EPI_ISL_3014902,"T19I;H69-;V70-;D215G;L241-;L242-;A243-;D614G;A701V|""""",9,15,B.1.351(Beta),1,1,2021,3,8
EPI_ISL_2179716,"L18F;D80A;D215G;K417N;E484K;N501Y;D614G;A701V;G1124V|""""",9,15,B.1.351(Beta),5,3,2021,3,8
EPI_ISL_1842700,"T19I;D80A;D215G;L241-;L242-;A243-;E484K;D614G;A701V|""""",9,15,B.1.351(Beta),2,2,2021,3,8
EPI_ISL_1498810,"L18F;D80A;D215G;L241-;L242-;A243-;L390F;K417N;E484K;N501Y;D614G;A701V|""""",12,15,B.1.351(Beta),3,2,2021,3,8
EPI_ISL_1337892,"D80A;D215G;L241-;L242-;A243-;K417N;E484K;N501Y;D614G;A701V;D936N|""""",11,15,B.1.351(Beta),13,12,2021,3,8
EPI_ISL_1602490,"D80A;D215G;K417N;E484K;N501Y;D614G;P681H;A701V|""""",8,15,B.1.351(Beta),1,1,2021,3,8
EPI_ISL_1371172,"D80A;D215G;A243T;K417N;E484K;N501Y;D614G;A701V|""""",8,15,B.1.351(Beta),2,1,2021,3,8
EPI_ISL_3145504,"L18F;D80A;D215G;L241-;L242-;A243-;K417N;E484K;N501Y;D614G;A701V;C1250F|""""",12,15,B.1.351(Beta),4,1,2021,3,8
EPI_ISL_4548991,"L18F;T76I;D80A;D215G;L241-;L242-;A243-;K417N;E484K;N501Y;D614G;S698L;A701V|""""",13,15,B.1.351(Beta),4,3,2021,3,8
EPI_ISL_1396710,"L18F;D80A;D215G;L241-;L242-;A243-;K417N;E484K;N501Y;D614G;A701V;I934L|""""",12,15,B.1.351(Beta),6,4,2021,3,9
EPI_ISL_1371523,"D80A;D215G;L241-;L242-;A243-;D294E;K417N;E484K;N501Y;D614G;A701V|""""",11,15,B.1.351(Beta),1,1,2021,3,9
EPI_ISL_4297628,"L18F;D80A;D215G;L241-;L242-;A243-;K417N;E484K;N501Y;D614G;Q677H;A701V|""""",12,15,B.1.351(Beta),9,3,2021,3,9
EPI_ISL_7976085,"D80A;D215G;L241-;L242-;A243-;K417N;E484K;N501Y;D614G|""""",9,15,B.1.351(Beta),10,3,2021,3,9
EPI_ISL_1456597,"D80A;D215G;L241-;L242-;A243-;K417N;E484K;N501Y;D614G;A701V;C1241F|""""",11,15,B.1.351(Beta),2,1,2021,3,9
EPI_ISL_4961321,"D80A;D215G;L241-;L242-;A243-;L249F;K417N;E484K;N501Y;D614G;A701V|""""",11,15,B.1.351(Beta),2,2,2021,3,9
EPI_ISL_4548988,"L18F;T20I;D80A;D215G;L241-;L242-;A243-;K417N;E484K;N501Y;D614G;A701V|""""",12,15,B.1.351(Beta),1,1,2021,3,9
EPI_ISL_1465476,"L18F;D80A;F186S;D215G;L241-;L242-;A243-;K417N;E484K;N501Y;D614G;A701V|""""",12,15,B.1.351(Beta),20,7,2021,3,9
EPI_ISL_2215080,"D215G;L241-;L242-;A243-;K417N;N501Y;D614G;A701V|""""",8,15,B.1.351(Beta),1,1,2021,3,9
EPI_ISL_2102040,L18F;D80A;D215G;L242-;A243-;L244-;R273S;T274N;F275E;L276K;T284N;D290L;Q314H;T315-;S316-;N317-;F318-;R319-;V320-;Q321K;K417N;N501Y;D614G;T678P;A701V|260SSGWTA261,25,15,B.1.351(Beta),1,1,2021,3,9
EPI_ISL_1790150,"D80A;D215G;L241-;L242-;A243-;K417N;D614G;A653V;A701V|""""",9,15,B.1.351(Beta),1,1,2021,3,9
EPI_ISL_2405005,"L18F;D80A;D215G;L241-;L242-;A243-;K417N;E484K;N501Y;D614G;A701V;D1139Y|""""",12,15,B.1.351(Beta),3,3,2021,3,9
EPI_ISL_2102036,D80A;D215G;L242-;A243-;L244-;Q271L;P272K;R273Y;T274N;F275E;L276N;L277V;T284N;V289P;D290L;C291S;A292E;L293T;D294K;Q314-;T315-;S316-;N317-;F318-;R319-;V320L;K417N;E484K;N501Y;D614G;A701V|261SGWTAG262,31,15,B.1.351(Beta),1,1,2021,3,9
EPI_ISL_1445171,"D80A;D215G;L241-;L242-;A243-;A262D;K417N;E484K;N501Y;D614G;A701V;C1247F|""""",12,15,B.1.351(Beta),1,1,2021,3,9
EPI_ISL_2259002,"D80A;D215G;L241-;L242-;A243-;E484K;A701V|""""",7,15,B.1.351(Beta),1,1,2021,3,9
EPI_ISL_1911805,"L18F;D80A;L241-;L242-;A243-;K417N;E484K;N501Y;D614G;A701V|""""",10,15,B.1.351(Beta),38,16,2021,3,10
EPI_ISL_1911776,"L18F;D80A;F175L;L241-;L242-;A243-;K417N;E484K;N501Y;D614G;A701V|""""",11,15,B.1.351(Beta),1,1,2021,3,10
EPI_ISL_3014889,"T19I;D80A;D215G;L242-;A243-;L244-;A264-;Y265-;Y266-;V267-;G268-;Y269-;L270-;Q271-;P272-;R273-;T274-;F275-;L276-;L277-;K278-;Y279-;N280-;E281-;K417N;E484K;N501Y;D614G;A701V;I896L|""""",30,15,B.1.351(Beta),1,1,2021,3,10
EPI_ISL_2214826,"V3G;D80A;D215G;L241-;L242-;A243-;K417N;E484K;N501Y;D614G;A701V|""""",11,15,B.1.351(Beta),2,2,2021,3,10
EPI_ISL_1384039,"L18F;D80A;M177I;D215G;L241-;L242-;A243-;K417N;E484K;N501Y;D614G;A701V|""""",12,15,B.1.351(Beta),1,1,2021,3,10
EPI_ISL_1911777,"L18F;D80A;I210T;L241-;L242-;A243-;P384L;K417N;E484K;N501Y;D614G;A701V|""""",12,15,B.1.351(Beta),1,1,2021,3,10
EPI_ISL_1911813,"D80A;L241-;L242-;A243-;K417N;E484K;D614G;A701V|""""",8,15,B.1.351(Beta),1,1,2021,3,10
EPI_ISL_1911806,"L18F;L241-;L242-;A243-;K417N;E484K;N501Y;D614G;A701V|""""",9,15,B.1.351(Beta),5,5,2021,3,10
EPI_ISL_1911778,"T95I;L226F;L241-;L242-;A243-;E484K;N501Y;D614G;P681H;D796H|""""",10,15,B.1.351(Beta),1,1,2021,3,10
EPI_ISL_1911774,"L18F;D80A;L241-;L242-;A243-;K417N;E484K;N501Y;D614G;A701V;V1176F|""""",11,15,B.1.351(Beta),2,2,2021,3,10
EPI_ISL_1384042,"L18F;D80A;D215G;S221L;L241-;L242-;A243-;K417N;E484K;N501Y;D614G;A701V;A899S|""""",13,15,B.1.351(Beta),2,2,2021,3,10
EPI_ISL_1440171,"L18F;T51I;D80A;D215G;L241-;L242-;A243-;K417N;E484K;N501Y;D614G;A701V|""""",12,15,B.1.351(Beta),4,3,2021,3,10
EPI_ISL_1911800,"L241-;L242-;A243-;K417N;E484K;N501Y;D614G;S939F;V1176F|""""",9,15,B.1.351(Beta),1,1,2021,3,10
EPI_ISL_1911811,"I210T;L241-;L242-;A243-;K417N;E484K;N501Y;D614G;A701V|""""",9,15,B.1.351(Beta),1,1,2021,3,10
EPI_ISL_1911804,"L241-;L242-;A243-;K417N;N440K;N501Y;D614G;A701V|""""",8,15,B.1.351(Beta),1,1,2021,3,10
EPI_ISL_1911772,"L241-;L242-;A243-;E484K;N501Y;D614G;A829S;V1176F|""""",8,15,B.1.351(Beta),1,1,2021,3,10
EPI_ISL_1911801,"L18F;D80A;L241-;L242-;A243-;K417N;N501Y;A701V|""""",8,15,B.1.351(Beta),1,1,2021,3,10
EPI_ISL_1911793,L241-;L242-;A243-;N440K;E484K;N501Y;D614G|263GAA264,7,15,B.1.351(Beta),1,1,2021,3,10
EPI_ISL_2157972,"D80A;D215G;L241-;L242-;A243-;K417N;N501Y;D614G;A701V|""""",9,15,B.1.351(Beta),17,7,2021,3,11
EPI_ISL_1797613,"L18F;D80A;D215G;K417N;E484K;N501Y;D614G;A701V;F1052L|""""",9,15,B.1.351(Beta),1,1,2021,3,11
EPI_ISL_1523577,"L18F;D80A;D215G;L241-;L242-;A243-;K417N;E484K;N501Y;D614G;A701V;A846S|""""",12,15,B.1.351(Beta),18,16,2021,3,11
EPI_ISL_2157967,"L18F;L241-;L242-;A243-;K417N;D614G;A701V|""""",7,15,B.1.351(Beta),3,2,2021,3,11
EPI_ISL_1579139,"L5F;L18F;D80A;S162N;D215G;L241-;L242-;A243-;K417N;E484K;N501Y;D614G;A701V|""""",13,15,B.1.351(Beta),7,7,2021,3,11
EPI_ISL_1432177,"D80A;Y145-;W152L;D215G;L241-;L242-;A243-;E484K;N501Y;D614G;A701V;G1167R|""""",12,15,B.1.351(Beta),1,1,2021,3,11
EPI_ISL_16078613,"L18F;D80A;D215G;A222V;L241-;L242-;A243-;K417N;E484K;N501Y;D614G;A701V;K1205N|""""",13,15,B.1.351(Beta),2,2,2021,3,11
EPI_ISL_1371482,"D80A;D215G;L241-;L242-;A243-;K417N;E484K;N501Y;D614G;A688V;A701V|""""",11,15,B.1.351(Beta),10,5,2021,3,11
EPI_ISL_2617185,"D80A;D215G;L241-;L242-;A243-;K417N;E484K;N501Y;D614G;A701V;D1139H|""""",11,15,B.1.351(Beta),1,1,2021,3,11
EPI_ISL_1986454,"L18F;P26L;D80A;S98F;D215G;L241-;L242-;A243-;K417N;E484K;N501Y;D614G;A701V|""""",13,15,B.1.351(Beta),51,10,2021,3,12
EPI_ISL_1922093,"D215G;L241-;L242-;A243-;D614G;A701V|""""",6,15,B.1.351(Beta),1,1,2021,3,12
EPI_ISL_1922102,"L18F;D80A;D215G;L241-;L242-;A243-;K417N;D614G;A701V;D1260Y|""""",10,15,B.1.351(Beta),3,3,2021,3,12
EPI_ISL_1501191,"D80A;D215G;L241-;L242-;A243-;K417N;E484K;N501Y;D614G;A701V;T791I|""""",11,15,B.1.351(Beta),17,1,2021,3,12
EPI_ISL_17575639,"H66R;D80A;D215G;L241-;L242-;A243-;K417N;E484K;N501Y;D614G;Q677-;T678-;N679-;S680-;P681-;A701V|""""",16,15,B.1.351(Beta),1,1,2021,3,12
EPI_ISL_2107325,"L241-;L242-;A243-;K417N;N501Y;D614G;A701V;R1091L|""""",8,15,B.1.351(Beta),1,1,2021,3,12
EPI_ISL_1922092,"D80A;D215G;L241-;L242-;A243-;E484K;N501Y;A570D;D614G;A701V;T859I|""""",11,15,B.1.351(Beta),1,1,2021,3,12
EPI_ISL_1922105,"D80A;Y145-;D215G;L241-;L242-;A243-;S254F;K417N;D614G;A701V|""""",10,15,B.1.351(Beta),1,1,2021,3,12
EPI_ISL_1808893,"D80A;D215G;L241-;L242-;A243-;K417N;E484K;N501Y;D614G;S698L;A701V;A845S|""""",12,15,B.1.351(Beta),1,1,2021,3,12
EPI_ISL_1922088,"L18F;D215G;L241-;L242-;A243-;D614G|""""",6,15,B.1.351(Beta),1,1,2021,3,12
EPI_ISL_1898070,"D80A;D215G;L241-;L242-;A243-;K417N;E484K;N501Y;E583D;D614G;A701V|""""",11,15,B.1.351(Beta),3,2,2021,3,12
EPI_ISL_1922123,"L18F;R34C;D80A;D215G;L241-;L242-;A243-;K417N;D614G;A701V|""""",10,15,B.1.351(Beta),1,1,2021,3,12
EPI_ISL_1922116,"D215G;L241-;L242-;A243-;K417N;D614G|""""",6,15,B.1.351(Beta),2,2,2021,3,12
EPI_ISL_2107316,"D80A;L241-;L242-;A243-;K417N;E484K;D614G|""""",7,15,B.1.351(Beta),1,1,2021,3,12
EPI_ISL_1922114,"D80A;D215G;L241-;L242-;A243-;K417N;E484K;N501Y;D614G;T678I;A701V|""""",11,15,B.1.351(Beta),1,1,2021,3,12
EPI_ISL_2107322,L241-;L242-;A243-;K417N;E484K;N501Y;D614G;A701V|263GAA264,8,15,B.1.351(Beta),1,1,2021,3,12
EPI_ISL_1937099,"D80A;D215G;I233V;L241-;L242-;A243-;K417N;E484K;N501Y;D614G;A701V|""""",11,15,B.1.351(Beta),4,2,2021,3,12
EPI_ISL_1440226,"L18F;D80A;D215G;L241-;L242-;A243-;K417N;D614G;A701V|""""",9,15,B.1.351(Beta),9,1,2021,3,12
EPI_ISL_1832540,"D80A;D215G;A222V;L241-;L242-;A243-;K417N;E484K;N501Y;D614G;A701V|""""",11,15,B.1.351(Beta),2,2,2021,3,12
EPI_ISL_3014861,"L18F;D80A;D215G;E484K;N501Y;D614G;A701V;D1118H|""""",8,15,B.1.351(Beta),1,1,2021,3,12
EPI_ISL_1922107,"D80A;D215G;L241-;L242-;A243-;K417N;D614G;Q675H;A701V|""""",9,15,B.1.351(Beta),1,1,2021,3,12
EPI_ISL_1922117,"L18F;D80A;D215G;L241-;L242-;A243-;K417N;D614G|""""",8,15,B.1.351(Beta),1,1,2021,3,12
EPI_ISL_1922115,"L18F;D80A;D215G;L241-;L242-;A243-;K417N;E484K;N501Y;D614G;A701V;D1260Y|""""",12,15,B.1.351(Beta),11,8,2021,3,12
EPI_ISL_11674450,"D80A;D215G;S221L;L241-;L242-;A243-;K417N;E484K;N501Y;D614G;A701V|""""",11,15,B.1.351(Beta),1,1,2021,3,12
EPI_ISL_1568824,"L18F;D80A;D215G;L241-;L242-;A243-;K417N;E484K;N501Y;D614G;R682Q;A701V|""""",12,15,B.1.351(Beta),6,1,2021,3,12
EPI_ISL_11674449,"R21I;D80A;D215G;L241-;L242-;A243-;K417N;E484K;N501Y;D614G;Q677H;A701V|""""",12,15,B.1.351(Beta),1,1,2021,3,12
EPI_ISL_1353155,"L18F;D80A;D215G;L241-;L242-;A243-;K417N;E484K;N501Y;D614G;Q675H;A701V;L822F|""""",13,15,B.1.351(Beta),10,4,2021,3,12
EPI_ISL_2107327,"L18F;D80A;L241-;L242-;A243-;K417N;E484K;N501Y;D614G;A701V;D1260Y|""""",11,15,B.1.351(Beta),9,7,2021,3,12
EPI_ISL_1922089,"D80A;V159F;D215G;L241-;L242-;A243-;K417N;D614G;A701V|""""",9,15,B.1.351(Beta),1,1,2021,3,12
EPI_ISL_2374001,"D80A;D215G;T240-;L241-;L242-;K417N;E484K;N501Y;D614G;A701V|""""",10,15,B.1.351(Beta),14,1,2021,3,12
EPI_ISL_1327433,"D80A;D215G;L241-;L242-;A243-;A260V;K417N;E484K;N501Y;D614G;A701V|""""",11,15,B.1.351(Beta),1,1,2021,3,13
EPI_ISL_1461268,"L18F;D80A;L241-;L242-;A243-;K417N;E484K;N501Y;D614G;A701V;A846S|""""",11,15,B.1.351(Beta),1,1,2021,3,13
EPI_ISL_1440243,"L18F;D80A;D215G;S221L;L241-;L242-;A243-;K417N;E484K;N501Y;D614G;A701V|""""",12,15,B.1.351(Beta),2,1,2021,3,13
EPI_ISL_2308852,"D80A;D215G;L241-;L242-;A243-;K417N;E484K;N501Y;D614G;A701V;C1235F|""""",11,15,B.1.351(Beta),3,1,2021,3,13
EPI_ISL_2218019,"D80A;D215G;L241-;L242-;A243-;K417N;E484K;N501Y;D614G;A701V;V1177L|""""",11,15,B.1.351(Beta),3,3,2021,3,13
EPI_ISL_12043248,"D80A;D215G;L241-;L242-;A243-;K417N;E484K;N501Y;D614G;Q677H;A701V;T941A|""""",12,15,B.1.351(Beta),1,1,2021,3,13
EPI_ISL_1534611,"L18F;A67V;D80A;D215G;L241-;L242-;A243-;K417N;E484K;N501Y;D614G;A701V;C1254S|""""",13,15,B.1.351(Beta),1,1,2021,3,14
EPI_ISL_1678780,"D80A;P82L;D215G;L241-;L242-;A243-;K417N;E484K;N501Y;D614G;A701V|""""",11,15,B.1.351(Beta),3,2,2021,3,14
EPI_ISL_12043251,"L18F;D80A;D215G;L241-;L242-;A243-;K417N;E484K;N501Y;D614G;A701V;A1020S|""""",12,15,B.1.351(Beta),7,1,2021,3,14
EPI_ISL_1383800,"L18F;D80A;W152L;D215G;L241-;L242-;A243-;K417N;E484K;N501Y;D614G;A701V|""""",12,15,B.1.351(Beta),3,1,2021,3,14
EPI_ISL_1538406,"L18F;D80A;D215G;L241-;L242-;A243-;K417N;E484K;N501Y;D614G;P681H;A701V|""""",12,15,B.1.351(Beta),3,1,2021,3,14
EPI_ISL_1533429,"L18F;D80A;D215G;L241-;L242-;A243-;K417N;E484K;N501Y;D614G;A701V;V1264L|""""",12,15,B.1.351(Beta),4,2,2021,3,14
EPI_ISL_1538407,"L18F;D80A;D215G;L242-;A243-;L244-;H245-;R246-;S247-;Y248H;K417N;E484K;N501Y;D614G;A701V|""""",15,15,B.1.351(Beta),8,3,2021,3,14
EPI_ISL_4985474,"L18F;D80A;D215G;L241-;L242-;A243-;P384L;K417N;E484K;N501Y;D614G;Q677H;A701V|""""",13,15,B.1.351(Beta),29,4,2021,3,14
EPI_ISL_1520448,"D80A;P209L;D215G;L241-;L242-;A243-;K417N;N501Y;D614G;A701V;G832N|""""",11,15,B.1.351(Beta),1,1,2021,3,15
EPI_ISL_4269128,"D80A;D215G;L241-;L242-;A243-;K417N;E484K;N501Y;D614G;A701V;G1124V|""""",11,15,B.1.351(Beta),1,1,2021,3,15
EPI_ISL_1621362,"L18F;D80A;L141-;G142-;V143-;P384L;K417N;E484K;N501Y;D614G;A701V|""""",11,15,B.1.351(Beta),1,1,2021,3,15
EPI_ISL_2794290,"D80A;D215G;L241-;L242-;A243-;K417N;E484K;N501Y;D614G;A701V;L938F|""""",11,15,B.1.351(Beta),2,2,2021,3,15
EPI_ISL_2794301,"R78S;D80A;D215G;L241-;L242-;A243-;K417N;E484K;N501Y;D614G;A701V;A892S|""""",12,15,B.1.351(Beta),1,1,2021,3,15
EPI_ISL_1663568,"D80A;L241-;L242-;A243-;K417N;E484K;N501Y;A701V|""""",8,15,B.1.351(Beta),5,3,2021,3,15
EPI_ISL_16078614,"G75V;D80A;D215G;L241-;L242-;A243-;K417N;E484K;N501Y;D614G;A701V;S1252F|""""",12,15,B.1.351(Beta),7,1,2021,3,15
EPI_ISL_2197070,"D80A;D215G;L241-;L242-;A243-;V289I;K417N;E484K;N501Y;D614G;A701V|""""",11,15,B.1.351(Beta),1,1,2021,3,15
EPI_ISL_1538410,"L18F;D80A;D215G;T240-;L241-;L242-;A243-;L244-;H245-;K417N;E484K;N501Y;D614G;A701V|""""",14,15,B.1.351(Beta),2,1,2021,3,15
EPI_ISL_1389332,"D80A;D215G;L241-;L242-;A243-;K417N;E484K;N501Y;D614G;A701V;A879G|""""",11,15,B.1.351(Beta),2,1,2021,3,16
EPI_ISL_1524802,"D80A;D215G;T240-;L241-;L242-;A243-;L244-;H245-;K417N;E484K;N501Y;D614G;A672V;A701V|""""",14,15,B.1.351(Beta),1,1,2021,3,16
EPI_ISL_1531555,"L18F;A67V;D80A;D215G;L242-;A243-;L244-;H245-;R246-;S247-;Y248H;K417N;E484K;N501Y;D614G;A701V|""""",16,15,B.1.351(Beta),3,1,2021,3,16
EPI_ISL_1608679,"R21T;D80A;D215G;L241-;L242-;A243-;K417N;E484K;N501Y;D614G;A701V;A831V;V1104L|""""",13,15,B.1.351(Beta),3,2,2021,3,16
EPI_ISL_1523219,"L5F;L18F;D80A;D215G;L241-;L242-;A243-;K417N;E484K;N501Y;D614G;A701V;A899S|""""",13,15,B.1.351(Beta),1,1,2021,3,16
EPI_ISL_1306311,"D80A;D215G;L241-;L242-;A243-;K417N;E484K;N501Y;D614G;A701V;P1162L|""""",11,15,B.1.351(Beta),6,4,2021,3,16
EPI_ISL_1379168,"D80A;L241-;L242-;A243-;K417N;D614G;A701V|""""",7,15,B.1.351(Beta),10,2,2021,3,16
EPI_ISL_1902415,"L5F;D80A;D215G;K417N;E484K;N501Y;D614G;A701V|""""",8,15,B.1.351(Beta),3,1,2021,3,16
EPI_ISL_2197548,"L18F;D80A;D215G;L241-;L242-;A243-;V308L;K417N;E484K;N501Y;D614G;A701V|""""",12,15,B.1.351(Beta),7,2,2021,3,16
EPI_ISL_1554913,"L18F;D80A;D215G;L241-;L242-;A243-;T299A;K417N;E484K;N501Y;D614G;A701V|""""",12,15,B.1.351(Beta),1,1,2021,3,16
EPI_ISL_2609085,"T19I;D80A;D215G;L241-;L242-;A243-;E484K;F490S;N501Y;D614G;A701V;I896L|""""",12,15,B.1.351(Beta),1,1,2021,3,16
EPI_ISL_1902534,"L18F;D80A;D215G;L241-;L242-;A243-;P272L;P330S;K417N;E484K;N501Y;D614G;A701V|""""",13,15,B.1.351(Beta),1,1,2021,3,16
EPI_ISL_4459423,"A27S;D80A;Y170H;D215G;L241-;L242-;A243-;K417N;E484K;N501Y;D614G;A701V|""""",12,15,B.1.351(Beta),1,1,2021,3,16
EPI_ISL_1531534,"L18F;D80A;D215G;Q239-;T240-;L241-;L242-;A243-;L244-;K417N;E484K;N501Y;D614G;A701V;K1038R|""""",15,15,B.1.351(Beta),1,1,2021,3,16
EPI_ISL_1509924,"L18F;D80A;D215G;L241-;L242-;A243-;K417N;E484K;N501Y;D614G;T676I;A701V|""""",12,15,B.1.351(Beta),1,1,2021,3,16
EPI_ISL_1897803,"L5F;D80A;D215G;L241-;L242-;A243-;L303F;K417N;E484K;N501Y;D614G;A701V|""""",12,15,B.1.351(Beta),1,1,2021,3,16
EPI_ISL_1433651,"D80A;D215G;L241-;L242-;A243-;K417N;E484K;N501Y;D614G;A701V;Q787H|""""",11,15,B.1.351(Beta),1,1,2021,3,16
EPI_ISL_1707753,"D80A;D215G;K417N;E484K;N501Y;D614G;A653V;A701V|""""",8,15,B.1.351(Beta),2,2,2021,3,16
EPI_ISL_1903995,"D80A;D215G;L241-;L242-;A243-;E484K;N501Y;A570D;D614G;A701V;S982A|""""",11,15,B.1.351(Beta),1,1,2021,3,16
EPI_ISL_2795142,"D80A;D215G;L241-;L242-;A243-;K417N;E484K;N501Y;D614G;A701V;A892S|""""",11,15,B.1.351(Beta),11,3,2021,3,16
EPI_ISL_1508833,"L18F;D80A;F157L;D215G;L241-;L242-;A243-;K417N;E484K;N501Y;D614G;A701V|""""",12,15,B.1.351(Beta),1,1,2021,3,16
EPI_ISL_1903869,"D80A;D215G;L241-;L242-;A243-;K417N;N501Y;D614G;P681H;T716I;D1118H|""""",11,15,B.1.351(Beta),1,1,2021,3,16
EPI_ISL_1508915,"L18F;A67V;D80A;D215G;L241-;L242-;A243-;K417N;E484K;N501Y;D614G;A701V;D796Y|""""",13,15,B.1.351(Beta),1,1,2021,3,16
EPI_ISL_4459397,"A27S;D80A;D215G;L241-;L242-;A243-;K417N;G482S;E484K;N501Y;D614G;A701V|""""",12,15,B.1.351(Beta),1,1,2021,3,17
EPI_ISL_2609173,"S12F;D80A;D215G;L241-;L242-;A243-;E484K;N501Y;D614G;A701V|""""",10,15,B.1.351(Beta),1,1,2021,3,17
EPI_ISL_4346530,"L18F;D80A;D215G;L241-;L242-;A243-;K417N;E484K;N501Y;D614G;Q675H;A701V|""""",12,15,B.1.351(Beta),19,3,2021,3,17
EPI_ISL_1579161,"L18F;D80A;T95I;D215G;L241-;L242-;A243-;K417N;E484K;N501Y;D614G;A701V|""""",12,15,B.1.351(Beta),2,1,2021,3,17
EPI_ISL_1454309,"L18F;D80A;P174S;D215G;L241-;L242-;A243-;K417N;E484K;N501Y;D614G;A701V|""""",12,15,B.1.351(Beta),1,1,2021,3,17
EPI_ISL_2123995,"L18F;D80A;D215G;L241-;L242-;A243-;K417N;E484K;N501Y;D614G;A701V;G1171V|""""",12,15,B.1.351(Beta),23,15,2021,3,17
EPI_ISL_1346635,"D80A;D215G;L241-;L242-;A243-;K417N;E484K;N501Y;D614G;A701V;A1078S|""""",11,15,B.1.351(Beta),4,1,2021,3,17
EPI_ISL_6506580,"L18F;D80A;D215G;L241-;L242-;A243-;K417N;E484K;N501Y;D614G;A701V;T859I;K1191N|""""",13,15,B.1.351(Beta),1,1,2021,3,17
EPI_ISL_1673341,"L18F;D80A;I210-;D215G;L241-;L242-;A243-;K417N;E484K;N501Y;D614G;A701V|""""",12,15,B.1.351(Beta),1,1,2021,3,17
EPI_ISL_1577367,"L18F;D80A;D215G;L241-;L242-;A243-;K417N;E484K;N501Y;D614G;A701V;I934L;A1020S|""""",13,15,B.1.351(Beta),2,2,2021,3,17
EPI_ISL_1685463,"L18F;D80A;M153K;D215G;L241-;L242-;A243-;K417N;E484K;N501Y;D614G;A701V|""""",12,15,B.1.351(Beta),3,3,2021,3,17
EPI_ISL_1416937,"L18F;D80A;D215G;L241-;L242-;A243-;K417N;E484K;N501Y;D614G;A701V;D936H|""""",12,15,B.1.351(Beta),3,2,2021,3,17
EPI_ISL_11970955,"L18F;D80A;D215G;L241-;L242-;A243-;K417N;E484K;N501Y;D614G;Q675H;A701V;A1020S|""""",13,15,B.1.351(Beta),1,1,2021,3,17
EPI_ISL_1989267,"D80A;D215G;L241-;L242-;A243-;K417N;E484K;N501Y;D614G;A701V;A879S;D1163Y|""""",12,15,B.1.351(Beta),4,1,2021,3,18
EPI_ISL_1541925,"L18F;D80A;V143F;D215G;L241-;L242-;A243-;K417N;E484K;N501Y;D614G;A701V|""""",12,15,B.1.351(Beta),85,12,2021,3,18
EPI_ISL_1567708,"D80A;V143D;Y145-;W152L;D215G;L241-;L242-;A243-;K417N;E484K;N501Y;D614G;A701V;G1167R|""""",14,15,B.1.351(Beta),2,1,2021,3,18
EPI_ISL_2609264,"T19I;D80A;D215G;L241-;L242-;A243-;E484K;N501Y;A701V|""""",9,15,B.1.351(Beta),4,2,2021,3,18
EPI_ISL_1669826,"L18F;D80A;D215G;L241-;L242-;A243-;K417N;E484K;N501Y;D614G;A701V;P1162S|""""",12,15,B.1.351(Beta),10,3,2021,3,18
EPI_ISL_2604570,"T19I;D80A;D215G;L241-;L242-;A243-;L296I;E484K;N501Y;D614G;A701V;I896L|""""",12,15,B.1.351(Beta),1,1,2021,3,18
EPI_ISL_4367304,"L18F;D80A;Y145-;D215G;L241-;L242-;A243-;K417N;E484K;N501Y;D614G;A701V|""""",12,15,B.1.351(Beta),2,1,2021,3,18
EPI_ISL_1402415,"L18F;D80A;D215G;L241-;L242-;A243-;K417N;E484K;N501Y;D614G;A701V;R765L|""""",12,15,B.1.351(Beta),2,2,2021,3,18
EPI_ISL_2179710,"L18F;D80A;D215G;L241-;L242-;A243-;K417N;E484K;N501Y;D614G;A701V;G1124V|""""",12,15,B.1.351(Beta),3,1,2021,3,18
EPI_ISL_1678386,"D80A;D215G;L241-;L242-;A243-;K417N;E484K;N501Y;D614G;A701V;G1131A|""""",11,15,B.1.351(Beta),1,1,2021,3,18
EPI_ISL_1539173,"L18F;L54F;D80A;D215G;L241-;L242-;A243-;K417N;E484K;N501Y;D614G;A701V;T716I|""""",13,15,B.1.351(Beta),1,1,2021,3,18
EPI_ISL_4115659,"L18F;D80A;D215G;L241-;L242-;A243-;K417N;E484K;N501Y;D614G;A701V;D1259Y|""""",12,15,B.1.351(Beta),1,1,2021,3,18
EPI_ISL_1514385,"D80A;D215G;L241-;L242-;A243-;N501Y;A570D;D614G;P681H;S982A;D1118H|""""",11,15,B.1.351(Beta),1,1,2021,3,19
EPI_ISL_2189222,"A27S;D80A;K147I;D215G;L241-;L242-;A243-;K417N;E484K;N501Y;D614G;A701V|""""",12,15,B.1.351(Beta),2,2,2021,3,19
EPI_ISL_2188899,"A27S;D80A;D215G;L241-;L242-;A243-;K417N;E484K;N501Y;D614G;A701V;P1263L|""""",12,15,B.1.351(Beta),1,1,2021,3,19
EPI_ISL_1511119,"L18F;D80A;D215G;L241-;L242-;A243-;A264T;K417N;E484K;N501Y;D614G;A701V|""""",12,15,B.1.351(Beta),3,3,2021,3,19
EPI_ISL_4960987,"D80A;R102I;D215G;L241-;L242-;A243-;K417N;E484K;N501Y;D614G;A701V|""""",11,15,B.1.351(Beta),2,2,2021,3,19
EPI_ISL_1927361,"A27S;D80A;V193L;D215G;L241-;L242-;A243-;K417N;E484K;N501Y;F565L;D614G;A701V|""""",13,15,B.1.351(Beta),2,2,2021,3,20
EPI_ISL_1439863,"S12F;D80A;D215G;L241-;L242-;A243-;K417N;E484K;N501Y;D614G;A701V|""""",11,15,B.1.351(Beta),1,1,2021,3,20
EPI_ISL_1899674,"D80A;D215G;L241-;L242-;A243-;K417N;E484K;N501Y;D614G;A701V;I1227M|""""",11,15,B.1.351(Beta),1,1,2021,3,20
EPI_ISL_2609144,"T19I;D80A;D215G;L241-;L242-;A243-;E484K;N501Y;A701V;I896L|""""",10,15,B.1.351(Beta),2,1,2021,3,20
EPI_ISL_1599534,"L18F;G72E;D80A;D215G;L241-;L242-;A243-;K417N;E484K;N501Y;D614G;A701V|""""",12,15,B.1.351(Beta),1,1,2021,3,20
EPI_ISL_1457605,"D80A;D215G;L241-;L242-;A243-;K417N;N501Y;D614G;A701V;Q1208H|""""",10,15,B.1.351(Beta),1,1,2021,3,20
EPI_ISL_1453780,"D80A;D215G;L241-;L242-;A243-;K417N;E484K;N501Y;D614G;A701V;S813I|""""",11,15,B.1.351(Beta),9,2,2021,3,20
EPI_ISL_1559663,"A27S;D80A;D215G;L241-;L242-;A243-;K417N;E484K;N501Y;D614G;A688V;A701V|""""",12,15,B.1.351(Beta),1,1,2021,3,20
EPI_ISL_1451477,"C15F;D80A;Y145-;D215G;L241-;L242-;A243-;K417N;E484K;N501Y;D614G;A701V|""""",12,15,B.1.351(Beta),1,1,2021,3,21
EPI_ISL_1367552,"L18F;D80A;R102I;D215G;L241-;L242-;A243-;K417N;E484K;N501Y;D614G;A701V|""""",12,15,B.1.351(Beta),1,1,2021,3,21
EPI_ISL_1457604,"D80A;D215G;L241-;L242-;A243-;G268S;K417N;E484K;N501Y;E516Q;D614G;A701V;Q1208H|""""",13,15,B.1.351(Beta),1,1,2021,3,21
EPI_ISL_1367545,"L18F;D80A;D215G;L241-;L242-;A243-;K417N;E484K;N501Y;D614G;A701V;V772I|""""",12,15,B.1.351(Beta),1,1,2021,3,21
EPI_ISL_2609149,"T19I;D80A;D215G;E484K;N501Y;D614G;A701V|""""",7,15,B.1.351(Beta),2,1,2021,3,21
EPI_ISL_3892113,"D80V;D215G;L241-;L242-;A243-;K417N;E484K;N501Y;D614G;A701V|""""",10,15,B.1.351(Beta),1,1,2021,3,21
EPI_ISL_4459414,"A27S;D80A;D215G;L241-;L242-;A243-;K417N;E484K;N501Y;D614G;A701V;G1085R|""""",12,15,B.1.351(Beta),1,1,2021,3,22
EPI_ISL_1675213,"L18F;A67V;D80A;D215G;L241-;L242-;A243-;K417N;E484K;N501Y;D614G;A701V;M1237I|""""",13,15,B.1.351(Beta),4,4,2021,3,22
EPI_ISL_1754935,"L18F;D80A;D215G;L242H;A243T;K417N;E484K;N501Y;D614G;A701V|""""",10,15,B.1.351(Beta),2,2,2021,3,22
EPI_ISL_1523335,"L18F;D80A;D215G;L241-;L242-;A243-;P384L;K417N;E484K;N501Y;T572I;D614G;A701V|""""",13,15,B.1.351(Beta),2,2,2021,3,22
EPI_ISL_1606935,"L18F;D80A;D215G;L241-;L242-;A243-;K417N;E484K;N501Y;D614G;N679S;A701V|""""",12,15,B.1.351(Beta),1,1,2021,3,22
EPI_ISL_18336868,"D80A;D215G;L241-;L242-;A243-;V367F;E484K;N501Y;D614G;A701V|""""",10,15,B.1.351(Beta),1,1,2021,3,22
EPI_ISL_1550182,"D80A;D215G;R237K;L241-;L242-;A243-;K417N;E484K;N501Y;D614G;A701V|""""",11,15,B.1.351(Beta),1,1,2021,3,22
EPI_ISL_1827538,"Q23E;D80A;D215G;L241-;L242-;A243-;K417N;E484K;N501Y;D614G;A701V|""""",11,15,B.1.351(Beta),4,3,2021,3,22
EPI_ISL_2374005,"L5F;D80A;S151I;D215G;L241-;L242-;A243-;K417N;E484K;N501Y;D614G;A701V|""""",12,15,B.1.351(Beta),1,1,2021,3,22
EPI_ISL_2258899,"T19I;D80A;D215G;L241-;L242-;A243-;K417N;E484K;N501Y;D614G;A701V;I896L|""""",12,15,B.1.351(Beta),8,3,2021,3,22
EPI_ISL_2107350,"D80A;D215G;L241-;L242-;A243-;K417N;E484K;N501Y;D614G;A701V;T778I|""""",11,15,B.1.351(Beta),2,1,2021,3,22
EPI_ISL_13477157,"L18F;A67V;D80A;D215G;L241-;L242-;A243-;T385I;K417N;E484K;N501Y;D614G;A701V|""""",13,15,B.1.351(Beta),1,1,2021,3,22
EPI_ISL_1899637,"L18F;D80A;D215G;L241-;L242-;A243-;K417N;E484K;N501Y;D614G;A701V;L938F|""""",12,15,B.1.351(Beta),1,1,2021,3,22
EPI_ISL_2221286,"D80A;D215G;L241-;L242-;A243-;K417N;E484K;N501Y;D614G;A701V;A766V;G857C|""""",12,15,B.1.351(Beta),1,1,2021,3,22
EPI_ISL_7274134,"L18F;P39L;S50L;H69-;V70-;M153I;D215G;L241-;L242-;A243-;K417N;N501Y;N540K;D614G;A701V|""""",15,15,B.1.351(Beta),1,1,2021,3,22
EPI_ISL_2476308,"L18F;D80A;D215G;L241-;L242-;A243-;K417N;E484K;N501Y;D614G;A653V;A701V|""""",12,15,B.1.351(Beta),2,1,2021,3,22
EPI_ISL_2139590,"L18F;D80A;D215G;L241-;L242-;A243-;K417N;E484K;N501Y;D614G;A688V;A701V|""""",12,15,B.1.351(Beta),1,1,2021,3,23
EPI_ISL_2188928,"A27S;D80A;D215G;L241-;L242-;A243-;K417N;E484K;N501Y;D614G;A701V;L1203F|""""",12,15,B.1.351(Beta),1,1,2021,3,23
EPI_ISL_2139604,"L18F;D80A;D215G;L241-;L242-;A243-;G252V;K417N;E484K;N501Y;D614G;A701V|""""",12,15,B.1.351(Beta),1,1,2021,3,23
EPI_ISL_1754100,"L18F;D80A;D215G;A262G;K417N;D614G;A701V|""""",7,15,B.1.351(Beta),2,1,2021,3,23
EPI_ISL_1605488,"L18F;D80A;D215G;L241-;L242-;A243-;K417N;T430I;E484K;N501Y;D614G;A701V|""""",12,15,B.1.351(Beta),1,1,2021,3,23
EPI_ISL_2139595,"D80A;D215G;L241-;L242-;A243-;K417N;E484K;N501Y;D614G;A701V;N717T|""""",11,15,B.1.351(Beta),1,1,2021,3,23
EPI_ISL_7139630,"L18F;D80A;D215G;L241-;L242-;A243-;K417N;E484K;N501Y;Q613H;D614G;A701V|""""",12,15,B.1.351(Beta),2,1,2021,3,23
EPI_ISL_1605927,"D80A;D215G;L241-;L242-;A243-;W258L;K417N;E484K;N501Y;D614G;A701V|""""",11,15,B.1.351(Beta),3,1,2021,3,23
EPI_ISL_1439827,"L18F;T33I;D80A;S151I;D215G;L241-;L242-;A243-;K417N;E484K;N501Y;D614G;A701V;A771S;G1171V|""""",15,15,B.1.351(Beta),1,1,2021,3,23
EPI_ISL_1754999,"D80A;D215G;L242Q;A243T;K417N;E484K;N501Y;D614G;A701V|""""",9,15,B.1.351(Beta),1,1,2021,3,23
EPI_ISL_4549077,"L18F;D80A;Y145-;D215G;L241-;L242-;A243-;K417N;E484K;N501Y;D614G;A701V;P1162S|""""",13,15,B.1.351(Beta),9,3,2021,3,23
EPI_ISL_6506310,"D80A;D215G;L241-;L242-;A243-;K417N;E484K;N501Y;D614G;A701V;S711F|""""",11,15,B.1.351(Beta),1,1,2021,3,23
EPI_ISL_2139628,"L18F;D80A;D215G;L241-;L242-;A243-;G252V;K417N;E484K;D614G;A701V;G1219C|""""",12,15,B.1.351(Beta),1,1,2021,3,23
EPI_ISL_2374007,"D80A;D215G;T240-;L241-;L242-;E484K;N501Y;D614G;A701V|""""",9,15,B.1.351(Beta),1,1,2021,3,23
EPI_ISL_1742838,"L18F;D80A;D215G;L242-;A243-;L244-;H245-;R246-;S247-;Y248H;K417N;E484K;N501Y;D614G;N679Y;A701V|""""",16,15,B.1.351(Beta),1,1,2021,3,23
EPI_ISL_2222214,"D80A;D215G;L241-;L242-;A243-;K417N;E484K;N501Y;D614G;A701V;A783V|""""",11,15,B.1.351(Beta),2,2,2021,3,23
EPI_ISL_1451450,"L18F;D80A;D215G;L241-;L242-;A243-;W258L;K417N;E484K;N501Y;D614G;A701V|""""",12,15,B.1.351(Beta),2,1,2021,3,23
EPI_ISL_2254818,"D80A;D215G;L241-;L242-;A243-;E484K;N501Y;D614G;A701V;D1118H|""""",10,15,B.1.351(Beta),2,2,2021,3,23
EPI_ISL_2255495,"D80A;D215G;K417N;E484K;N501Y;D614G;P681H;T716I|""""",8,15,B.1.351(Beta),1,1,2021,3,23
EPI_ISL_1558712,"D215G;L241-;L242-;A243-;K417N;E484K;N501Y;D614G;A701V|""""",9,15,B.1.351(Beta),4,1,2021,3,23
EPI_ISL_1607617,"L18F;D80A;D215G;L241-;L242-;A243-;H245Y;K417N;E484K;N501Y;D614G;A701V|""""",12,15,B.1.351(Beta),9,1,2021,3,23
EPI_ISL_5547388,"L5F;A27S;D80A;D215G;L241-;L242-;A243-;K417N;E484K;N501Y;D614G;A701V|""""",12,15,B.1.351(Beta),1,1,2021,3,24
EPI_ISL_1487865,"L18F;D80A;L141-;G142-;V143-;Y144F;D215G;L241-;L242-;A243-;K417N;E484K;N501Y;D614G;A701V|""""",15,15,B.1.351(Beta),1,1,2021,3,24
EPI_ISL_1560945,"D80A;D215G;L241-;L242-;A243-;K417N;E484K;N501Y;D614G;A701V;V1176F|""""",11,15,B.1.351(Beta),35,2,2021,3,24
EPI_ISL_1534472,"L18F;D80A;L241-;L242-;A243-;K417N;E484K;N501Y;D614G;A701V;T716I|""""",11,15,B.1.351(Beta),1,1,2021,3,24
EPI_ISL_1523255,"L18F;D80A;D215G;L241-;L242-;A243-;S247I;K417N;E484K;N501Y;D614G;A701V|""""",12,15,B.1.351(Beta),4,3,2021,3,24
EPI_ISL_1523306,"L18F;A27V;D80A;D215G;L241-;L242-;A243-;K417N;E484K;N501Y;D614G;A701V|""""",12,15,B.1.351(Beta),1,1,2021,3,24
EPI_ISL_1566744,"S12F;D80A;D215G;L241-;L242-;A243-;K417N;E484K;N501Y;D614G;A701V;L938-;S939-;S940-;T941-;A942-;S943-;A944-;L945-|""""",19,15,B.1.351(Beta),1,1,2021,3,24
EPI_ISL_2775784,"L18F;S155N;G181V;L241-;L242-;A243-;E484K;D614G;T732A|""""",9,15,B.1.351(Beta),1,1,2021,3,24
EPI_ISL_2858665,"L18F;D80A;D215G;L241-;L242-;A243-;D287E;A288P;K417N;E484K;N501Y;D614G;A701V|""""",13,15,B.1.351(Beta),1,1,2021,3,24
EPI_ISL_1608923,"L18F;L54F;D80A;D215G;L241-;L242-;A243-;K417N;E484K;N501Y;D614G;A701V|""""",12,15,B.1.351(Beta),5,2,2021,3,25
EPI_ISL_2031880,"D80A;D215G;L241-;L242-;A243-;K417N;E484K;N501Y;D614G;A701V;D1118H|""""",11,15,B.1.351(Beta),3,1,2021,3,25
EPI_ISL_17758094,"L18F;A67V;D80A;D215G;L241-;L242-;A243-;E484K;C488W;N501Y;D614G;A701V|""""",12,15,B.1.351(Beta),1,1,2021,3,25
EPI_ISL_2693614,"L18F;D80A;D215G;L241-;L242-;A243-;V382L;K417N;E484K;N501Y;D614G;A701V|""""",12,15,B.1.351(Beta),3,1,2021,3,25
EPI_ISL_16405158,"A27S;D80A;D215G;L241-;L242-;A243-;A264V;K417N;E484K;N501Y;D614G;A701V|""""",12,15,B.1.351(Beta),2,1,2021,3,25
EPI_ISL_5156368,"L18F;D80A;D215G;L241-;L242-;A243-;P384L;K417N;D614G;Q677H;A701V|""""",11,15,B.1.351(Beta),1,1,2021,3,25
EPI_ISL_3364254,"D80A;D215G;L241-;L242-;A243-;K417N;N501Y;D614G;A701V;P1162L|""""",10,15,B.1.351(Beta),1,1,2021,3,26
EPI_ISL_2506979,"T19I;D80A;D215G;L241-;L242-;A243-;E484K;N501Y;D614G;A701V;A1190T|""""",11,15,B.1.351(Beta),1,1,2021,3,26
EPI_ISL_3796044,"D80A;D215G;L241-;L242-;A243-;K417N;E484K;N501Y;D614G;A701V;A845S;R847T|""""",12,15,B.1.351(Beta),1,1,2021,3,26
EPI_ISL_1664287,"A27S;D80A;D215G;L241-;L242-;A243-;K417N;E484K;N501Y;A522V;D614G;A701V|""""",12,15,B.1.351(Beta),5,3,2021,3,26
EPI_ISL_1609134,"D80A;D215G;L241-;L242-;A243-;K417N;E484K;N501Y;D614G;V642F;A701V|""""",11,15,B.1.351(Beta),1,1,2021,3,26
EPI_ISL_1760132,"L18F;L241-;L242-;A243-;N501Y;D614G;A701V|""""",7,15,B.1.351(Beta),2,2,2021,3,26
EPI_ISL_1521264,"D80A;D215G;L241-;L242-;A243-;H245P;K417N;E484K;N501Y;D614G;A701V|""""",11,15,B.1.351(Beta),1,1,2021,3,26
EPI_ISL_1556928,"L18F;D80A;D215G;L241-;L242-;A243-;K417N;N440T;E484K;N501Y;D614G;A701V;C1250F|""""",13,15,B.1.351(Beta),1,1,2021,3,26
EPI_ISL_1601360,"P9L;D80A;D215G;L241-;L242-;A243-;K417N;E484K;N501Y;D614G;A701V|""""",11,15,B.1.351(Beta),1,1,2021,3,26
EPI_ISL_1848447,"L18F;D80A;D215G;L241-;L242-;A243-;K417N;E484K;N501Y;D614G;A701V;T719I|""""",12,15,B.1.351(Beta),9,1,2021,3,26
EPI_ISL_2256358,"D80A;D215G;L241-;L242-;A243-;K417N;E484K;N501Y;D614G;A701V;S884C|""""",11,15,B.1.351(Beta),1,1,2021,3,26
EPI_ISL_1597600,"L18F;D80A;D215G;L241-;L242-;A243-;P384L;K417N;E484K;N501Y;D614G;A701V;L1200F|""""",13,15,B.1.351(Beta),5,1,2021,3,26
EPI_ISL_1476995,"L18F;A67V;D80A;D215G;L241-;L242-;A243-;K417N;E484K;N501Y;D614G;A701V;R1014T|""""",13,15,B.1.351(Beta),1,1,2021,3,26
EPI_ISL_1760126,"D80A;L241-;L242-;A243-;D614G;A701V|""""",6,15,B.1.351(Beta),2,1,2021,3,26
EPI_ISL_2256978,"D80A;D215G;L242-;A243P;K417N;E484K;N501Y;D614G;A701V|""""",9,15,B.1.351(Beta),9,1,2021,3,26
EPI_ISL_1577638,"D80A;D215G;L241-;L242-;A243-;K417N;E484K;D614G;A701V|""""",9,15,B.1.351(Beta),5,1,2021,3,27
EPI_ISL_2374013,"L5F;L18F;D80A;D215G;Q239H;T240-;L241-;L242-;K417N;E484K;N501Y;D614G;A701V|""""",13,15,B.1.351(Beta),1,1,2021,3,27
EPI_ISL_1962960,"A27S;G75V;D80A;D215G;L241-;L242-;A243-;K417N;E484K;N501Y;D614G;A701V|""""",12,15,B.1.351(Beta),4,1,2021,3,27
EPI_ISL_2506900,"L18F;A67V;D80A;D215G;L241-;L242-;A243-;E484K;N501Y;D614G;A701V|""""",11,15,B.1.351(Beta),2,2,2021,3,27
EPI_ISL_8025549,"D80A;D215G;L241-;L242-;A243-;S247I;K417N;E484K;N501Y;D614G;A701V|""""",11,15,B.1.351(Beta),1,1,2021,3,27
EPI_ISL_1511118,"L18F;D80A;D215G;L241-;L242-;A243-;K417N;E484K;N501Y;D614G;A701V;I818V|""""",12,15,B.1.351(Beta),2,2,2021,3,27
EPI_ISL_1523344,"D80A;D215G;L241-;L242-;A243-;K417N;E484K;N501Y;D614G;T678I;A701V;P1079S|""""",12,15,B.1.351(Beta),2,1,2021,3,27
EPI_ISL_1558682,"L18F;D80A;D215G;L241-;L242-;A243-;K417N;E484K;N501Y;A701V|""""",10,15,B.1.351(Beta),2,1,2021,3,28
EPI_ISL_1820249,"L18F;H69Q;D80A;D215G;L241-;L242-;A243-;K417N;E484K;N501Y;D614G;A701V|""""",12,15,B.1.351(Beta),1,1,2021,3,28
EPI_ISL_7507685,"L8F;L18F;A67V;D80A;D215G;L241-;L242-;A243-;K417N;E484K;N501Y;D614G;A701V|""""",13,15,B.1.351(Beta),1,1,2021,3,28
EPI_ISL_2374014,"D80A;D215G;L241-;L242-;A243-;A288V;K417N;E484K;N501Y;D614G;A701V|""""",11,15,B.1.351(Beta),1,1,2021,3,28
EPI_ISL_1521261,"D80A;D215G;L241-;L242-;A243-;K417N;E484K;N501Y;A701V|""""",9,15,B.1.351(Beta),1,1,2021,3,28
EPI_ISL_2257481,"D80A;D215G;L241-;L242-;A243S;K417N;E484K;N501Y;D614G;A701V;D1118H|""""",11,15,B.1.351(Beta),1,1,2021,3,29
EPI_ISL_1678492,"L18F;L241-;L242-;A243-;K417N;N501Y;D614G;A701V|""""",8,15,B.1.351(Beta),3,3,2021,3,29
EPI_ISL_1678550,"L18F;L241-;L242-;A243-;K417N;N501Y;D614G;A701V;D1260Y|""""",9,15,B.1.351(Beta),2,2,2021,3,29
EPI_ISL_1678496,"L18F;L241-;L242-;A243-;K417N;E484K;N501Y;D614G;A701V;D1260Y|""""",10,15,B.1.351(Beta),2,2,2021,3,29
EPI_ISL_1703339,"D80A;D215G;L241-;L242-;A243-;K417N;E484K;N501Y;E516Q;D614G;A701V;A1078S;Q1208H|""""",13,15,B.1.351(Beta),1,1,2021,3,29
EPI_ISL_1678527,"L241-;L242-;A243-;K417N;N501Y;D614G|""""",6,15,B.1.351(Beta),17,15,2021,3,29
EPI_ISL_11036388,"D80A;D215G;L241-;L242-;A243-;K417N;L452R;T478K;D614G;A701V|""""",10,15,B.1.351(Beta),3,1,2021,3,29
EPI_ISL_1703073,"L18F;N30H;D80A;D215G;K417N;E484K;N501Y;D614G;A701V|""""",9,15,B.1.351(Beta),1,1,2021,3,29
EPI_ISL_1678521,"L18F;L241-;L242-;A243-;K417N;E484K;N501Y;D614G|""""",8,15,B.1.351(Beta),2,2,2021,3,29
EPI_ISL_1880730,"D80A;D215G;L241-;L242-;A243-;W258L;K417N;E484K;N501Y;D614G;A701V;P1162S|""""",12,15,B.1.351(Beta),2,1,2021,3,29
EPI_ISL_1917587,"L18F;D80A;D215G;L241-;L242-;A243-;K417N;E484K;N501Y;D614G;E619D;A701V;G932S|""""",13,15,B.1.351(Beta),1,1,2021,3,29
EPI_ISL_1722694,"D80A;D215G;L241-;L242-;A243-;K417N;E484K;N501Y;D614G;A701V;D820E|""""",11,15,B.1.351(Beta),1,1,2021,3,29
EPI_ISL_1678488,"L18F;D80A;N81S;L241-;L242-;A243-;K417N;E484K;N501Y;D614G;A701V|""""",11,15,B.1.351(Beta),1,1,2021,3,29
EPI_ISL_1678499,"D80A;L241-;L242-;A243-;K417N;E484K;N501Y;D614G;A701V;A879S|""""",10,15,B.1.351(Beta),2,1,2021,3,29
EPI_ISL_1477021,"A27S;D80A;D215G;K417N;E484K;N501Y;D614G;A701V|""""",8,15,B.1.351(Beta),3,1,2021,3,29
EPI_ISL_2257477,"D80A;D215G;K417N;E484K;N501Y;A570D;D614G;A701V|""""",8,15,B.1.351(Beta),1,1,2021,3,29
EPI_ISL_2323013,"D80A;Y145-;D215G;L241-;L242-;A243-;K417N;E484K;N501Y;D614G;A701V|""""",11,15,B.1.351(Beta),5,2,2021,3,30
EPI_ISL_2257180,"L54F;D80A;D215G;L241-;L242-;A243-;K417N;E484K;N501Y;D614G;A701V|""""",11,15,B.1.351(Beta),13,1,2021,3,30
EPI_ISL_2936214,"D80A;D215G;L241-;L242-;A243-;K417N;E484K;N501Y;E516V;D614G;A701V;G908S|""""",12,15,B.1.351(Beta),1,1,2021,3,30
EPI_ISL_2936254,"D215G;L241-;L242-;A243-;K417N;N501Y;D614G|""""",7,15,B.1.351(Beta),1,1,2021,3,30
EPI_ISL_2257488,"D80A;D215G;L241-;L242-;A243-;K417N;E484K;N501Y;D614G;P665S;A701V|""""",11,15,B.1.351(Beta),1,1,2021,3,30
EPI_ISL_2403631,"L18F;L241-;L242-;A243-;N501Y;D614G|""""",6,15,B.1.351(Beta),12,11,2021,3,30
EPI_ISL_2936275,"D80A;D215G;L241-;L242-;A243-;K417N;E484K;G496S;N501Y;D614G;A701V|""""",11,15,B.1.351(Beta),1,1,2021,3,30
EPI_ISL_2257300,"L18F;D80A;D215G;L241-;L242-;A243-;K417N;E484K;N501Y;D614G;A701V;A1087V|""""",12,15,B.1.351(Beta),1,1,2021,3,30
EPI_ISL_1646001,"D80A;Y145-;W152L;D215G;L241-;L242-;A243-;K417N;E484K;N501Y;D614G;A701V;L822F;G1167R|""""",14,15,B.1.351(Beta),1,1,2021,3,30
EPI_ISL_2936133,"D80A;D215G;L241-;L242-;A243-;K417N;N501Y;D614G|""""",8,15,B.1.351(Beta),1,1,2021,3,30
EPI_ISL_2936256,"L241-;L242-;A243-;K417N;E484K;N501Y;D614G|""""",7,15,B.1.351(Beta),1,1,2021,3,30
EPI_ISL_2968487,"L18F;D80A;L241-;L242-;A243-;E484K;D614G|""""",7,15,B.1.351(Beta),2,1,2021,3,30
EPI_ISL_2968486,"L18F;D80A;L241-;L242-;A243-;D614G|""""",6,15,B.1.351(Beta),2,1,2021,3,30
EPI_ISL_2968501,"L18F;H69-;V70-;D80A;K417N;E484K;N501Y;D614G;P681H|""""",9,15,B.1.351(Beta),1,1,2021,3,30
EPI_ISL_2936178,"L241-;L242-;A243-;A262V;E484K;N501Y;D614G;A879S|""""",8,15,B.1.351(Beta),1,1,2021,3,30
EPI_ISL_2968480,"L18F;D80A;L241-;L242-;A243-;K417N;Y489C;N501Y;D614G|""""",9,15,B.1.351(Beta),2,1,2021,3,30
EPI_ISL_1612716,"L5F;A27S;D80A;D215G;L241-;L242-;A243-;K417N;E484K;N501Y;D614G;A701V;D1139Y|""""",13,15,B.1.351(Beta),1,1,2021,3,30
EPI_ISL_2202389,"D80A;L241-;L242-;A243-;E484K;N501Y;D614G|""""",7,15,B.1.351(Beta),3,2,2021,3,30
EPI_ISL_2968514,"D80A;K417N;E484K;N501Y;D614G;A701V;D1260Y|""""",7,15,B.1.351(Beta),1,1,2021,3,30
EPI_ISL_2968450,"L18F;L241-;L242-;A243-;K417N;N501Y;D614G|""""",7,15,B.1.351(Beta),2,1,2021,3,30
EPI_ISL_2968478,"L18F;D80A;H146Y;I210T;L241-;L242-;A243-;K417N;E484K;N501Y;D614G|""""",11,15,B.1.351(Beta),2,1,2021,3,30
EPI_ISL_2968383,"D80A;L241-;L242-;A243-;G446V;N501Y;D614G|""""",7,15,B.1.351(Beta),2,1,2021,3,30
EPI_ISL_2968467,"D80A;L241-;L242-;A243-;K417N;E484K;N501Y;D614G;D1260Y|""""",9,15,B.1.351(Beta),2,1,2021,3,30
EPI_ISL_2968494,"D80A;L241-;L242-;A243-;E484K;N501Y;D614G;D950N|""""",8,15,B.1.351(Beta),2,1,2021,3,30
EPI_ISL_2968495,"L18F;L241-;L242-;A243-;N501Y;D614G;P681R;D936N;S939F|""""",9,15,B.1.351(Beta),2,1,2021,3,30
EPI_ISL_2403552,"D215G;K417N;E484K;N501Y;D614G;A701V|""""",6,15,B.1.351(Beta),1,1,2021,3,30
EPI_ISL_2936167,"L18F;L241-;L242-;A243-;P384L;K417N;N501Y;D614G|""""",8,15,B.1.351(Beta),1,1,2021,3,30
EPI_ISL_2257494,"V6A;D80A;D215G;K417N;E484K;N501Y;D614G;A701V|""""",8,15,B.1.351(Beta),1,1,2021,3,30
EPI_ISL_2968481,"L18F;D80A;L241-;L242-;A243-;K417N;E484K;D614G|""""",8,15,B.1.351(Beta),2,1,2021,3,30
EPI_ISL_2936223,"H69D;D80A;D215G;L241-;L242-;A243-;K417N;E484K;N501Y;D614G|""""",10,15,B.1.351(Beta),1,1,2021,3,30
EPI_ISL_2936149,"L18F;D80A;L241-;L242-;A243-;N501Y;D614G;A701V|""""",8,15,B.1.351(Beta),1,1,2021,3,30
EPI_ISL_2936234,"D80A;D215G;L241-;L242-;A243-;R273S;K417N;E484K;N501Y;D614G;A701V|""""",11,15,B.1.351(Beta),1,1,2021,3,30
EPI_ISL_2936155,"L18F;L241-;L242-;A243-;P384L;E484K;N501Y;D614G;Q675H|""""",9,15,B.1.351(Beta),1,1,2021,3,30
EPI_ISL_2968489,"L18F;D80A;L241-;L242-;A243-;K417N;E484K;N501Y;D614G|""""",9,15,B.1.351(Beta),3,1,2021,3,30
EPI_ISL_2968465,"L18F;G75S;D80A;L241-;L242-;A243-;E484K;N501Y;D614G|""""",9,15,B.1.351(Beta),2,1,2021,3,30
EPI_ISL_2968445,"D215G;L241-;L242-;A243-;N501Y;D614G|""""",6,15,B.1.351(Beta),2,1,2021,3,30
EPI_ISL_2968476,"L18F;D80A;L241-;L242-;A243-;E484K;N501Y;D614G|""""",8,15,B.1.351(Beta),4,2,2021,3,30
EPI_ISL_2968377,"L18F;D80A;L241-;L242-;A243-;K417N;N501Y;D614G|""""",8,15,B.1.351(Beta),3,1,2021,3,30
EPI_ISL_3447993,"L18F;D80A;D215G;L241-;L242-;A243-;K417N;E484K;N501Y;D614G;Q675H;A701V;D1163Y|""""",13,15,B.1.351(Beta),1,1,2021,3,30
EPI_ISL_2968373,"D80A;L241-;L242-;A243-;N501Y;D614G;A701V|""""",7,15,B.1.351(Beta),7,1,2021,3,30
EPI_ISL_2968473,"L18F;D80A;L241-;L242-;A243-;P384L;K417N;E484K;N501Y;D614G;A701V|""""",11,15,B.1.351(Beta),3,1,2021,3,30
EPI_ISL_2968484,"L18F;D80A;L241-;L242-;A243-;N460S;S477T;N501Y;D614G;D936N;S939F|""""",11,15,B.1.351(Beta),1,1,2021,3,30
EPI_ISL_2968468,"L18F;D80A;L241-;L242-;A243-;G252V;K417N;E484K;N501Y;D614G;A701V|""""",11,15,B.1.351(Beta),2,1,2021,3,30
EPI_ISL_2936180,"D80A;L241-;L242-;A243-;P384L;N501Y;D614G|""""",7,15,B.1.351(Beta),1,1,2021,3,30
EPI_ISL_6506387,"D80A;D215G;L241-;L242-;A243-;K417N;E484K;N501Y;D614G;A623S;A701V|""""",11,15,B.1.351(Beta),1,1,2021,3,30
EPI_ISL_2968463,"L18F;D80A;R190S;L241-;L242-;A243-;K417N;N501Y;D614G;A701V|""""",10,15,B.1.351(Beta),1,1,2021,3,30
EPI_ISL_2968490,"L18F;D80A;L241-;L242-;A243-;E484K;N501Y;D614G;D1260Y|""""",9,15,B.1.351(Beta),2,1,2021,3,30
EPI_ISL_2968511,"L18F;D80A;K417N;N501Y;D614G;A701V|""""",6,15,B.1.351(Beta),1,1,2021,3,30
EPI_ISL_1918218,"D80A;D215G;L241-;L242-;A243-;K417N;E484K;N501Y;D614G;A701V;P1079S|""""",11,15,B.1.351(Beta),6,1,2021,3,30
EPI_ISL_2936186,"T19R;D80A;L241-;L242-;A243-;N501Y;D614G;G639S|""""",8,15,B.1.351(Beta),1,1,2021,3,30
EPI_ISL_2936175,"L18F;D80A;D215G;L241-;L242-;A243-;P384L;K417N;N501Y;D614G;A701V|""""",11,15,B.1.351(Beta),1,1,2021,3,30
EPI_ISL_2257468,"H69-;V70-;D215G;K417N;E484K;N501Y;A570D;D614G;A701V|""""",9,15,B.1.351(Beta),1,1,2021,3,30
EPI_ISL_2936208,"D80A;K417N;N440K;E484K;N501Y;D614G;T678I;A701V;P793Q;D848Y;D936N;S939F|""""",12,15,B.1.351(Beta),1,1,2021,3,30
EPI_ISL_6506363,"L18F;D80A;D215G;A222V;L241-;L242-;A243-;K417N;E484K;N501Y;A575S;D614G;A701V|""""",13,15,B.1.351(Beta),3,2,2021,3,30
EPI_ISL_2936125,"L18F;D80A;K195R;D215G;L241-;L242-;A243-;K417N;E484K;N501Y;D614G|""""",11,15,B.1.351(Beta),1,1,2021,3,30
EPI_ISL_2936146,"L18F;T20N;P26S;D138Y;R190S;L241-;L242-;A243-;K417N;E484K;N501Y;D614G|""""",12,15,B.1.351(Beta),1,1,2021,3,30
EPI_ISL_2257195,"D80A;D215G;L241-;L242-;A243-;K417N;E484K;N501Y;D614G;A701V;A892V;M900L|""""",12,15,B.1.351(Beta),1,1,2021,3,30
EPI_ISL_2968517,"D80A;K417N;E484K;N501Y;D614G;A701V|""""",6,15,B.1.351(Beta),10,1,2021,3,30
EPI_ISL_2968503,"D80A;L241-;L242-;A243-;K417N;E484K;N501Y;D614G|""""",8,15,B.1.351(Beta),2,1,2021,3,30
EPI_ISL_2968462,"L18F;D80A;I210T;D215G;L241-;L242-;A243-;K417N;E484K;N501Y;D614G;A701V|""""",12,15,B.1.351(Beta),2,1,2021,3,30
EPI_ISL_1705334,"L18F;D80A;D215G;L241-;L242-;A243-;K417N;E484K;N501Y;D614G;A701V;A879S|""""",12,15,B.1.351(Beta),1,1,2021,3,31
EPI_ISL_1822632,"L18F;L241-;L242-;A243-;G252V;K417N;E484K;N501Y;D614G;A701V|""""",10,15,B.1.351(Beta),1,1,2021,3,31
EPI_ISL_1917173,"L18F;D80A;D215G;L241-;L242-;A243-;K417N;E484K;N501Y;D614G;A701V;P792L;A899S|""""",13,15,B.1.351(Beta),1,1,2021,3,31
EPI_ISL_3063477,"L18F;D80A;L241-;L242-;A243-;E484K;N501Y;D614G;A701V|""""",9,15,B.1.351(Beta),2,1,2021,3,31
EPI_ISL_1760145,"L18F;L241-;L242-;A243-;K417N;E484K;N501Y;D614G;A701V;D936N;S939F;D1260Y|""""",12,15,B.1.351(Beta),1,1,2021,3,31
EPI_ISL_1643939,"L18F;D80A;D215G;L241-;L242-;A243-;K417N;E484K;N501Y;D614G;A701V;V1228L|""""",12,15,B.1.351(Beta),1,1,2021,3,31
EPI_ISL_1477031,"L18F;D80A;D215G;L241-;L242-;A243-;K417N;E484K;N501Y;D614G;A701V;P793S|""""",12,15,B.1.351(Beta),2,2,2021,3,31
EPI_ISL_2257505,"D80A;D215G;K417N;N501Y;D614G;A701V|""""",6,15,B.1.351(Beta),3,1,2021,3,31
EPI_ISL_1760128,"L5F;L241-;L242-;A243-;K417N;N501Y;D614G;A701V|""""",8,15,B.1.351(Beta),1,1,2021,3,31
EPI_ISL_3032726,"L18F;D80A;L241-;L242-;A243-;K417N;E484K;N501Y;D614G;A688V;A701V|""""",11,15,B.1.351(Beta),2,2,2021,3,31
EPI_ISL_3032725,"L5F;L18F;D80A;L241-;L242-;A243-;K417N;E484K;N501Y;D614G;A701V|""""",11,15,B.1.351(Beta),1,1,2021,3,31
EPI_ISL_1477033,"D80A;F186L;D215G;L241-;L242-;A243-;K417N;E484K;N501Y;D614G;A672V;A701V;Q1011L|""""",13,15,B.1.351(Beta),1,1,2021,3,31
EPI_ISL_3032724,"D80A;L241-;L242-;A243-;K417N;E484K;N501Y;D614G;A653V;A701V|""""",10,15,B.1.351(Beta),6,1,2021,3,31
EPI_ISL_2229736,"L18F;D80A;D215G;L241-;L242-;A243-;P384L;K417N;L452R;D614G;Q677H;A701V|""""",12,15,B.1.351(Beta),1,1,2021,3,31
EPI_ISL_1760143,"A27S;L241-;L242-;A243-;K417N;N501Y;D614G;A701V|""""",8,15,B.1.351(Beta),1,1,2021,3,31
EPI_ISL_1477010,"L5F;L18F;A67V;D80A;D215G;L241-;L242-;A243-;K417N;E484K;N501Y;D614G;A701V|""""",13,15,B.1.351(Beta),2,1,2021,3,31
EPI_ISL_1681725,"D80A;D215G;L241-;L242-;A243-;H245Y;K417N;E484K;N501Y;D614G;A701V|""""",11,15,B.1.351(Beta),4,1,2021,3,31
EPI_ISL_1760123,L241-;L242-;A243-;E484K;N501Y;D614G;Q677H;F888L|259GWT260,8,15,B.1.351(Beta),1,1,2021,3,31
EPI_ISL_1902364,"V6A;D80A;D215G;L241-;L242-;A243-;K417N;E484K;N501Y;D614G;A701V|""""",11,15,B.1.351(Beta),1,1,2021,3,31
EPI_ISL_1477013,"L18F;D80A;D215G;L241-;L242-;A243-;S254F;K417N;E484K;N501Y;D614G;A701V;A783K|""""",13,15,B.1.351(Beta),2,1,2021,3,31
EPI_ISL_2604666,"L18F;D80A;D215G;L241-;L242-;A243-;E484K;N501Y;A701V|""""",9,15,B.1.351(Beta),1,1,2021,3,31
EPI_ISL_18025627,"D80A;D215G;K417N;E484K;N501Y;D614G;A701V|""""",7,16,B.1.351(Beta),51,17,2021,4,1
EPI_ISL_1535832,"D80A;D215G;L241-;L242-;A243-;K417N;E484K;N501Y;D614G;A701V;S813I|""""",11,16,B.1.351(Beta),9,1,2021,4,1
EPI_ISL_2153107,"D80A;L241-;L242-;A243-;K417N;E484K;N501Y;A701V|""""",8,16,B.1.351(Beta),5,2,2021,4,1
EPI_ISL_1828708,"L18F;D80A;D215G;L241-;L242-;A243-;K417N;E484K;N501Y;D614G;S689T;A701V|""""",12,16,B.1.351(Beta),11,2,2021,4,1
EPI_ISL_2510141,"D80A;D215G;L241-;L242-;A243-;K417N;E484K;N501Y;D614G;A701V;I931V|""""",11,16,B.1.351(Beta),38,18,2021,4,1
EPI_ISL_1678309,"D80A;D215G;L241-;L242-;A243-;K417N;E484K;N501Y;D614G;A701V|""""",10,16,B.1.351(Beta),2847,452,2021,4,1
EPI_ISL_1572195,"L18F;D80A;D215G;L241-;L242-;A243-;K417N;E484K;N501Y;D614G;Q675H;A701V|""""",12,16,B.1.351(Beta),19,3,2021,4,1
EPI_ISL_2507616,"T19I;D80A;D215G;L241-;L242-;A243-;E484K;N501Y;D614G;A701V|""""",10,16,B.1.351(Beta),167,33,2021,4,1
EPI_ISL_4380226,"L18F;D80A;D215G;L241-;L242-;A243-;P384L;K417N;E484K;N501Y;D614G;Q677H;A701V|""""",13,16,B.1.351(Beta),29,10,2021,4,1
EPI_ISL_2642927,"T19I;D80A;D215G;L241-;L242-;A243-;K417N;E484K;N501Y;D614G;A701V|""""",11,16,B.1.351(Beta),55,13,2021,4,1
EPI_ISL_1918032,"L18F;D80A;D215G;L241-;L242-;A243-;K417N;E484K;N501Y;D614G;E619D;A701V|""""",12,16,B.1.351(Beta),25,6,2021,4,1
EPI_ISL_3334223,"L18F;D80A;D215G;L241-;L242-;A243-;K417N;E484K;N501Y;D614G;A701V;A899S|""""",12,16,B.1.351(Beta),434,100,2021,4,1
EPI_ISL_1519365,"A27S;D80A;D215G;L241-;L242-;A243-;K417N;E484K;N501Y;D614G;A701V|""""",11,16,B.1.351(Beta),401,92,2021,4,1
EPI_ISL_1927224,"D80A;D215G;L241-;L242-;A243-;K417N;E484K;N501Y;D614G;H655Y;A701V|""""",11,16,B.1.351(Beta),3,1,2021,4,1
EPI_ISL_1542674,"L18F;A67V;D80A;D215G;L241-;L242-;A243-;K417N;E484K;N501Y;D614G;A701V|""""",12,16,B.1.351(Beta),222,92,2021,4,1
EPI_ISL_2205484,"D80A;F186S;D215G;L241-;L242-;A243-;A260S;K417N;E484K;N501Y;D614G;A701V|""""",12,16,B.1.351(Beta),10,6,2021,4,1
EPI_ISL_1927376,"A27S;D80A;D215G;L241-;L242-;A243-;K417N;E484K;N501Y;D614G;A701V;D1139Y|""""",12,16,B.1.351(Beta),2,2,2021,4,1
EPI_ISL_2226311,"L18F;D80A;D215G;L241-;L242-;A243-;K417N;D614G;A701V;S939F|""""",10,16,B.1.351(Beta),2,2,2021,4,1
EPI_ISL_1643884,"L18F;D80A;D215G;L241-;L242-;A243-;K417N;E484K;N501Y;D614G;A701V|""""",11,16,B.1.351(Beta),2905,639,2021,4,1
EPI_ISL_1519366,"D80A;D215G;L241-;L242-;A243-;K417N;E484K;N501Y;D614G;A672V;A701V|""""",11,16,B.1.351(Beta),6,4,2021,4,1
EPI_ISL_2507649,"T19I;D80A;D215G;L241-;L242-;A243-;E484K;N501Y;D614G;A701V;I896L|""""",11,16,B.1.351(Beta),61,29,2021,4,1
EPI_ISL_1611943,"D80A;D215G;L241-;L242-;A243-;H245Y;K417N;E484K;N501Y;D614G;A701V|""""",11,16,B.1.351(Beta),4,2,2021,4,1
EPI_ISL_4093568,"D80A;D215G;L241-;L242-;A243-;E484K;N501Y;D614G;A701V|""""",9,16,B.1.351(Beta),50,15,2021,4,1
EPI_ISL_1902491,"L5F;D80A;D215G;L241-;L242-;A243-;K417N;E484K;N501Y;D614G;A701V|""""",11,16,B.1.351(Beta),71,17,2021,4,1
EPI_ISL_1724307,"L18F;D80A;D215G;A222V;L241-;L242-;A243-;K417N;E484K;N501Y;D614G;A701V|""""",12,16,B.1.351(Beta),24,3,2021,4,1
EPI_ISL_1519391,"L18F;D80A;D215G;L241-;L242-;A243-;S254F;K417N;E484K;N501Y;D614G;A701V;A783K|""""",13,16,B.1.351(Beta),2,1,2021,4,1
EPI_ISL_2507995,"T19I;D80A;D215G;L241-;L242-;A243-;E484K;N501Y;I587V;D614G;A701V|""""",11,16,B.1.351(Beta),11,11,2021,4,1
EPI_ISL_2257231,"L5F;D80A;R102G;D215G;L241-;L242-;A243-;K417N;E484K;N501Y;D614G;A701V;G1124V|""""",13,16,B.1.351(Beta),1,1,2021,4,1
EPI_ISL_2346431,"L18F;D80A;D215G;L241-;L242-;A243-;P384L;K417N;E484K;N501Y;D614G;A701V|""""",12,16,B.1.351(Beta),195,101,2021,4,1
EPI_ISL_2507986,"T19I;D80A;D215G;L241-;L242-;A243-;L293P;E484K;D614G;A701V|""""",10,16,B.1.351(Beta),1,1,2021,4,1
EPI_ISL_11828067,"L18F;D80A;D215G;L241-;L242-;A243-;P384L;K417N;E484K;N501Y;D614G;A701V;P1263L|""""",13,16,B.1.351(Beta),1,1,2021,4,2
EPI_ISL_1703038,"D80A;D215G;K417N;E484K;N501Y;E516Q;D614G;A701V|""""",8,16,B.1.351(Beta),1,1,2021,4,2
EPI_ISL_2098961,"L18F;D80A;R158I;D215G;L241-;L242-;A243-;K417N;E484K;N501Y;D614G;A701V|""""",12,16,B.1.351(Beta),1,1,2021,4,2
EPI_ISL_1535667,"D80A;D215G;L241-;L242-;A243-;K417N;E484K;N501Y;D586N;D614G;A701V|""""",11,16,B.1.351(Beta),1,1,2021,4,2
EPI_ISL_1902367,"D80A;D215G;K417N;N501Y;D614G;A701V;A845S|""""",7,16,B.1.351(Beta),1,1,2021,4,2
EPI_ISL_2346432,"L18F;D80A;D215G;L241-;L242-;A243-;T323I;P384L;K417N;E484K;N501Y;D614G;A701V|""""",13,16,B.1.351(Beta),1,1,2021,4,2
EPI_ISL_4375508,"L18F;D80A;V143F;D215G;L241-;L242-;A243-;K417N;E484K;N501Y;D614G;A701V|""""",12,16,B.1.351(Beta),85,41,2021,4,2
EPI_ISL_19064257,"L18F;D80A;D215G;L241-;L242-;A243-;T259S;K417N;E484K;N501Y;D614G;A701V;R1091L;F1156L|""""",14,16,B.1.351(Beta),1,1,2021,4,2
EPI_ISL_2004171,"L18F;D80A;D215G;L241-;L242-;A243-;K417N;E484K;N501Y;E583D;D614G;A701V|""""",12,16,B.1.351(Beta),1,1,2021,4,2
EPI_ISL_1577810,"L18F;D80A;D215G;L241-;L242-;A243-;K417N;E484K;N501Y;A701V|""""",10,16,B.1.351(Beta),2,1,2021,4,2
EPI_ISL_2193958,"L18F;D80A;D215G;L241-;L242-;A243-;K417N;E484K;N501Y;D614G;A701V;P1162S|""""",12,16,B.1.351(Beta),10,5,2021,4,2
EPI_ISL_4093569,"T19I;D80A;D215G;L241-;L242-;A243-;N280K;K417N;E484K;N501Y;D614G;A701V|""""",12,16,B.1.351(Beta),1,1,2021,4,2
EPI_ISL_4093604,"T19I;D80A;D215G;E484K;N501Y;D614G;A701V|""""",7,16,B.1.351(Beta),2,1,2021,4,2
EPI_ISL_4093561,"T19I;D80A;D215G;L241-;L242-;A243-;K417N;E484K;N501Y;D614G;A701V;I896L|""""",12,16,B.1.351(Beta),8,5,2021,4,2
EPI_ISL_1648866,"D80A;D215G;L241-;L242-;A243-;K417N;E484K;N501Y;D614G;A701V;V1176F|""""",11,16,B.1.351(Beta),35,9,2021,4,2
EPI_ISL_4093573,"T19I;D80A;D215G;L241-;L242-;A243-;Y265D;E484K;N501Y;D614G;A701V|""""",11,16,B.1.351(Beta),1,1,2021,4,2
EPI_ISL_2374019,"L18F;D80A;D215G;K417N;E484K;N501Y;D614G;E619D;A701V|""""",9,16,B.1.351(Beta),1,1,2021,4,2
EPI_ISL_1703483,"D80A;D215G;L241-;L242-;A243-;K417N;E484K;N501Y;E516Q;D614G;A701V;Q1208H|""""",12,16,B.1.351(Beta),7,1,2021,4,2
EPI_ISL_4548998,"L18F;D80A;Y145-;D215G;L241-;L242-;A243-;K417N;E484K;N501Y;D614G;A701V;P1162S|""""",13,16,B.1.351(Beta),9,6,2021,4,2
EPI_ISL_2346430,"D80A;D215G;L241-;L242-;A243-;K417N;E484K;N501Y;D614G;A701V;K786E|""""",11,16,B.1.351(Beta),1,1,2021,4,2
EPI_ISL_1962962,"D80A;D215G;L241-;L242-;A243-;K417N;E484K;N501Y;E516Q;D614G;A701V|""""",11,16,B.1.351(Beta),71,6,2021,4,2
EPI_ISL_1622116,"L18F;D80A;L176F;D215G;L241-;L242-;A243-;K417N;E484K;N501Y;D614G;A701V|""""",12,16,B.1.351(Beta),17,9,2021,4,2
EPI_ISL_3148350,"L18F;D80A;D215G;L241-;L242-;A243-;K417N;E484K;N501Y;D614G;A684S;A701V|""""",12,16,B.1.351(Beta),2,2,2021,4,2
EPI_ISL_1901939,"D80A;F186S;D215G;L241-;L242-;A243-;K417N;E484K;N501Y;D614G;A701V|""""",11,16,B.1.351(Beta),36,9,2021,4,2
EPI_ISL_1705184,"A67V;D80A;D215G;L241-;L242-;A243-;K417N;E484K;N501Y;E516Q;D614G;A701V|""""",12,16,B.1.351(Beta),1,1,2021,4,2
EPI_ISL_1917393,"D80A;D215G;L241-;L242-;A243-;K417N;E484K;N501Y;D614G;A701V;P1079S|""""",11,16,B.1.351(Beta),6,1,2021,4,2
EPI_ISL_4093576,"T19I;D80A;D215G;L241-;L242-;A243-;Q271K;K417N;E484K;N501Y;D614G;A701V|""""",12,16,B.1.351(Beta),1,1,2021,4,2
EPI_ISL_3145444,"L18F;D80A;D215G;L241-;L242-;A243-;L390F;K417N;E484K;N501Y;D614G;A701V|""""",12,16,B.1.351(Beta),3,1,2021,4,3
EPI_ISL_3145523,"L18F;D80A;D215G;L241-;L242-;A243-;K417N;E484K;N501Y;A522V;D614G;A701V|""""",12,16,B.1.351(Beta),1,1,2021,4,3
EPI_ISL_1599420,"L5F;L18F;D80A;D215G;L241-;L242-;A243-;K417N;E484K;N501Y;D614G;A701V|""""",12,16,B.1.351(Beta),110,12,2021,4,3
EPI_ISL_1534975,"A27S;D80A;D215G;L241-;L242-;A243-;K417N;E484K;N501Y;D614G;N657S;A701V|""""",12,16,B.1.351(Beta),2,1,2021,4,3
EPI_ISL_2090652,"D80A;D215G;L241-;L242-;A243-;K417N;E484K;D614G;A701V|""""",9,16,B.1.351(Beta),5,1,2021,4,3
EPI_ISL_4390047,"D80A;D215G;L241-;L242-;A243-;K417N;E484K;N501Y;D614G;V622F;A701V|""""",11,16,B.1.351(Beta),1,1,2021,4,3
EPI_ISL_2093803,"D80A;D215G;K417N;N501Y;D614G;A701V;S982A|""""",7,16,B.1.351(Beta),2,2,2021,4,3
EPI_ISL_3145524,"L18F;K41E;D80A;D215G;L241-;L242-;A243-;K417N;E484K;N501Y;D614G;A701V;A892V;A899S|""""",14,16,B.1.351(Beta),4,2,2021,4,3
EPI_ISL_2507696,"D80A;S94F;D215G;L241-;L242-;A243-;E484K;N501Y;D614G;A701V|""""",10,16,B.1.351(Beta),3,3,2021,4,3
EPI_ISL_2642956,"L18F;D80A;D215G;L241-;L242-;A243-;K417N;E484K;N501Y;D614G;A701V;V1068F|""""",12,16,B.1.351(Beta),3,3,2021,4,3
EPI_ISL_1643948,"D80A;Y145-;W152L;D215G;L241-;L242-;A243-;K417N;E484K;N501Y;D614G;E619Q;A701V;G1167R|""""",14,16,B.1.351(Beta),1,1,2021,4,4
EPI_ISL_1902050,"D80A;D215G;L241-;L242-;A243-;P272L;K417N;E484K;N501Y;D614G;A701V;A845S|""""",12,16,B.1.351(Beta),1,1,2021,4,4
EPI_ISL_2226315,"D80A;D215G;L241-;L242-;A243-;K417N;D614G;A701V|""""",8,16,B.1.351(Beta),14,4,2021,4,4
EPI_ISL_1917291,"L18F;D80A;D215G;L241-;L242-;A243-;K417N;E484K;N501Y;D614G;A701V;A1020V|""""",12,16,B.1.351(Beta),4,1,2021,4,4
EPI_ISL_1792424,"L18F;D80A;D215G;L241-;L242-;A243-;P384L;K417N;E484K;N501Y;D614G;A701V;L1200F|""""",13,16,B.1.351(Beta),5,4,2021,4,4
EPI_ISL_1643878,"L18F;P26L;D80A;S98F;D215G;L241-;L242-;A243-;K417N;E484K;N501Y;D614G;A701V|""""",13,16,B.1.351(Beta),51,16,2021,4,4
EPI_ISL_1902370,"D80A;D215G;L241-;L242-;A243-;K417N;E484K;N501Y;D614G;A701V;A845S|""""",11,16,B.1.351(Beta),195,38,2021,4,4
EPI_ISL_2085850,"L18F;D80A;D215G;L241-;L242-;A243-;K417N;E484K;N501Y;D614G;A701V;A1020S;G1219C|""""",13,16,B.1.351(Beta),25,1,2021,4,4
EPI_ISL_2374021,"D80A;D215G;L241-;L242-;A243-;K417N;E484K;N501Y;D614G;A701V;I850N|""""",11,16,B.1.351(Beta),1,1,2021,4,4
EPI_ISL_1846032,"L18F;D80A;D215G;L241-;L242-;A243-;K417N;E484K;N501Y;D614G;A701V;G1171V|""""",12,16,B.1.351(Beta),23,6,2021,4,5
EPI_ISL_2033662,"D80A;D215G;L241-;L242-;A243-;K417N;E484K;N501Y;D614G;A701V;A892S|""""",11,16,B.1.351(Beta),11,8,2021,4,5
EPI_ISL_1678869,"D80A;P82L;D215G;L241-;L242-;A243-;K417N;E484K;N501Y;D614G;A701V|""""",11,16,B.1.351(Beta),3,1,2021,4,5
EPI_ISL_1662620,"L5F;L18F;D80A;L241-;L242-;A243-;P384L;K417N;E484K;N501Y;D614G;A701V|""""",12,16,B.1.351(Beta),2,2,2021,4,5
EPI_ISL_16131921,"D80A;D215G;L241-;L242-;A243-;K417N;E484K;N501Y;D614G;A701V;V1104L|""""",11,16,B.1.351(Beta),3,1,2021,4,5
EPI_ISL_1643456,"L18F;D80A;D215G;L241-;L242-;A243-;K417N;E484K;N501Y;D614G;A701V;A845S|""""",12,16,B.1.351(Beta),12,10,2021,4,5
EPI_ISL_2033676,"D80A;T95S;D215G;L241-;L242-;A243-;K417N;E484K;N501Y;D614G;A701V|""""",11,16,B.1.351(Beta),1,1,2021,4,5
EPI_ISL_3118695,"L18F;D80A;D88H;D215G;L241-;L242-;A243-;K378N;K417N;E484K;N501Y;D614G;A701V|""""",13,16,B.1.351(Beta),1,1,2021,4,5
EPI_ISL_1735617,"L18F;T22I;D80A;D215G;L241-;L242-;A243-;K417N;E484K;N501Y;D614G;A701V|""""",12,16,B.1.351(Beta),1,1,2021,4,5
EPI_ISL_1662593,"L5F;L18F;D80A;D215G;L241-;L242-;A243-;P384L;K417N;E484K;N501Y;D614G;A701V|""""",13,16,B.1.351(Beta),2,1,2021,4,5
EPI_ISL_1860544,"D80A;Q183E;D215G;L241-;L242-;A243-;K417N;E484K;N501Y;D614G;A701V|""""",11,16,B.1.351(Beta),1,1,2021,4,5
EPI_ISL_1732275,"D80A;D215G;K417N;E484K;N501Y;D614G;A701V;C1247F|""""",8,16,B.1.351(Beta),3,3,2021,4,5
EPI_ISL_2604699,"T19I;G72E;D80A;D215G;L241-;L242-;A243-;E484K;N501Y;D614G;A701V|""""",11,16,B.1.351(Beta),2,2,2021,4,5
EPI_ISL_1885822,"D80A;D215G;L241-;L242-;A243-;K417N;E484K;N501Y;D614G;A701V;K921E|""""",11,16,B.1.351(Beta),1,1,2021,4,5
EPI_ISL_1736521,"D80A;D215G;L241-;L242-;A243-;K417N;E484K;N501Y;D614G;A701V;T1006I|""""",11,16,B.1.351(Beta),4,3,2021,4,5
EPI_ISL_2859354,"A27S;D80A;D215G;L241-;L242-;A243-;K417N;E484K;N501Y;D614G;A701V;D1084Y|""""",12,16,B.1.351(Beta),1,1,2021,4,5
EPI_ISL_1846008,"L18F;D80A;D215G;L241-;L242-;A243-;P251T;K417N;E484K;N501Y;D614G;A701V|""""",12,16,B.1.351(Beta),5,4,2021,4,5
EPI_ISL_1736532,"D80A;D215G;L241-;L242-;A243-;K417N;E484K;N501Y;D614G;A701V;A1190S|""""",11,16,B.1.351(Beta),21,1,2021,4,5
EPI_ISL_1927378,"L18F;A67V;D80A;D215G;L241-;L242-;A243-;A263S;K417N;E484K;N501Y;D614G;A701V;E1151D;D1199H|""""",15,16,B.1.351(Beta),1,1,2021,4,5
EPI_ISL_1614805,"D80A;D215G;L241-;L242-;A243-;K417N;E484K;N501Y;D614G;A701V;S929I;M1229T|""""",12,16,B.1.351(Beta),2,2,2021,4,5
EPI_ISL_1722858,"L18F;D80A;D215G;L241-;L242-;A243-;K417N;E484K;N501Y;D614G;Q675H;A701V;L822F|""""",13,16,B.1.351(Beta),10,1,2021,4,5
EPI_ISL_7275609,"L18F;D80A;D215G;L241-;L242-;A243-;K417N;D614G;A701V|""""",9,16,B.1.351(Beta),9,6,2021,4,5
EPI_ISL_1905067,"L18F;P26S;D80A;D215G;L241-;L242-;A243-;K417N;E484K;N501Y;D614G;A701V|""""",12,16,B.1.351(Beta),5,3,2021,4,5
EPI_ISL_1616835,"L18F;A67V;D80A;D215G;L242-;A243-;L244-;H245-;R246-;S247-;Y248H;K417N;E484K;N501Y;D614G;A701V|""""",16,16,B.1.351(Beta),3,2,2021,4,6
EPI_ISL_3502567,L18F;D80A;D215G;L241-;L242-;A243-;K417N;E484K;N501Y;D614G;A701V|263GAA264,11,16,B.1.351(Beta),1,1,2021,4,6
EPI_ISL_1835966,"A27S;D80A;D215G;L241-;L242-;A243-;K417N;E484K;N501Y;A522V;D614G;A701V|""""",12,16,B.1.351(Beta),5,2,2021,4,6
EPI_ISL_2619860,"L18F;D80A;D215G;L241-;L242-;A243-;H245Y;K417N;E484K;N501Y;D614G;A701V|""""",12,16,B.1.351(Beta),9,4,2021,4,6
EPI_ISL_2620173,"D80A;D215G;L241-;L242-;A243-;K417N;E484K;N501Y;D614G;A701V;A845V|""""",11,16,B.1.351(Beta),3,3,2021,4,6
EPI_ISL_2619879,"D80A;D215G;L241-;L242-;A243-;K417N;E484K;N501Y;D614G;A701V;A892S;L938F|""""",12,16,B.1.351(Beta),1,1,2021,4,6
EPI_ISL_1593879,"P25L;D80A;D215G;L241-;L242-;A243-;K417N;E484K;N501Y;D614G;A701V|""""",11,16,B.1.351(Beta),15,5,2021,4,6
EPI_ISL_13370871,"L18F;D80A;D215G;L241-;L242-;A243-;K417N;E484K;N501Y;D614G;P681H;A701V|""""",12,16,B.1.351(Beta),3,1,2021,4,6
EPI_ISL_1705546,"D80A;I210T;D215G;L241-;L242-;A243-;K417N;E484K;N501Y;D614G;A701V|""""",11,16,B.1.351(Beta),2,2,2021,4,6
EPI_ISL_1616606,"P25L;D80A;D215G;T240-;L241-;L242-;A243-;L244-;H245-;K417N;E484K;N501Y;D614G;A701V|""""",14,16,B.1.351(Beta),1,1,2021,4,6
EPI_ISL_1615664,"L18F;D80A;D215G;T240-;L241-;L242-;A243-;L244-;H245-;R246-;S247-;Y248-;K417N;E484K;N501Y;D614G;A701V|""""",17,16,B.1.351(Beta),1,1,2021,4,6
EPI_ISL_1792399,"D80A;D215G;L241-;L242-;A243-;K417N;E484K;N501Y;D614G;A701V;M869I|""""",11,16,B.1.351(Beta),1,1,2021,4,6
EPI_ISL_9548767,"D80A;D215G;L241-;L242-;A243-;K417N;E484K;N501Y;D614G;Q675H;A701V|""""",11,16,B.1.351(Beta),14,5,2021,4,6
EPI_ISL_1616838,"P25L;D80A;D215G;L242-;A243-;L244-;H245-;R246-;S247-;Y248H;K417N;E484K;N501Y;D614G;A701V|""""",15,16,B.1.351(Beta),1,1,2021,4,6
EPI_ISL_1593888,"L18F;D80A;D215G;L242-;A243-;L244-;H245-;R246-;S247-;Y248H;K417N;E484K;N501Y;D614G;A701V|""""",15,16,B.1.351(Beta),8,5,2021,4,6
EPI_ISL_4116814,"L18F;D80A;D215G;L241-;L242-;A243-;K417N;E484K;N501Y;D614G;A701V;G799D|""""",12,16,B.1.351(Beta),1,1,2021,4,6
EPI_ISL_1724424,"H69Y;D80A;D215G;L241-;L242-;A243-;K417N;E484K;N501Y;D614G;A701V|""""",11,16,B.1.351(Beta),14,4,2021,4,6
EPI_ISL_3793879,"D80A;D215G;L241-;L242-;A243-;K417N;E484K;N501Y;D614G;A701V;H1058Q|""""",11,16,B.1.351(Beta),1,1,2021,4,6
EPI_ISL_2720787,"A27S;D80A;D215G;L241-;L242-;A243-;K417N;E484K;N501Y;D614G;A701V;P1162L|""""",12,16,B.1.351(Beta),3,3,2021,4,6
EPI_ISL_3354710,"L18F;D80A;D215G;L241-;L242-;A243-;K417N;E484K;N501Y;D614G;A701V;K1073N|""""",12,16,B.1.351(Beta),8,2,2021,4,6
EPI_ISL_1629811,"L18F;D80A;D215G;T240-;L241-;L242-;A243-;L244-;H245-;K417N;E484K;N501Y;D614G;A701V|""""",14,16,B.1.351(Beta),2,1,2021,4,6
EPI_ISL_1595718,"L18F;D80A;D215G;T240G;L241-;L242-;A243-;L244-;H245-;R246-;K417N;E484K;N501Y;D614G;A701V;A899S|""""",16,16,B.1.351(Beta),1,1,2021,4,6
EPI_ISL_2001545,"L18F;D80A;D215G;L241-;L242-;A243-;K417N;E484K;N501Y;D614G;A701V;L981F|""""",12,16,B.1.351(Beta),1,1,2021,4,6
EPI_ISL_2533870,"L18F;D80A;D215G;L241-;L242-;A243-;K417N;E484K;N501Y;D614G;Q677H;A701V|""""",12,16,B.1.351(Beta),9,2,2021,4,6
EPI_ISL_1595832,"L18F;A67V;D80A;D215G;T240-;L241-;L242-;A243-;L244-;H245-;K417N;E484K;N501Y;D614G;A701V|""""",15,16,B.1.351(Beta),1,1,2021,4,6
EPI_ISL_2507855,"T19I;D80A;D215G;L241-;L242-;A243-;E484K;N501Y;D614G;A701V;I896L;M1229I|""""",12,16,B.1.351(Beta),1,1,2021,4,6
EPI_ISL_2038390,"D80A;D215G;L241-;L242-;A243-;P272L;K417N;E484K;N501Y;D614G;A701V|""""",11,16,B.1.351(Beta),3,1,2021,4,7
EPI_ISL_1847424,"L18F;D80A;D215G;L241-;L242-;A243-;K417N;E484K;N501Y;D614G;A701V;T719I|""""",12,16,B.1.351(Beta),9,8,2021,4,7
EPI_ISL_1543690,"D80A;D215G;L241-;L242-;A243-;K417N;E484K;N501Y;D614G;A701V;P1162L|""""",11,16,B.1.351(Beta),6,1,2021,4,7
EPI_ISL_1917665,"L18F;D80A;D215G;L241-;L242-;A243-;S247I;K417N;E484K;N501Y;D614G;A701V|""""",12,16,B.1.351(Beta),4,1,2021,4,7
EPI_ISL_14211280,"L18F;D80A;D215G;L241-;L242-;A243-;K417N;E484K;N501Y;D614G;A701V;A1020S|""""",12,16,B.1.351(Beta),7,3,2021,4,7
EPI_ISL_2179706,"L18F;D80A;D215G;K417N;E484K;N501Y;D614G;A701V|""""",8,16,B.1.351(Beta),68,9,2021,4,7
EPI_ISL_2153098,"D80A;L241-;L242-;A243-;K417N;E484K;N501Y;D614G;A701V|""""",9,16,B.1.351(Beta),69,12,2021,4,7
EPI_ISL_1917546,"L18F;G75V;D80A;D215G;L241-;L242-;A243-;K417N;E484K;N501Y;D614G;A701V|""""",12,16,B.1.351(Beta),7,3,2021,4,7
EPI_ISL_16078823,"H49Y;D80A;D215G;L241-;L242-;A243-;K417N;E484K;N501Y;D614G;A701V|""""",11,16,B.1.351(Beta),12,1,2021,4,7
EPI_ISL_3783818,"P26S;D80A;D215G;L241-;L242-;A243-;K417N;E484K;N501Y;D614G;A701V|""""",11,16,B.1.351(Beta),1,1,2021,4,7
EPI_ISL_2003978,"H66R;D80A;D215G;L241-;L242-;A243-;K417N;E484K;N501Y;D614G;A701V|""""",11,16,B.1.351(Beta),1,1,2021,4,7
EPI_ISL_1543941,"L18F;A67V;D80A;D215G;L241-;L242-;A243-;K417N;E484K;N501Y;D614G;A701V;E1150D|""""",13,16,B.1.351(Beta),2,2,2021,4,7
EPI_ISL_1663062,"D80A;L241-;L242-;A243-;K417N;E484K;N501Y;D614G;A701V;P812S|""""",10,16,B.1.351(Beta),1,1,2021,4,7
EPI_ISL_1681026,"D80A;D215G;L241-;L242-;A243-;K417T;E484K;N501Y;D614G;H655Y;A701V;V1176F|""""",12,16,B.1.351(Beta),1,1,2021,4,7
EPI_ISL_1684777,"S71Y;D80A;D215G;L241-;L242-;A243-;K417N;E484K;N501Y;D614G;A701V|""""",11,16,B.1.351(Beta),1,1,2021,4,7
EPI_ISL_1745056,"L18F;D80A;D215G;T240-;L241-;L242-;K417N;E484K;N501Y;D614G;A701V;T716I|""""",12,16,B.1.351(Beta),1,1,2021,4,7
EPI_ISL_2775849,"D80A;D215G;L241-;L242-;A243-;E484K;N501Y;D614G;A701V;G1219V|""""",10,16,B.1.351(Beta),1,1,2021,4,7
EPI_ISL_1853561,"L18F;D80S;D215G;L241-;L242-;A243-;K417N;E484K;N501Y;D614G;A701V|""""",11,16,B.1.351(Beta),2,2,2021,4,7
EPI_ISL_12388105,"D80A;D138Y;D215G;L241-;L242-;A243-;K417N;E484K;N501Y;D614G;A701V|""""",11,16,B.1.351(Beta),4,2,2021,4,7
EPI_ISL_1917309,"L18F;D80A;D215G;L241-;L242-;A243-;K417N;E484K;N501Y;D614G;A647S;A701V|""""",12,16,B.1.351(Beta),1,1,2021,4,8
EPI_ISL_1937589,"D80A;L176F;D215G;L241-;L242-;A243-;K417N;E484K;N501Y;D614G;A701V|""""",11,16,B.1.351(Beta),3,1,2021,4,8
EPI_ISL_1916751,"D80A;D215G;L241-;L242-;A243-;K417N;E484K;N501Y;D614G;T678I;A701V;P1079S|""""",12,16,B.1.351(Beta),2,1,2021,4,8
EPI_ISL_1937233,"D80A;D215G;I233V;L241-;L242-;A243-;K417N;E484K;N501Y;D614G;A701V|""""",11,16,B.1.351(Beta),4,2,2021,4,8
EPI_ISL_1663579,"L18F;D80A;D215G;L241-;L242-;A243-;K417N;E484K;N501Y;D614G;A701V;D1260Y|""""",12,16,B.1.351(Beta),11,1,2021,4,8
EPI_ISL_1643868,"D80A;D215G;L241-;L242-;A243-;K417N;E484K;N501Y;D614G;A701V;A879S|""""",11,16,B.1.351(Beta),28,5,2021,4,8
EPI_ISL_2888737,"D80A;D215G;L241-;L242-;A243-;K417N;E484K;N501Y;D614G;A701V;A845S;L1203F|""""",12,16,B.1.351(Beta),1,1,2021,4,8
EPI_ISL_2108857,"L18F;D80A;D215G;L241-;L242-;A243-;K417N;E484K;N501Y;D614G;A701V;A899S;P1263L|""""",13,16,B.1.351(Beta),1,1,2021,4,8
EPI_ISL_1543624,"L18F;A67V;D80A;D215G;L241-;L242-;A243-;K417N;E484K;N501Y;D614G;Q628K;A701V;V1068F|""""",14,16,B.1.351(Beta),1,1,2021,4,8
EPI_ISL_1749618,"L18F;D80A;F186S;D215G;L242H;A243T;K417N;E484K;N501Y;D614G;A701V|""""",11,16,B.1.351(Beta),3,3,2021,4,8
EPI_ISL_5570675,"P9S;A27S;D80A;D215G;L241-;L242-;A243-;K417N;E484K;N501Y;D614G;A701V|""""",12,16,B.1.351(Beta),1,1,2021,4,8
EPI_ISL_1836717,"D80A;N121S;D215G;L241-;L242-;A243-;K417N;E484K;N501Y;D614G;A701V|""""",11,16,B.1.351(Beta),1,1,2021,4,8
EPI_ISL_3105862,"A27S;D80A;D215G;L241-;L242-;A243-;K417N;E484K;N501Y;D614G;A701V;G1124C|""""",12,16,B.1.351(Beta),14,7,2021,4,8
EPI_ISL_3158478,"L5F;L18F;D80A;D215G;L241-;L242-;A243-;K417N;V445F;E484K;N501Y;D614G;A701V|""""",13,16,B.1.351(Beta),1,1,2021,4,8
EPI_ISL_2619493,"D80A;D215G;L241-;L242-;A243-;K417N;E484K;N501Y;D614G;Q675H;A701V;A845S;A924V|""""",13,16,B.1.351(Beta),1,1,2021,4,8
EPI_ISL_3275379,"D80A;D215G;L241-;L242-;A243-;K417N;E484K;N501Y;D614G;A701V;M1237I|""""",11,16,B.1.351(Beta),2,2,2021,4,8
EPI_ISL_2007345,"L18F;D80A;D215G;L241-;L242-;A243-;K417N;E484K;N501Y;D614G;A701V;A846S|""""",12,16,B.1.351(Beta),18,1,2021,4,9
EPI_ISL_2619856,"L18F;D80A;D215G;L241-;L242-;A243-;K417N;E484K;N501Y;D614G;A701V;T724A|""""",12,16,B.1.351(Beta),2,1,2021,4,9
EPI_ISL_4381492,"L18F;D80A;D215G;L241-;L242-;A243-;P384L;K417N;E484K;N501Y;D614G;T716I;S982A|""""",13,16,B.1.351(Beta),1,1,2021,4,9
EPI_ISL_3403750,"A27S;D80A;D215G;L241-;L242-;A243-;K417N;E484K;N501Y;D614G;A701V;Y837H|""""",12,16,B.1.351(Beta),2,2,2021,4,9
EPI_ISL_1672263,"L18F;D80A;D138Y;D215G;L241-;L242-;A243-;K417N;E484K;N501Y;D614G;A701V;G1219C|""""",13,16,B.1.351(Beta),1,1,2021,4,9
EPI_ISL_2533874,"L18F;D80A;D215G;L241-;L242-;A243-;Q321L;K417N;E484K;N501Y;D614G;A701V|""""",12,16,B.1.351(Beta),1,1,2021,4,9
EPI_ISL_2507768,"D80A;D215G;L241-;L242-;A243-;N501Y;D614G;A701V|""""",8,16,B.1.351(Beta),3,1,2021,4,9
EPI_ISL_1927388,"D80A;D215G;L241-;L242-;A243-;K417N;E484K;N501Y;D614G;A701V;G1219C|""""",11,16,B.1.351(Beta),2,2,2021,4,9
EPI_ISL_1934693,"D80A;D215G;L242-;A243P;K417N;E484K;N501Y;D614G;A701V|""""",9,16,B.1.351(Beta),9,5,2021,4,9
EPI_ISL_2374023,"L18F;D80A;D215G;A243T;K417N;E484K;N501Y;D614G;A701V|""""",9,16,B.1.351(Beta),2,2,2021,4,9
EPI_ISL_1843487,"D80A;T95I;D215G;L241-;L242-;A243-;K417N;E484K;N501Y;D614G;A701V|""""",11,16,B.1.351(Beta),1,1,2021,4,9
EPI_ISL_3158632,"L18F;D80A;K417N;E484K;N501Y;D614G;A701V;T716I|""""",8,16,B.1.351(Beta),1,1,2021,4,9
EPI_ISL_2374022,"L18F;D80A;D215G;T323P;K417N;E484K;N501Y;D614G;A701V;Y837C|""""",10,16,B.1.351(Beta),1,1,2021,4,9
EPI_ISL_4379865,"L18F;D80A;D215G;L241-;L242-;A243-;P384L;K417N;E484K;N501Y;D614G|""""",11,16,B.1.351(Beta),1,1,2021,4,9
EPI_ISL_4379357,"L18F;D80A;D215G;L241-;L242-;A243-;P384L;K417N;E484K;N501Y;D614G;T716I;S982A;D1118H|""""",14,16,B.1.351(Beta),1,1,2021,4,9
EPI_ISL_1685197,"D80A;D215G;L241-;L242-;A243-;K417N;E484K;N501Y;D614G;A701V;I1130M;V1176F|""""",12,16,B.1.351(Beta),1,1,2021,4,9
EPI_ISL_2278822,"D80A;D215G;L241-;L242-;A243-;T307I;K417N;E484K;N501Y;D614G;A701V|""""",11,16,B.1.351(Beta),1,1,2021,4,9
EPI_ISL_1927325,"A27S;D80A;D215G;L241-;L242-;A243-;K417N;E484K;N501Y;D614G;A701V;L1034F|""""",12,16,B.1.351(Beta),1,1,2021,4,9
EPI_ISL_1705829,"D80A;P209L;D215G;L241-;L242-;A243-;K417N;E484K;N501Y;D614G;A701V|""""",11,16,B.1.351(Beta),9,3,2021,4,9
EPI_ISL_2619499,"D80A;D215G;L241-;L242-;A243-;K417N;E484K;N501Y;D614G;A701V;A845S;E1182Q|""""",12,16,B.1.351(Beta),1,1,2021,4,9
EPI_ISL_1916780,"L18F;T33I;D80A;D215G;L241-;L242-;A243-;K417N;E484K;N501Y;D614G;A701V|""""",12,16,B.1.351(Beta),1,1,2021,4,10
EPI_ISL_6125388,"L18F;T76I;D80A;D215G;L241-;L242-;A243-;K417N;E484K;N501Y;D614G;S698L;A701V|""""",13,16,B.1.351(Beta),4,1,2021,4,10
EPI_ISL_1705929,"D80A;D215G;L241-;L242-;A243-;K417N;E484K;N501Y;D614G;A701V;V1068F|""""",11,16,B.1.351(Beta),1,1,2021,4,10
EPI_ISL_1620147,"A27S;D80A;D215G;K417N;E484K;N501Y;D614G;A701V|""""",8,16,B.1.351(Beta),3,2,2021,4,10
EPI_ISL_2604758,"T19I;D80A;D215G;L241-;L242-;A243-;E484K;N501Y;A701V|""""",9,16,B.1.351(Beta),4,2,2021,4,10
EPI_ISL_1800239,"D80A;D215G;L241-;L242-;A243-;K417N;E484K;N501Y;D614G;T859N;D950H|""""",11,16,B.1.351(Beta),1,1,2021,4,10
EPI_ISL_2507864,"T19I;D80A;D215G;L241-;L242-;A243-;E484K;A701V;I896L|""""",9,16,B.1.351(Beta),1,1,2021,4,10
EPI_ISL_2507850,"D80A;D215G;L241-;L242-;A243-;E484K;N501Y;D614G;A701V;T719I|""""",10,16,B.1.351(Beta),2,1,2021,4,11
EPI_ISL_1818495,"P26S;D80A;D215G;L241-;L242-;A243-;T323I;K417N;E484K;N501Y;D614G;A701V|""""",12,16,B.1.351(Beta),1,1,2021,4,11
EPI_ISL_2081142,"L18F;V70F;D80A;D215G;L241-;L242-;A243-;K417N;E484K;N501Y;D614G;A701V|""""",12,16,B.1.351(Beta),1,1,2021,4,12
EPI_ISL_1865290,"L18F;D80A;D215G;L241-;L242-;A243-;K417N;E484K;N501Y;D614G;A701V;R1091C|""""",12,16,B.1.351(Beta),1,1,2021,4,12
EPI_ISL_1745304,"L18F;A67V;D80A;D215G;L241-;L242-;A243-;K417N;E484K;N501Y;D614G;A701V;V1068F|""""",13,16,B.1.351(Beta),1,1,2021,4,12
EPI_ISL_6506446,"D80A;D215G;L241-;L242-;A243-;Q414R;K417N;E484K;N501Y;D614G;A701V|""""",11,16,B.1.351(Beta),2,2,2021,4,12
EPI_ISL_14716353,"L18F;D80A;D215G;L241-;L242-;A243-;P384L;K417N;E484K;N501Y;D614G;A701V;V1228L|""""",13,16,B.1.351(Beta),1,1,2021,4,12
EPI_ISL_16438044,"D80A;D215G;L241-;L242-;A243-;K417N;E484K;N501Y;T572I;D614G;A701V|""""",11,16,B.1.351(Beta),4,2,2021,4,12
EPI_ISL_2179746,"L18F;D80A;D215G;L241-;L242-;A243-;K417N;A701V|""""",8,16,B.1.351(Beta),1,1,2021,4,12
EPI_ISL_2257586,"L18F;D80A;D215G;L241-;L242-;A243-;K417N;E484K;N501Y;D614G;V642G;A701V|""""",12,16,B.1.351(Beta),10,4,2021,4,12
EPI_ISL_1750685,"L18F;D80A;F186S;D215G;L241-;L242-;A243-;K417N;E484K;N501Y;D614G;A701V;T716I|""""",13,16,B.1.351(Beta),1,1,2021,4,12
EPI_ISL_2421110,"D80A;D215G;L242-;A243P;K417N;E484K;N501Y;D614G;A701V;K786I|""""",10,16,B.1.351(Beta),1,1,2021,4,12
EPI_ISL_2110503,"D80A;L241-;L242-;A243-;E484K;N501Y;D614G;A701V|""""",8,16,B.1.351(Beta),1,1,2021,4,12
EPI_ISL_2110551,"D80A;Y145-;L241-;L242-;A243-;N501Y;D614G;P681H;T716I;D1118H|""""",10,16,B.1.351(Beta),1,1,2021,4,12
EPI_ISL_2110572,"D80A;L241-;L242-;A243-;K417N;E484K;N501Y;D614G;A701V;T791I|""""",10,16,B.1.351(Beta),1,1,2021,4,12
EPI_ISL_2110528,"L18F;D80A;L241-;L242-;A243-;E484K;D614G;P681H|""""",8,16,B.1.351(Beta),1,1,2021,4,12
EPI_ISL_2110584,"D80A;L241-;L242-;A243-;E484K;N501Y;D614G;P681H;T716I;D1118H|""""",10,16,B.1.351(Beta),5,5,2021,4,12
EPI_ISL_2110678,"L18F;D80A;D215G;L241-;L242-;A243-;K417N;E484K;N501Y;D614G;A701V;T716I;C1243F|""""",13,16,B.1.351(Beta),2,2,2021,4,12
EPI_ISL_2110579,"D80A;L241-;L242-;A243-;E484K;N501Y;A570D;D614G;P681H;T716I;D1118H|""""",11,16,B.1.351(Beta),1,1,2021,4,12
EPI_ISL_1916863,"L18F;D80A;D215G;L241-;L242-;A243-;P384L;K417N;E484K;N501Y;D614G;A701V;L1203F|""""",13,16,B.1.351(Beta),6,6,2021,4,12
EPI_ISL_10514857,"D80A;D215G;L241-;L242-;A243-;W258L;K417N;E484K;N501Y;D614G;A701V|""""",11,16,B.1.351(Beta),3,2,2021,4,12
EPI_ISL_2110562,"D80A;D215G;L241-;L242-;A243-;K417N;E484K;N501Y;D614G;A701V;T716I|""""",11,16,B.1.351(Beta),2,2,2021,4,12
EPI_ISL_2110517,"D80A;L241-;L242-;A243-;T274I;E484K;N501Y;D614G;P681H;A701V;T716I;D1118H|""""",12,16,B.1.351(Beta),1,1,2021,4,12
EPI_ISL_2110542,"D80A;L241-;L242-;A243-;K417T;E484K;N501Y;D614G;H655Y;S813N;A845S;V1176F|""""",12,16,B.1.351(Beta),1,1,2021,4,12
EPI_ISL_2110573,"D80A;L241-;L242-;A243-;E484K;D614G;Q677H|""""",7,16,B.1.351(Beta),1,1,2021,4,12
EPI_ISL_2110531,"D80A;L241-;L242-;A243-;E484K;N501Y;D614G;P681H;A701V;D1118H|""""",10,16,B.1.351(Beta),2,2,2021,4,12
EPI_ISL_2110711,"D80A;D215G;L241-;L242-;A243-;K417N;E484K;N501Y;D614G;A684V;A701V;I931V|""""",12,16,B.1.351(Beta),4,1,2021,4,12
EPI_ISL_2425611,"L18F;D80A;D215G;L242-;A243P;K417N;E484K;N501Y;D614G;A701V|""""",10,16,B.1.351(Beta),12,2,2021,4,12
EPI_ISL_1916844,"L18F;L54F;D80A;D215G;L241-;L242-;A243-;K417N;E484K;N501Y;D614G;A701V|""""",12,16,B.1.351(Beta),5,2,2021,4,12
EPI_ISL_1788373,"D80A;D215G;L241-;L242-;A243-;S255F;K417N;E484K;N501Y;D614G;A701V|""""",11,16,B.1.351(Beta),6,3,2021,4,12
EPI_ISL_16078600,"D80A;D215G;L241-;L242-;A243-;K417N;E484K;N501Y;D614G;A701V;C1247F|""""",11,16,B.1.351(Beta),16,1,2021,4,12
EPI_ISL_2110568,"D80A;D215G;L241-;L242-;A243-;K417N;E484K;N501Y;D614G;T676I;A701V|""""",11,16,B.1.351(Beta),11,2,2021,4,12
EPI_ISL_2110543,"L18F;D80A;L241-;L242-;A243-;K417N;E484K;N501Y;D614G;A701V|""""",10,16,B.1.351(Beta),38,2,2021,4,12
EPI_ISL_2086142,"L18F;D88E;D138Y;D215G;K417N;E484K;N501Y;D614G;H655Y|""""",9,16,B.1.351(Beta),1,1,2021,4,13
EPI_ISL_1935416,"L18F;D80A;D215G;L241-;L242-;A243-;K417N;E484K;N501Y;D614G;A701V;I1232F|""""",12,16,B.1.351(Beta),25,1,2021,4,13
EPI_ISL_1902913,"D80A;D215G;L241-;L242-;A243-;K417N;E484K;N501Y;D614G;A688V;A701V|""""",11,16,B.1.351(Beta),10,1,2021,4,13
EPI_ISL_6506439,"L18F;D80A;D215G;A222V;L241-;L242-;A243-;K417N;E484K;N501Y;A575S;D614G;A701V|""""",13,16,B.1.351(Beta),3,1,2021,4,13
EPI_ISL_1724933,"L18F;D80A;D215G;P384L;N501Y;D614G;A701V|""""",7,16,B.1.351(Beta),1,1,2021,4,13
EPI_ISL_4297761,"L18F;D80A;D215G;L241-;L242-;A243-;K417N;E484K;N501Y;D614G;T678I;A701V|""""",12,16,B.1.351(Beta),1,1,2021,4,13
EPI_ISL_1935396,"D80A;D215G;L241-;L242-;A243-;S255F;V308L;K417N;E484K;N501Y;D614G;A701V|""""",12,16,B.1.351(Beta),1,1,2021,4,13
EPI_ISL_15266637,"L18F;D80A;S98F;D215G;L241-;L242-;A243-;K417N;E484K;N501Y;D614G;A701V|""""",12,16,B.1.351(Beta),11,1,2021,4,13
EPI_ISL_1652093,"A27S;D80A;D215G;L241-;L242-;A243-;K417N;E484K;N501Y;D614G;A701V;K854N|""""",12,16,B.1.351(Beta),3,2,2021,4,13
EPI_ISL_8007739,"L18F;D80A;K417N;E484K;N501Y;D614G;A701V|""""",7,16,B.1.351(Beta),2,1,2021,4,13
EPI_ISL_2374027,"D80A;D215G;L241-;L242-;A243-;K417N;E484K;N501Y;G566V;D614G;A701V;I931V|""""",12,16,B.1.351(Beta),1,1,2021,4,14
EPI_ISL_2466830,"T19I;D80A;L241-;L242-;A243-;K417N;E484K;N501Y;A701V;I896L|""""",10,16,B.1.351(Beta),1,1,2021,4,14
EPI_ISL_3354835,"L18F;D80A;N121D;D215G;L241-;L242-;A243-;V382L;K417N;E484K;N501Y;D614G;A701V;D1260Y|""""",14,16,B.1.351(Beta),1,1,2021,4,14
EPI_ISL_1997398,"L18F;D80A;D215G;L241-;L242-;A243-;K417N;E484K;N501Y;D614G;A701V;C1253Y|""""",12,16,B.1.351(Beta),1,1,2021,4,14
EPI_ISL_1917962,"L18F;D80A;D215G;K417N;E484K;N501Y;D614G;P681H;T716I;A1026S;D1118H|""""",11,16,B.1.351(Beta),1,1,2021,4,14
EPI_ISL_2194030,"D80A;D215G;L241-;L242-;A243-;S256L;K417N;E484K;N501Y;D614G;A701V|""""",11,16,B.1.351(Beta),2,1,2021,4,14
EPI_ISL_1634236,"D80A;D215G;L241-;L242-;A243-;K417N;E484K;N501Y;D614G;E661A;A701V;P1162L|""""",12,16,B.1.351(Beta),3,3,2021,4,14
EPI_ISL_1934786,"A27S;D80A;D215G;L241-;L242-;A243-;K417N;N501Y;D614G;A701V|""""",10,16,B.1.351(Beta),1,1,2021,4,14
EPI_ISL_1800849,"D80A;D215G;L241-;L242-;A243-;K417N;E484K;N501Y;K558N;D614G;A701V|""""",11,16,B.1.351(Beta),2,1,2021,4,14
EPI_ISL_1904985,"L18F;D80A;D215G;L241-;L242-;A243-;K417N;E484K;N501Y;D614G;A701V;P809S|""""",12,16,B.1.351(Beta),6,1,2021,4,14
EPI_ISL_2029813,"L18F;D80A;F168S;D215G;L241-;L242-;A243-;K417N;E484K;N501Y;D614G;A701V|""""",12,16,B.1.351(Beta),1,1,2021,4,15
EPI_ISL_3299223,"D80A;D215G;L241-;L242-;A243-;K417N;N501Y;D614G;A701V;S943P|""""",10,16,B.1.351(Beta),3,2,2021,4,15
EPI_ISL_3299165,"D80A;D215G;L241-;L242-;A243-;K417N;E484K;N501Y;D614G;A701V;S943P|""""",11,16,B.1.351(Beta),1,1,2021,4,15
EPI_ISL_3299138,"L18F;D80A;D215G;Q218H;L241-;L242-;A243-;K417N;N501Y;D614G;A701V;S943P|""""",12,16,B.1.351(Beta),1,1,2021,4,15
EPI_ISL_16078644,"D80A;S98F;D215G;L241-;L242-;A243-;K417N;E484K;N501Y;D614G;A701V|""""",11,16,B.1.351(Beta),2,1,2021,4,15
EPI_ISL_2378551,"A27S;D80A;D215G;L241-;L242-;A243-;K417N;E484K;N501Y;D614G;A701V;G1099D|""""",12,16,B.1.351(Beta),5,3,2021,4,15
EPI_ISL_3299225,"D80A;D215G;L241-;L242-;A243-;K417N;D614G;A701V;S943P|""""",9,16,B.1.351(Beta),1,1,2021,4,15
EPI_ISL_2374029,"D80A;D215G;K417N;E484K;N501Y;D614G;A701V;A1078S|""""",8,16,B.1.351(Beta),1,1,2021,4,15
EPI_ISL_1843335,"L18F;D80A;D215G;L241-;L242-;A243-;K417N;E484K;N501Y;D614G;R682Q;A701V|""""",12,16,B.1.351(Beta),6,1,2021,4,15
EPI_ISL_1917354,"L18F;D215G;L244S;K417N;E484K;N501Y;D614G;A701V;I818V|""""",9,16,B.1.351(Beta),1,1,2021,4,16
EPI_ISL_3785292,"D80A;D215G;L241-;L242-;A243-;K417N;E484K;N501Y;D614G;A701V;K1205N|""""",11,16,B.1.351(Beta),1,1,2021,4,16
EPI_ISL_2374030,"D80A;D215G;T240-;L241-;L242-;K417N;E484K;N501Y;D614G;A701V|""""",10,16,B.1.351(Beta),14,1,2021,4,16
EPI_ISL_2289165,"T51I;D80A;D215G;L241-;L242-;A243-;K417N;E484K;N501Y;D614G;A701V;V1133F|""""",12,16,B.1.351(Beta),1,1,2021,4,16
EPI_ISL_1849610,"D80A;D215G;L241-;L242-;A243-;K417N;E484K;N501Y;D614G;A701V;V722A|""""",11,16,B.1.351(Beta),1,1,2021,4,16
EPI_ISL_2034584,"A27S;D80A;D215G;L241-;L242-;A243-;K417N;E484K;N501Y;D614G;A701V;L822F|""""",12,16,B.1.351(Beta),4,1,2021,4,16
EPI_ISL_2374031,"L18F;H69Y;D80A;D215G;A243T;K417N;E484K;N501Y;D614G;A701V|""""",10,16,B.1.351(Beta),1,1,2021,4,17
EPI_ISL_2507964,"L18F;D80A;D215G;L241-;L242-;A243-;E484K;N501Y;D614G;A701V|""""",10,16,B.1.351(Beta),20,3,2021,4,17
EPI_ISL_1919272,"L18F;D80A;D215G;L241-;L242-;A243-;K417N;E484K;N501Y;D614G;A701V;Y1155H|""""",12,16,B.1.351(Beta),2,2,2021,4,17
EPI_ISL_2392013,"L18F;A67V;D80A;D215G;K417N;N501Y;D614G;A701V|""""",8,16,B.1.351(Beta),1,1,2021,4,17
EPI_ISL_2020077,"L18F;D80A;D215G;L241-;L242-;A243-;T250I;K417N;E484K;N501Y;D614G;A701V|""""",12,16,B.1.351(Beta),1,1,2021,4,17
EPI_ISL_5156653,"L18F;D80A;D215G;L241-;L242-;A243-;K417N;N501Y;D614G;A701V|""""",10,16,B.1.351(Beta),12,2,2021,4,17
EPI_ISL_1919648,"L18F;D80A;D215G;L241-;L242-;A243-;K417N;E484K;N501Y;A520S;D614G;A701V|""""",12,16,B.1.351(Beta),6,1,2021,4,17
EPI_ISL_1801614,"D80A;D215G;L241-;L242-;A243-;K417N;E484K;N501Y;D614G;A701V;A879S;D1163Y|""""",12,16,B.1.351(Beta),4,2,2021,4,17
EPI_ISL_1801027,"A27S;G75R;D80A;Y145N;D215G;L241-;L242-;A243-;K417N;E484K;N501Y;D614G;A701V|""""",13,16,B.1.351(Beta),3,1,2021,4,17
EPI_ISL_2658462,"D80A;L241-;L242-;A243-;K417N;N501Y;D614G;P681H;T716I|""""",9,16,B.1.351(Beta),1,1,2021,4,17
EPI_ISL_1989799,"D80A;D215G;L241-;L242-;A243-;K417N;E484K;N501Y;D614G;A701V;S810L|""""",11,16,B.1.351(Beta),1,1,2021,4,18
EPI_ISL_1824717,"D80A;Y145-;D215G;L241-;L242-;A243-;K417N;E484K;N501Y;D614G;A701V|""""",11,16,B.1.351(Beta),5,1,2021,4,18
EPI_ISL_1962192,"D80A;D215G;Q218H;L241-;L242-;A243-;K417N;E484K;N501Y;D614G;A701V|""""",11,16,B.1.351(Beta),1,1,2021,4,18
EPI_ISL_12387617,"L18F;A67V;D80A;D215G;L241-;L242-;A243-;W258R;K417N;E484K;N501Y;D614G;A701V|""""",13,16,B.1.351(Beta),1,1,2021,4,19
EPI_ISL_1850746,"D80A;D215G;L241-;L242-;A243-;K417N;E484K;N501Y;D614G;A701V;A706V|""""",11,16,B.1.351(Beta),1,1,2021,4,19
EPI_ISL_2408526,"L5F;L18F;D80A;D215G;L241-;L242-;A243-;K417N;E484K;N501Y;D614G;S680F;A701V|""""",13,16,B.1.351(Beta),1,1,2021,4,19
EPI_ISL_2658464,"L18F;D80A;L241-;L242-;A243-;E484K;N501Y;D614G;P681H;T716I;D1118H|""""",11,16,B.1.351(Beta),1,1,2021,4,19
EPI_ISL_1917051,"L18F;D80A;D215G;L241-;L242-;A243-;K417N;E484K;N501Y;D614G;A701V;E1150V|""""",12,16,B.1.351(Beta),3,2,2021,4,19
EPI_ISL_1831291,"L5F;L18F;D80A;D215G;L241-;L242-;A243-;K417N;E484K;N501Y;D614G;A701V;P1263L|""""",13,16,B.1.351(Beta),1,1,2021,4,19
EPI_ISL_2032889,"D80A;D215G;L241-;L242-;A243-;K417N;E484K;N501Y;D614G;A701V;E1207D|""""",11,16,B.1.351(Beta),2,1,2021,4,19
EPI_ISL_1789698,"L18F;D80A;D215G;L241-;L242-;A243-;S373P;K417N;E484K;N501Y;D614G;A701V|""""",12,16,B.1.351(Beta),1,1,2021,4,19
EPI_ISL_2374034,"L18F;D80A;D215G;A243T;K417N;E484K;N501Y;D614G;A701V;A1070S|""""",10,16,B.1.351(Beta),1,1,2021,4,19
EPI_ISL_1916994,"D80A;D215G;L241-;L242-;A243-;K417N;E484K;N501Y;D614G;A701V;D843N;I931V|""""",12,16,B.1.351(Beta),1,1,2021,4,19
EPI_ISL_6077170,"L18F;D80A;D215G;L241-;L242-;A243-;K417N;E484K;N501Y;D614G;A694V;A701V|""""",12,16,B.1.351(Beta),1,1,2021,4,19
EPI_ISL_1962199,"D80A;D215G;L241-;L242-;A243-;K417N;E484K;N501Y;D614G;A701V;I1130T|""""",11,16,B.1.351(Beta),10,5,2021,4,19
EPI_ISL_2620054,"L18F;D80A;D215G;L241-;L242-;A243-;K417N;E484K;N501Y;D614G;A701V;P1162L|""""",12,16,B.1.351(Beta),1,1,2021,4,19
EPI_ISL_2658468,"D80A;L241-;L242-;A243-;E484K;N501Y;D614G;P681H;T716I|""""",9,16,B.1.351(Beta),1,1,2021,4,19
EPI_ISL_3275215,"D80A;D215G;L241-;L242-;A243-;K417N;E484K;N501Y;D614G;E654Q;A701V;A1190S|""""",12,16,B.1.351(Beta),1,1,2021,4,19
EPI_ISL_1850369,"D80A;D215G;L241-;L242-;A243-;K417N;E484K;N501Y;L517F;D614G;A701V;I931V|""""",12,16,B.1.351(Beta),1,1,2021,4,19
EPI_ISL_2123756,"D80A;D215G;L241-;L242-;A243-;K417N;E484K;N501Y;D614G;A701V;T791I|""""",11,16,B.1.351(Beta),17,11,2021,4,19
EPI_ISL_1849287,"H69Y;D80A;D215G;L241-;L242-;A243-;K417N;E484K;N501Y;D614G;A701V;D950H|""""",12,16,B.1.351(Beta),2,2,2021,4,19
EPI_ISL_2174845,"A27S;D80A;T208M;D215G;L241-;L242-;A243-;K417N;E484K;N501Y;D614G;A701V|""""",12,16,B.1.351(Beta),1,1,2021,4,19
EPI_ISL_2658470,"D80A;L241-;L242-;A243-;K417N;E484K;N501Y;D614G;A701V;A783V|""""",10,16,B.1.351(Beta),1,1,2021,4,19
EPI_ISL_1927348,"D80A;D215G;L241-;L242-;A243-;A348S;K417N;E484K;N501Y;D614G;A653V;A701V|""""",12,16,B.1.351(Beta),1,1,2021,4,19
EPI_ISL_6506487,"L18F;D80A;F186S;D215G;L241-;L242-;A243-;K417N;E484K;N501Y;D614G;A701V|""""",12,16,B.1.351(Beta),20,9,2021,4,19
EPI_ISL_1811198,"D80A;L176F;D215G;L241-;L242-;A243-;N501Y;D614G;A701V|""""",9,16,B.1.351(Beta),1,1,2021,4,19
EPI_ISL_4117848,"L18F;D80A;D215G;A222V;L241-;L242-;A243-;K417N;E484K;N501Y;D614G;A701V;N1173S|""""",13,16,B.1.351(Beta),1,1,2021,4,19
EPI_ISL_1972536,"L18F;D80A;D215G;L241-;L242-;A243-;K417N;E484K;N501Y;D614G;A701V;D796Y|""""",12,16,B.1.351(Beta),1,1,2021,4,19
EPI_ISL_6506516,"G75V;D80A;D215G;L241-;L242-;A243-;E484K;N501Y;D614G;A701V|""""",10,16,B.1.351(Beta),1,1,2021,4,20
EPI_ISL_2658477,"D80A;L241-;L242-;A243-;K417N;E484K;N501Y;D614G;A701V;D1118H|""""",10,16,B.1.351(Beta),2,2,2021,4,20
EPI_ISL_2207884,"L18F;D80A;D215G;L241-;L242-;A243-;K417N;S477I;E484K;N501Y;D614G;A701V|""""",12,16,B.1.351(Beta),6,6,2021,4,20
EPI_ISL_2658484,"D80A;L241-;L242-;A243-;E484K;N501Y;D614G;P681H;A701V;T716I;S982A;D1118H|""""",12,16,B.1.351(Beta),1,1,2021,4,20
EPI_ISL_2179743,"L18F;D80A;D215G;L241-;L242-;A243-;K417N;E484K;N501Y;D614G;A701V;G1124V|""""",12,16,B.1.351(Beta),3,2,2021,4,20
EPI_ISL_2374035,"D80A;D215G;A243T;K417N;E484K;N501Y;D614G;A701V|""""",8,16,B.1.351(Beta),2,1,2021,4,20
EPI_ISL_3145543,"L18F;D80A;D215G;L241-;L242-;A243-;K417N;E484K;N501Y;D614G;A701V;S704L|""""",12,16,B.1.351(Beta),4,3,2021,4,20
EPI_ISL_2658850,"L18F;D80A;L241-;L242-;A243-;K417N;E484K;N501Y;D614G;P681H;A701V;T716I;D1118H|""""",13,16,B.1.351(Beta),1,1,2021,4,20
EPI_ISL_2658472,"D80A;L241-;L242-;A243-;K417N;E484K;N501Y;D614G;P681H;T716I|""""",10,16,B.1.351(Beta),2,2,2021,4,20
EPI_ISL_2620037,"L18F;D80A;D215G;L241-;L242-;A243-;K417N;E484K;N501Y;D614G;T618I;V622I;A701V|""""",13,16,B.1.351(Beta),1,1,2021,4,20
EPI_ISL_2178780,"D80A;D215G;L241-;L242-;A243-;K417N;E484K;N501Y;D614G;A688S;A701V;A1078V|""""",12,16,B.1.351(Beta),1,1,2021,4,21
EPI_ISL_2658505,"D80A;L241-;L242-;A243-;E484K;N501Y;D614G;P681H;A701V;T716I;D1118H|""""",11,16,B.1.351(Beta),2,2,2021,4,21
EPI_ISL_2178784,"D80A;D215G;L241-;L242-;A243-;K417N;E484K;N501Y;D614G;Q675H;A701V;K811R|""""",12,16,B.1.351(Beta),1,1,2021,4,21
EPI_ISL_2374036,"L18F;D80A;D215G;L241-;L242-;A243-;K417N;E484K;N501Y;D614G;A701V;D936H|""""",12,16,B.1.351(Beta),3,1,2021,4,21
EPI_ISL_2658492,"D80A;L241-;L242-;A243-;K417N;E484K;N501Y;D614G;A701V;A845S|""""",10,16,B.1.351(Beta),1,1,2021,4,21
EPI_ISL_2230323,"L18F;D80A;D215G;L241-;L242-;A243-;K417N;E484K;N501Y;D614G;A701V;T716I|""""",12,16,B.1.351(Beta),6,3,2021,4,21
EPI_ISL_2131679,"L18F;A27S;D80A;D215G;L241-;L242-;A243-;K417N;E484K;N501Y;D614G;A701V;A771D|""""",13,16,B.1.351(Beta),1,1,2021,4,21
EPI_ISL_2209564,"L18F;D80A;D215G;L241-;L242-;A243-;S254F;K417N;E484K;N501Y;D614G;A701V|""""",12,16,B.1.351(Beta),6,3,2021,4,21
EPI_ISL_2561984,"L18F;D80A;L176F;D215G;L241-;L242-;A243-;K417N;E484K;N501Y;D614G;A701V;G1267V|""""",13,16,B.1.351(Beta),3,3,2021,4,21
EPI_ISL_2674449,"D80A;D215G;L241-;L242-;A243-;K417N;E484K;N501Y;D614G;A701V;C1235F|""""",11,16,B.1.351(Beta),3,1,2021,4,21
EPI_ISL_2466734,"D80A;L241-;L242-;A243-;K417N;E484K;N501Y;A653V;A701V|""""",9,16,B.1.351(Beta),1,1,2021,4,21
EPI_ISL_2608537,"T19I;D80A;D215G;L241-;L242-;A243-;E484K;N501Y;A701V;I896L|""""",10,16,B.1.351(Beta),2,1,2021,4,21
EPI_ISL_2031557,"R34P;G35R;D80A;D215G;E484K;N501Y;D614G;A701V|""""",8,16,B.1.351(Beta),1,1,2021,4,22
EPI_ISL_1903186,"D80A;D215G;L241-;L242-;A243-;K417N;E484K;N501Y;D614G;A701V;A845S;A924V|""""",12,16,B.1.351(Beta),1,1,2021,4,22
EPI_ISL_2178779,"L18F;D80A;D215G;L241-;L242-;A243-;K417N;E484K;N501Y;D614G;A701V;V1129L|""""",12,16,B.1.351(Beta),1,1,2021,4,22
EPI_ISL_3299282,"L18F;D80A;D215G;L241-;L242-;A243-;H245Y;K417N;N501Y;D614G;A701V;S943P|""""",12,16,B.1.351(Beta),1,1,2021,4,22
EPI_ISL_7972355,"L18F;D215G;L241-;L242-;A243-;K417N;D614G;A701V|""""",8,16,B.1.351(Beta),1,1,2021,4,22
EPI_ISL_16078637,"A67S;D80A;D215G;L241-;L242-;A243-;K417N;E484K;N501Y;D614G;Q677H;A701V|""""",12,16,B.1.351(Beta),4,2,2021,4,22
EPI_ISL_16078632,"L18F;D80A;D215G;L241-;L242-;A243-;K417N;E484K;N501Y;D614G;A701V;S939F|""""",12,16,B.1.351(Beta),4,1,2021,4,22
EPI_ISL_14716357,"L18F;D80A;D215G;L241-;L242-;A243-;P384L;K417N;E484K;N501Y;D614G;A701V;G1124V|""""",13,16,B.1.351(Beta),1,1,2021,4,22
EPI_ISL_3299244,"G75S;D80A;D215G;L241-;L242-;A243-;K417N;N501Y;D614G;A701V;A845S;T941-;S943P|""""",13,16,B.1.351(Beta),1,1,2021,4,22
EPI_ISL_1929828,"D80A;D215G;L241-;L242-;A243-;K417N;E484K;N501Y;D614G;A701V;S813R|""""",11,16,B.1.351(Beta),1,1,2021,4,22
EPI_ISL_4373957,"L18F;D80A;V143F;D215G;L241-;L242-;A243-;N501Y;D614G;A701V;R815K|""""",11,16,B.1.351(Beta),1,1,2021,4,22
EPI_ISL_2462081,"L18F;D80A;V143F;D215G;L241-;L242-;A243-;K417N;E484K;N501Y;D614G;P621H;A701V|""""",13,16,B.1.351(Beta),5,2,2021,4,22
EPI_ISL_12700365,"L18F;D80A;D215G;L241-;L242-;A243-;K417N;E484K;N501Y;D614G;A701V;E1150Q|""""",12,16,B.1.351(Beta),1,1,2021,4,22
EPI_ISL_2620086,"L18F;D80A;D215G;L241-;L242-;A243-;K417N;E484K;N501Y;D614G;T618I;A701V|""""",12,16,B.1.351(Beta),3,2,2021,4,22
EPI_ISL_2608284,"D80A;D215G;L241-;L242-;A243-;K417N;E484K;N501Y;D614G;E654K;A701V|""""",11,16,B.1.351(Beta),3,1,2021,4,22
EPI_ISL_1816933,"L18F;D80A;D215G;L241-;L242-;A243-;K417N;V483F;E484K;N501Y;D614G;A701V|""""",12,16,B.1.351(Beta),3,1,2021,4,23
EPI_ISL_1817594,"L18F;D80A;D215G;K417N;D614G;A701V|""""",6,16,B.1.351(Beta),4,1,2021,4,23
EPI_ISL_7638367,"L24S;D80A;S98F;D215G;L241-;L242-;A243-;K417N;E484K;N501Y;D614G;A701V|""""",12,16,B.1.351(Beta),1,1,2021,4,23
EPI_ISL_2448442,"L18F;D80A;D215G;L241-;L242-;A243-;K417N;E484K;D614G|""""",9,16,B.1.351(Beta),1,1,2021,4,23
EPI_ISL_2374039,"D80A;D215G;K417N;E484K;N501Y;D614G;A701V;T791I|""""",8,16,B.1.351(Beta),1,1,2021,4,23
EPI_ISL_2094384,"D80A;D215G;L241-;L242-;A243-;K417N;E484K;N501Y;E516Q;D614G;A701V;V1104L|""""",12,16,B.1.351(Beta),1,1,2021,4,23
EPI_ISL_18014196,"L18F;D80A;D215G;K417N;E484K;N501Y;D614G;A701V;S1252F|""""",9,16,B.1.351(Beta),1,1,2021,4,23
EPI_ISL_2658790,"D80A;L241-;L242-;A243-;K417N;E484K;N501Y;D614G;P681H;A701V|""""",10,16,B.1.351(Beta),1,1,2021,4,23
EPI_ISL_2658510,"D80A;L241-;L242-;A243-;K417N;E484K;N501Y;D614G;P681H;A701V;T716I|""""",11,16,B.1.351(Beta),1,1,2021,4,23
EPI_ISL_1857481,"D80A;D215G;L241-;L242-;A243-;K417N;E484K;N501Y;D614G;A701V;C1236F|""""",11,16,B.1.351(Beta),2,1,2021,4,23
EPI_ISL_2843205,"A27S;D80A;F140-;D215G;L241-;L242-;A243-;K417N;E484K;N501Y;D614G;A701V|""""",12,16,B.1.351(Beta),3,3,2021,4,23
EPI_ISL_1817657,"L18F;T19I;D80A;D215G;L241-;L242-;A243-;K417N;D614G;A701V|""""",10,16,B.1.351(Beta),1,1,2021,4,23
EPI_ISL_2272925,"D80A;D215G;E484K;N501Y;D614G;A701V|""""",6,16,B.1.351(Beta),4,1,2021,4,23
EPI_ISL_3998371,"L5F;D80A;L241-;L242-;A243-;K417N;E484K;N501Y;D614G;A701V|""""",10,16,B.1.351(Beta),2,1,2021,4,23
EPI_ISL_2658789,"D80A;F186S;L241-;L242-;A243-;K417N;E484K;N501Y;D614G;A701V|""""",10,16,B.1.351(Beta),1,1,2021,4,23
EPI_ISL_3998349,"D80A;F186S;L241-;L242-;A243-;E484K;N501Y;D614G;A701V|""""",9,16,B.1.351(Beta),1,1,2021,4,23
EPI_ISL_3998374,"D80A;L241-;L242-;A243-;K417N;E484K;N501Y;D614G;A701V;A845V|""""",10,16,B.1.351(Beta),1,1,2021,4,23
EPI_ISL_18876172,"L18F;D80V;D215G;L241-;L242-;A243-;K417N;G476S;E484K;N501Y;D614G;A701V|""""",12,16,B.1.351(Beta),2,2,2021,4,23
EPI_ISL_1817644,"D80A;D215G;L241-;L242-;A243-;K417N;N501Y;D614G;A701V|""""",9,16,B.1.351(Beta),17,1,2021,4,23
EPI_ISL_2658826,"L5F;D80A;L241-;L242-;A243-;K417N;E484K;N501Y;D614G;P681H;A701V;T716I|""""",12,16,B.1.351(Beta),1,1,2021,4,23
EPI_ISL_11811823,"L18F;D80A;D215G;L241-;L242-;A243-;K417N;E484K;N501Y;D614G;A701V;L822F|""""",12,16,B.1.351(Beta),6,2,2021,4,23
EPI_ISL_2153433,"D80A;D215G;L241-;L242-;A243-;V308L;K417N;E484K;N501Y;D614G;A701V|""""",11,16,B.1.351(Beta),1,1,2021,4,24
EPI_ISL_2179745,"L18F;D80A;D215G;L241-;L242-;A243-;K417N;D614G;A701V;G1124V|""""",10,16,B.1.351(Beta),1,1,2021,4,24
EPI_ISL_11811828,"L18F;A67V;D80A;D215G;L241-;L242-;A243-;K417N;E484K;N501Y;D614G;A701V;V1104L|""""",13,16,B.1.351(Beta),1,1,2021,4,24
EPI_ISL_2658512,"L18F;D80A;L241-;L242-;A243-;E484K;N501Y;D614G;A701V;T716I;S982A;D1118H|""""",12,16,B.1.351(Beta),1,1,2021,4,24
EPI_ISL_2093804,"D80A;P209L;D215G;K417N;E484K;N501Y;D614G;A701V|""""",8,16,B.1.351(Beta),1,1,2021,4,24
EPI_ISL_2259523,"G75V;D80A;D215G;L241-;L242-;A243-;K417N;E484K;N501Y;D614G;A701V;I931V|""""",12,16,B.1.351(Beta),1,1,2021,4,25
EPI_ISL_3246673,"L18F;D80A;D215G;L241-;L242-;A243-;K417N;E484K;N501Y;D614G;A701V;A845V|""""",12,16,B.1.351(Beta),1,1,2021,4,25
EPI_ISL_2259527,"G75V;D80A;R214L;D215G;L241-;L242-;A243-;K417N;E484K;N501Y;D614G;A701V;I931V|""""",13,16,B.1.351(Beta),1,1,2021,4,25
EPI_ISL_1992296,"D80A;D215G;L241-;L242-;A243-;K417N;E484K;N501Y;D614G;A701V;A1020V;V1176F|""""",12,16,B.1.351(Beta),1,1,2021,4,25
EPI_ISL_2692999,"A27S;D80A;D215G;L241-;L242-;A243-;D614G;A701V|""""",8,16,B.1.351(Beta),1,1,2021,4,25
EPI_ISL_2293296,"D80A;D215G;L241-;L242-;A243-;K417N;E484K;N501Y;D614G;A701V;A879G|""""",11,16,B.1.351(Beta),2,1,2021,4,26
EPI_ISL_2479213,"L18F;D80A;W152L;D215G;L241-;L242-;A243-;K417N;E484K;N501Y;D614G;A701V|""""",12,16,B.1.351(Beta),3,1,2021,4,26
EPI_ISL_2413025,"L54F;D80A;D215G;L241-;L242-;A243-;K417N;E484K;N501Y;D614G;A701V|""""",11,16,B.1.351(Beta),13,1,2021,4,26
EPI_ISL_2779639,"A27S;D80A;D215G;L241-;L242-;A243-;A264V;K417N;E484K;N501Y;D614G;A701V|""""",12,16,B.1.351(Beta),2,1,2021,4,26
EPI_ISL_2086684,"D80A;D215G;L241-;L242-;A243-;P337S;K417N;E484K;N501Y;D614G;A701V|""""",11,16,B.1.351(Beta),1,1,2021,4,26
EPI_ISL_2218910,"D80A;D215G;L241-;L242-;A243-;K417N;E484K;N501Y;D614G;A701V;F1103S;I1169F|""""",12,16,B.1.351(Beta),1,1,2021,4,26
EPI_ISL_2374041,"H69Y;D80A;D215G;K417N;E484K;N501Y;D614G;A701V;I931V|""""",9,16,B.1.351(Beta),1,1,2021,4,26
EPI_ISL_16078662,"L18F;D80A;D215G;L241-;L242-;A243-;K417N;E484K;N501Y;D614G;H655Y;A701V;S939F|""""",13,16,B.1.351(Beta),1,1,2021,4,26
EPI_ISL_4377246,"D80A;D215G;L241-;L242-;A243-;K417N;E484K;N501Y;D614G|""""",9,16,B.1.351(Beta),10,1,2021,4,26
EPI_ISL_2315833,"L18F;D80A;D215G;L241-;L242-;A243-;K417N;E484K;N501Y;D614G|""""",10,16,B.1.351(Beta),7,1,2021,4,26
EPI_ISL_2209826,"D80A;D215G;L241-;L242-;A243-;K417N;E484K;N501Y;D614G;A701V;A845S;C1236F|""""",12,16,B.1.351(Beta),1,1,2021,4,26
EPI_ISL_2099510,"L18F;S45F;D215G;L241-;L242-;A243-;K417N;E484K;N501Y;D614G;A701V;S1252P|""""",12,16,B.1.351(Beta),1,1,2021,4,27
EPI_ISL_2261510,"L18F;P26L;D80A;S98F;D215G;K417N;E484K;N501Y;D614G;A701V|""""",10,16,B.1.351(Beta),1,1,2021,4,27
EPI_ISL_2015939,"L18F;D80A;L176F;D215G;R237K;L241-;L242-;A243-;K417N;E484K;N501Y;D614G;A701V|""""",13,16,B.1.351(Beta),1,1,2021,4,27
EPI_ISL_2015941,"L5F;D80A;D215G;L241-;L242-;A243-;K417N;E484K;N501Y;D614G;T678I;S698L;A701V|""""",13,16,B.1.351(Beta),1,1,2021,4,27
EPI_ISL_2179790,"D80A;V193L;D215G;L241-;L242-;A243-;K417N;E484K;N501Y;D614G;A701V|""""",11,16,B.1.351(Beta),1,1,2021,4,27
EPI_ISL_1962204,"D80A;D215G;L241-;L242-;A243-;K417N;E484K;N501Y;D614G;A701V;F1103S|""""",11,16,B.1.351(Beta),1,1,2021,4,27
EPI_ISL_2992016,"D80A;D215G;L242-;K417N;E484K;N501Y;D614G;A701V|""""",8,16,B.1.351(Beta),1,1,2021,4,27
EPI_ISL_2887357,"L18F;D80A;D215G;L242-;A243P;K417N;G476C;E484K;N501Y;D614G;A701V|""""",11,16,B.1.351(Beta),1,1,2021,4,27
EPI_ISL_2843110,"D80A;F157L;D215G;L241-;L242-;A243-;K417N;E484K;N501Y;D614G;A701V;W886L|""""",12,16,B.1.351(Beta),1,1,2021,4,27
EPI_ISL_1912748,"A27S;D80A;D215G;L241-;L242-;A243-;K417N;E484K;N501Y;D614G;A701V;A1022S|""""",12,16,B.1.351(Beta),2,1,2021,4,27
EPI_ISL_2030022,"L18F;D80A;D215G;L241-;L242-;A243-;E298K;K417N;E484K;N501Y;D614G;A701V|""""",12,16,B.1.351(Beta),1,1,2021,4,27
EPI_ISL_2602626,"L18F;D80A;N185D;D215G;L241-;L242-;A243-;K417N;E484K;N501Y;D614G;A701V|""""",12,16,B.1.351(Beta),1,1,2021,4,27
EPI_ISL_2030033,"S13I;D80A;D215G;L241-;L242-;A243-;K417N;E484K;N501Y;D614G;A701V|""""",11,16,B.1.351(Beta),1,1,2021,4,27
EPI_ISL_3502636,"L18F;D80A;D215G;K417N;E484K;N501Y;D614G;A701V;G1124V|""""",9,16,B.1.351(Beta),5,1,2021,4,27
EPI_ISL_1904996,"D80A;D215G;L241-;L242-;A243-;K417N;E484K;N501Y;D614G;A701V;L822F|""""",11,16,B.1.351(Beta),6,1,2021,4,27
EPI_ISL_2620953,"A67V;D80A;L241-;L242-;A243-;K417N;E484K;N501Y;D614G;A701V|""""",10,16,B.1.351(Beta),2,2,2021,4,28
EPI_ISL_2389941,"L18F;K77R;D80A;D215G;L241-;L242-;A243-;K417N;E484K;N501Y;D614G;A701V|""""",12,16,B.1.351(Beta),1,1,2021,4,28
EPI_ISL_2143643,"L18F;D80A;D215G;L241-;L242-;A243-;K417N;E484K;N501Y;D614G;A701V;I934L;K1181N|""""",13,16,B.1.351(Beta),4,2,2021,4,28
EPI_ISL_4381925,"L18F;T22I;D80A;V143F;D215G;L241-;L242-;A243-;K417N;E484K;N501Y;D614G;A701V|""""",13,16,B.1.351(Beta),1,1,2021,4,28
EPI_ISL_5603129,"L18F;D80A;D215G;L241-;L242-;A243-;K417N;I468T;E484K;N501Y;D614G;Q675H;A701V|""""",13,16,B.1.351(Beta),1,1,2021,4,28
EPI_ISL_2473197,"D80A;D215G;L241-;L242-;A243-;K417N;E484K;N501Y;D614G;S640F;A701V|""""",11,16,B.1.351(Beta),2,1,2021,4,28
EPI_ISL_2110837,"L18F;P26L;D80A;S98F;D215G;L241-;L242-;A243-;K417N;E484K;N501Y;D614G;A694S;A701V|""""",14,16,B.1.351(Beta),1,1,2021,4,28
EPI_ISL_2019482,"S71F;D80A;D215G;L241-;L242-;A243-;K417N;E484K;N501Y;D614G;A701V|""""",11,16,B.1.351(Beta),4,2,2021,4,28
EPI_ISL_2158074,"H69-;V70-;D80A;K417N;E484K;N501Y;D614G;A701V|""""",8,16,B.1.351(Beta),2,1,2021,4,28
EPI_ISL_2158073,"H69-;V70-;D80A;N370K;S371Y;A372K;F374A;F377S;Y380K;V382E;S383A;K417N;E484K;N501Y;D614G;A701V|""""",16,16,B.1.351(Beta),1,1,2021,4,28
EPI_ISL_2091110,"L18F;P26S;D80A;D215G;L241-;L242-;A243-;P384L;K417N;E484K;N501Y;D614G;A701V|""""",13,16,B.1.351(Beta),1,1,2021,4,29
EPI_ISL_2928017,"D80A;D215G;L241-;L242-;A243-;V308L;K417N;E484K;N501Y;D614G;P681H;A701V|""""",12,16,B.1.351(Beta),2,1,2021,4,29
EPI_ISL_2115430,"H69Y;D80A;D215G;L241-;L242-;A243-;K417N;E484K;F486L;N501Y;D614G;A701V|""""",12,16,B.1.351(Beta),1,1,2021,4,29
EPI_ISL_16078612,"L18F;D80A;D215G;L241-;L242-;A243-;K417N;E484K;N501Y;D614G;A701V;I1183F|""""",12,16,B.1.351(Beta),1,1,2021,4,29
EPI_ISL_2374046,"L5F;D80A;D215G;K417N;E484K;N501Y;D614G;A701V|""""",8,16,B.1.351(Beta),3,1,2021,4,29
EPI_ISL_10010892,"Y28H;D80A;D215G;L241-;L242-;A243-;K417N;E484K;N501Y;D614G;A701V|""""",11,16,B.1.351(Beta),1,1,2021,4,29
EPI_ISL_2462255,"Q14H;L18F;D80A;V143F;D215G;L241-;L242-;A243-;K417N;E484K;N501Y;D614G;A701V|""""",13,16,B.1.351(Beta),1,1,2021,4,29
EPI_ISL_2091065,"S12F;L18F;D215G;L241-;L242-;A243-;P384L;K417N;E484K;D614G;A701V|""""",11,16,B.1.351(Beta),1,1,2021,4,29
EPI_ISL_2490419,"D80A;E96D;D215G;L241-;L242-;A243-;K417N;E484K;N501Y;D614G;Q675H;A701V|""""",12,16,B.1.351(Beta),5,2,2021,4,29
EPI_ISL_2811878,"L18F;D80A;D215G;L241-;L242-;A243-;K417N;E484K;N501Y;D614G;A701V;I834F|""""",12,16,B.1.351(Beta),1,1,2021,4,29
EPI_ISL_2333502,"A27S;D80A;D215G;L241-;L242-;A243-;K417N;E484K;N501Y;D614G;A701V;V976F|""""",12,16,B.1.351(Beta),1,1,2021,4,29
EPI_ISL_2208840,"L18F;D80A;D215G;L241-;L242-;A243-;V308L;K417N;E484K;N501Y;D614G;A701V|""""",12,16,B.1.351(Beta),7,1,2021,4,30
EPI_ISL_5570746,"A27S;D80A;D215G;L241-;L242-;A243-;K417N;E484K;N501Y;D614G;A701V;G769V|""""",12,16,B.1.351(Beta),2,1,2021,4,30
EPI_ISL_2374047,"L18F;D80A;D215G;K417N;E484K;N501Y;A520S;D614G;A701V|""""",9,16,B.1.351(Beta),1,1,2021,4,30
EPI_ISL_11245938,"L18F;D80A;D215G;L241-;L242-;A243-;K417N;E484K;N501Y;D614G;A701V;D1153Y|""""",12,16,B.1.351(Beta),3,2,2021,4,30
EPI_ISL_1993083,"D80A;D215G;L241-;L242-;A243-;K417N;E484K;N501Y;D614G;A701V;A879S;V1176F|""""",12,16,B.1.351(Beta),3,1,2021,4,30
EPI_ISL_2970554,"L18F;D80A;D215G;L242-;A243P;K417N;E484K;N501Y;D614G;A701V;G842D|""""",11,16,B.1.351(Beta),1,1,2021,4,30
EPI_ISL_7722839,"L18F;D80A;H146Q;D215G;L241-;L242-;A243-;T323I;K417N;E484K;N501Y;D614G;A701V|""""",13,16,B.1.351(Beta),1,1,2021,4,30
EPI_ISL_2209244,"D80A;R214H;D215G;L241-;L242-;A243-;K417N;E484K;N501Y;D614G;A701V;A845S|""""",12,16,B.1.351(Beta),1,1,2021,4,30
EPI_ISL_2272587,"D80A;D215G;L241-;L242-;A243-;K417N;E484K;N501Y;D614G;A701V;T778I|""""",11,16,B.1.351(Beta),2,1,2021,4,30
EPI_ISL_2374049,"D80A;D215G;K417N;E484K;N501Y;D614G;A701V|""""",7,17,B.1.351(Beta),51,7,2021,5,1
EPI_ISL_16138137,"L18F;I68K;D80A;D215G;L241-;L242-;A243-;K417N;E484K;N501Y;D614G;A701V|""""",12,17,B.1.351(Beta),1,1,2021,5,1
EPI_ISL_2940752,"A27S;D80A;D215G;L241-;L242-;A243-;K417N;E484K;N501Y;D614G;A701V;F1103S|""""",12,17,B.1.351(Beta),1,1,2021,5,1
EPI_ISL_4367395,"P25T;D80A;D215G;L241-;L242-;A243-;K417N;E484K;N501Y;D614G;A701V|""""",11,17,B.1.351(Beta),3,3,2021,5,1
EPI_ISL_2692239,"D80A;D215G;L241-;L242-;A243-;K417N;E484K;N501Y;D614G;A701V|""""",10,17,B.1.351(Beta),2847,242,2021,5,1
EPI_ISL_10010842,"L5F;D80A;D215G;L241-;L242-;A243-;K417N;E484K;N501Y;D614G;A701V|""""",11,17,B.1.351(Beta),71,6,2021,5,1
EPI_ISL_1986505,"A27S;D80A;D215G;L241-;L242-;A243-;K417N;E484K;N501Y;D614G;A701V;A1022S|""""",12,17,B.1.351(Beta),2,1,2021,5,1
EPI_ISL_2663625,"L18F;D80A;V143F;D215G;L241-;L242-;A243-;K417N;E484K;N501Y;D614G;A701V|""""",12,17,B.1.351(Beta),85,26,2021,5,1
EPI_ISL_2033160,"L18F;D80A;D215G;L241-;L242-;A243-;K417N;E484K;N501Y;D614G;A701V;P1162S|""""",12,17,B.1.351(Beta),10,2,2021,5,1
EPI_ISL_2479810,"A27S;D80A;D215G;L241-;L242-;A243-;K417N;E484K;N501Y;D614G;A701V|""""",11,17,B.1.351(Beta),401,87,2021,5,1
EPI_ISL_2374048,"D80A;D215G;L241-;L242-;A243-;K417N;E484K;N501Y;D614G;A701V;I931V|""""",11,17,B.1.351(Beta),38,13,2021,5,1
EPI_ISL_2160575,"L5F;D80A;D215G;L241-;L242-;A243-;K417N;E484K;N501Y;D614G;A701V;V1176F|""""",12,17,B.1.351(Beta),6,6,2021,5,1
EPI_ISL_2415474,"D80A;D215G;L241-;L242-;A243-;R246I;K417N;E484K;N501Y;D614G;A701V;I1216T|""""",12,17,B.1.351(Beta),2,2,2021,5,1
EPI_ISL_5782319,"L18F;D80A;D215G;K417N;E484K;N501Y;D614G;A701V;A706V|""""",9,17,B.1.351(Beta),3,1,2021,5,1
EPI_ISL_2401762,"L18F;D80A;D215G;L241-;L242-;A243-;K417N;E484K;N501Y;D614G;A701V;A899S|""""",12,17,B.1.351(Beta),434,38,2021,5,1
EPI_ISL_2363860,"T19I;D80A;D215G;L241-;L242-;A243-;E484K;N501Y;D614G;A701V|""""",10,17,B.1.351(Beta),167,6,2021,5,1
EPI_ISL_2104556,"L18F;A67V;D80A;D215G;L241-;L242-;A243-;K417N;E484K;N501Y;D614G;A701V|""""",12,17,B.1.351(Beta),222,45,2021,5,1
EPI_ISL_2265615,"L18F;D80A;D215G;A222V;L241-;L242-;A243-;K417N;E484K;N501Y;D614G;A701V|""""",12,17,B.1.351(Beta),24,1,2021,5,1
EPI_ISL_2479799,"L18F;D80A;W152L;D215G;L241-;L242-;A243-;K417N;E484K;N501Y;D614G;A701V|""""",12,17,B.1.351(Beta),3,1,2021,5,1
EPI_ISL_2134604,"L18F;D80A;D215G;L241-;L242-;A243-;P384L;K417N;E484K;N501Y;D614G;A701V|""""",12,17,B.1.351(Beta),195,29,2021,5,1
EPI_ISL_2006026,"L18F;D80A;D215G;L241-;L242-;A243-;K417N;E484K;N501Y;D614G;A701V|""""",11,17,B.1.351(Beta),2905,369,2021,5,1
EPI_ISL_2045104,"D80A;D215G;L241-;L242-;A243-;K417N;E484K;N501Y;D614G|""""",9,17,B.1.351(Beta),10,1,2021,5,1
EPI_ISL_4380687,"L18F;D80A;D215G;L241-;L242-;A243-;K417N;E484K;N501Y;D614G;A701V;D1118H|""""",12,17,B.1.351(Beta),2,2,2021,5,2
EPI_ISL_2209344,"D80A;D215G;L241-;L242-;A243-;K417N;E484K;N501Y;D614G;A701V;A845S|""""",11,17,B.1.351(Beta),195,29,2021,5,2
EPI_ISL_2724597,"L5F;L18F;D80A;D215G;L241-;L242-;A243-;K417N;E484K;N501Y;D614G;A701V;T723I|""""",13,17,B.1.351(Beta),1,1,2021,5,2
EPI_ISL_2142648,"D80A;D215G;L241-;L242-;A243-;K417N;E484K;N501Y;L585F;D614G;A701V|""""",11,17,B.1.351(Beta),1,1,2021,5,2
EPI_ISL_2363846,"T19I;D80A;D215G;L241-;L242-;A243-;T274N;E484K;N501Y;D614G;A701V;I896L|""""",12,17,B.1.351(Beta),1,1,2021,5,2
EPI_ISL_2843087,"D80A;F157L;D215G;L241-;L242-;A243-;K417N;E484K;N501Y;D614G;A701V|""""",11,17,B.1.351(Beta),4,1,2021,5,2
EPI_ISL_2724534,"L5F;L18F;D80A;D215G;L241-;L242-;A243-;K417N;E484K;N501Y;D614G;A701V|""""",12,17,B.1.351(Beta),110,8,2021,5,2
EPI_ISL_3790912,"D80A;F186S;D215G;L241-;L242-;A243-;A260S;K417N;E484K;N501Y;D614G;A701V|""""",12,17,B.1.351(Beta),10,4,2021,5,2
EPI_ISL_2220496,"D80A;D215G;L241-;L242-;A243-;K417N;E484K;N501Y;E516Q;D614G;A701V|""""",11,17,B.1.351(Beta),71,5,2021,5,2
EPI_ISL_2120321,"L18F;P26L;H69-;V70-;S98F;D215G;L241-;L242-;A243-;K417N;E484K;N501Y;D614G;A701V|""""",14,17,B.1.351(Beta),2,2,2021,5,3
EPI_ISL_2608862,"T19I;D80A;D215G;L241-;L242-;A243-;E484K;N501Y;D614G;A701V;D1184Y|""""",11,17,B.1.351(Beta),4,4,2021,5,3
EPI_ISL_2413302,"L54F;D80A;D215G;L241-;L242-;A243-;K417N;N501Y;D614G;A701V|""""",10,17,B.1.351(Beta),1,1,2021,5,3
EPI_ISL_2413363,"D80A;D215G;L241-;L242-;A243-;K417N;N501Y;D614G;A701V;T716I|""""",10,17,B.1.351(Beta),1,1,2021,5,3
EPI_ISL_2419566,"L18F;D80A;D215G;L241-;L242-;A243-;K417N;E484K;N501Y;D614G;S680F;A701V|""""",12,17,B.1.351(Beta),6,6,2021,5,3
EPI_ISL_2303967,"D80A;D215G;L241-;L242-;A243-;K417N;E484K;N501Y;E516Q;D614G;A701V;E1202Q|""""",12,17,B.1.351(Beta),1,1,2021,5,3
EPI_ISL_2120561,"L18F;D80A;D215G;L241-;L242-;A243-;K417N;E484K;N501Y;D614G;A701V;A845S|""""",12,17,B.1.351(Beta),12,2,2021,5,3
EPI_ISL_2663662,"D80A;D215G;L241-;L242-;A243-;K417N;E484K;N501Y;D614G;A701V;A1190S|""""",11,17,B.1.351(Beta),21,16,2021,5,3
EPI_ISL_2699393,"L18F;D80A;D215G;L241-;L242-;A243-;K417N;E484K;N501Y;D614G;A701V;P812L|""""",12,17,B.1.351(Beta),2,2,2021,5,3
EPI_ISL_4369018,"L18F;D80A;V143F;K150I;D215G;L241-;L242-;A243-;K417N;E484K;N501Y;D614G;A701V|""""",13,17,B.1.351(Beta),1,1,2021,5,3
EPI_ISL_2663645,"L18F;D80A;T95I;V143F;D215G;L241-;L242-;A243-;K417N;E484K;N501Y;D614G;P621H;A701V|""""",14,17,B.1.351(Beta),1,1,2021,5,3
EPI_ISL_2843097,"D80A;D215G;L241-;L242-;A243-;K417N;E484K;N501Y;T572I;D614G;A701V|""""",11,17,B.1.351(Beta),4,2,2021,5,3
EPI_ISL_2132634,"D215G;L241-;L242-;A243-;K417N;E484K;N501Y;D614G;A701V|""""",9,17,B.1.351(Beta),4,3,2021,5,3
EPI_ISL_16064219,"P25T;D80A;D215G;L241-;L242-;A243-;K417N;E484K;N501Y;D614G;A688V;A701V|""""",12,17,B.1.351(Beta),1,1,2021,5,3
EPI_ISL_2265968,"D80A;D215G;L241-;L242-;A243-;K417N;E484K;N501Y;D614G;A701V;T791I|""""",11,17,B.1.351(Beta),17,5,2021,5,3
EPI_ISL_2843104,"D80A;D215G;L241-;L242-;A243-;R408I;K417N;E484K;N501Y;D614G;A701V|""""",11,17,B.1.351(Beta),1,1,2021,5,3
EPI_ISL_2413265,"L18F;D80A;D215G;L241-;L242-;A243-;K417N;E484K;N501Y;D614G;V642G;A701V|""""",12,17,B.1.351(Beta),10,4,2021,5,3
EPI_ISL_13620684,"D80A;L141-;G142-;V143-;Y144-;D215G;L241-;L242-;A243-;K417N;E484K;N501Y;D614G;A672V;A701V|""""",15,17,B.1.351(Beta),1,1,2021,5,3
EPI_ISL_2037336,"L18F;D80A;D215G;L241-;L242-;A243-;K417N;E484K;N501Y;D614G;A701V;V785D;L822-|""""",13,17,B.1.351(Beta),1,1,2021,5,3
EPI_ISL_2417887,"L18F;D80A;S151I;D215G;L241-;L242-;A243-;K417N;E484K;N501Y;D614G;A701V|""""",12,17,B.1.351(Beta),1,1,2021,5,3
EPI_ISL_2898769,"D80A;F186S;D215G;L241-;L242-;A243-;K417N;E484K;N501Y;D614G;A701V|""""",11,17,B.1.351(Beta),36,3,2021,5,3
EPI_ISL_2413403,"L18F;D80A;D215G;L241-;L242-;A243-;K417N;N501Y;D614G;A653V;A701V;T716I|""""",12,17,B.1.351(Beta),1,1,2021,5,3
EPI_ISL_13620683,"D80A;D215G;L241-;L242-;A243-;K417N;E484K;N501Y;D614G;A672V;A701V|""""",11,17,B.1.351(Beta),6,2,2021,5,3
EPI_ISL_2418150,"D80A;D215G;L241-;L242-;A243-;K417N;E484K;N501Y;D614G;A701V;M731I|""""",11,17,B.1.351(Beta),2,1,2021,5,3
EPI_ISL_2584258,"L54F;D80A;D215G;L241-;L242-;A243-;K417N;E484K;N501Y;D614G;A701V|""""",11,17,B.1.351(Beta),13,7,2021,5,3
EPI_ISL_2129557,"D80A;D215G;L241-;L242-;A243-;H245Y;K417N;E484K;N501Y;D614G;A701V|""""",11,17,B.1.351(Beta),4,1,2021,5,3
EPI_ISL_2112777,"L18F;P26L;D80A;S98F;D215G;L241-;L242-;A243-;K417N;E484K;N501Y;D614G;A701V|""""",13,17,B.1.351(Beta),51,24,2021,5,3
EPI_ISL_2413803,"Q14R;D80A;F186S;D215G;L241-;L242-;A243-;K417N;E484K;N501Y;D614G;D627H;A701V|""""",13,17,B.1.351(Beta),1,1,2021,5,3
EPI_ISL_2219004,"L18F;D80A;D215G;L241-;L242-;A243-;P384L;K417N;E484K;N501Y;D614G;A701V;Q913H|""""",13,17,B.1.351(Beta),1,1,2021,5,3
EPI_ISL_16078436,"L18F;D80A;D215G;L241-;L242-;A243-;K417N;E484K;N501Y;D614G;A701V;S939F|""""",12,17,B.1.351(Beta),4,3,2021,5,3
EPI_ISL_2663646,"L18F;D80A;V143F;D215G;L241-;L242-;A243-;K417N;E484K;N501Y;D614G;P621H;A701V|""""",13,17,B.1.351(Beta),5,3,2021,5,3
EPI_ISL_2349790,"L141-;G142-;V143-;L242-;A243-;Y265C;E484K;N501Y;D614G;P681H;A701V;E1092K;H1101Y;V1176F|""""",14,17,B.1.351(Beta),1,1,2021,5,3
EPI_ISL_16467358,"L18F;D80A;D215G;L241-;L242-;A243-;K417N;E484K;N501Y;D614G;A701V;D1153Y|""""",12,17,B.1.351(Beta),3,1,2021,5,3
EPI_ISL_2413440,"D80A;D215G;L241-;L242-;A243-;K417N;E484K;N501Y;D614G;A701V;A879V|""""",11,17,B.1.351(Beta),1,1,2021,5,3
EPI_ISL_2122757,"L18F;P26L;D80A;S98F;D215G;L241-;L242-;A243-;K417N;E484K;N501Y;D614G;A701L|""""",13,17,B.1.351(Beta),1,1,2021,5,4
EPI_ISL_2625635,"L18F;D80A;D138N;D215G;L241-;L242-;A243-;K417N;E484K;N501Y;D614G;A701V|""""",12,17,B.1.351(Beta),6,2,2021,5,4
EPI_ISL_2349779,"A27S;D80A;D215G;A222S;L241-;L242-;A243-;K417N;E484K;N501Y;D614G;A701V|""""",12,17,B.1.351(Beta),1,1,2021,5,4
EPI_ISL_2854710,"L18F;D80A;D215G;L241-;L242-;A243-;K417N;E484K;N501Y;D614G;A701V;A930V|""""",12,17,B.1.351(Beta),1,1,2021,5,4
EPI_ISL_2122749,"L18F;P26L;S98F;D215G;L241-;L242-;A243-;K417N;E484K;N501Y;D614G;A701V|""""",12,17,B.1.351(Beta),1,1,2021,5,4
EPI_ISL_2401421,"L18F;D80A;D215G;L241-;L242-;A243-;K417N;E484K;N501Y;D614G;A701V;L1141F|""""",12,17,B.1.351(Beta),1,1,2021,5,4
EPI_ISL_13499640,"A27S;D80A;D215G;L241-;L242-;A243-;K417N;E484K;N501Y;D614G;A701V;A831V|""""",12,17,B.1.351(Beta),1,1,2021,5,4
EPI_ISL_2658275,"Q23E;D80A;D215G;L241-;L242-;A243-;K417N;E484K;N501Y;D614G;A701V|""""",11,17,B.1.351(Beta),4,1,2021,5,4
EPI_ISL_2120510,"D80A;D215G;L241-;L242-;A243-;K417N;E484K;N501Y;D614G;T676I;A701V|""""",11,17,B.1.351(Beta),11,1,2021,5,4
EPI_ISL_4376435,"L18F;D80A;D215G;L241-;L242-;A243-;K417N;E484K;N501Y;D614G;A701V;D1260Y|""""",12,17,B.1.351(Beta),11,2,2021,5,4
EPI_ISL_2122972,"L18F;D80A;D215G;L241-;L242-;A243-;K417N;E484K;N501Y;D614G;A701V;G1171V|""""",12,17,B.1.351(Beta),23,1,2021,5,4
EPI_ISL_2711689,"L18F;D80A;D215G;L241-;L242-;A243-;E484K;N501Y;D614G;A701V|""""",10,17,B.1.351(Beta),20,4,2021,5,4
EPI_ISL_16078711,"A67S;D80A;D215G;L241-;L242-;A243-;K417N;E484K;N501Y;D614G;Q677H;A701V|""""",12,17,B.1.351(Beta),4,2,2021,5,4
EPI_ISL_2977305,"L18F;D80A;D215G;L241-;L242-;A243-;P251T;K417N;E484K;N501Y;D614G;A701V|""""",12,17,B.1.351(Beta),5,1,2021,5,4
EPI_ISL_7314617,"A27S;D80A;D215G;A222V;L241-;L242-;A243-;K417N;E484K;N501Y;D614G;A701V|""""",12,17,B.1.351(Beta),5,5,2021,5,4
EPI_ISL_13283891,"L18F;D215G;L241-;L242-;A243-;K417N;E484K;N501Y;D614G;A701V|""""",10,17,B.1.351(Beta),2,1,2021,5,4
EPI_ISL_2608857,"T19I;D80A;D215G;L241-;L242-;A243-;E484K;N501Y;D614G;A701V;I896L|""""",11,17,B.1.351(Beta),61,1,2021,5,4
EPI_ISL_2374051,"D80A;D215G;T240-;L241-;L242-;K417N;E484K;N501Y;D614G;A701V|""""",10,17,B.1.351(Beta),14,2,2021,5,4
EPI_ISL_2663704,"D80A;D215G;L241-;L242-;A243-;K417N;E484K;N501Y;D614G;A701V;P793L;A1190S|""""",12,17,B.1.351(Beta),1,1,2021,5,5
EPI_ISL_2378700,"A27S;D80A;D215G;L241-;L242-;A243-;K417N;E484K;N501Y;D614G;A701V;G1124C|""""",12,17,B.1.351(Beta),14,7,2021,5,5
EPI_ISL_2303307,"D80A;D215G;L241-;L242-;A243-;K417N;E484K;N501Y;T572I;D614G;A701V;D936N|""""",12,17,B.1.351(Beta),1,1,2021,5,5
EPI_ISL_2260591,"D215G;L241-;L242-;A243-;K417N;E484K;N501Y;D614G;A701V;A879S|""""",10,17,B.1.351(Beta),1,1,2021,5,5
EPI_ISL_2490420,"D80A;E96D;D215G;L241-;L242-;A243-;K417N;E484K;N501Y;D614G;Q675H;A701V|""""",12,17,B.1.351(Beta),5,3,2021,5,5
EPI_ISL_2182413,"D80A;G142V;D215G;L241-;L242-;A243-;K417N;E484K;N501Y;D614G;A701V|""""",11,17,B.1.351(Beta),1,1,2021,5,5
EPI_ISL_2418192,"L18F;D40Y;S50L;D80A;D215G;L241-;L242-;A243-;K417N;E484K;N501Y;D614G;A701V|""""",13,17,B.1.351(Beta),1,1,2021,5,5
EPI_ISL_3138807,"A27S;D80A;D215G;L241-;L242-;A243-;K417N;E484K;N501Y;D614G;A701V;S1175A|""""",12,17,B.1.351(Beta),1,1,2021,5,5
EPI_ISL_2401840,"L18F;D80A;D215G;L241-;L242-;A243-;K417N;E484K;N501Y;D614G;A701V;E1150V|""""",12,17,B.1.351(Beta),3,1,2021,5,5
EPI_ISL_2363765,"L18F;D80A;L241-;L242-;A243-;K417N;E484K;N501Y;D614G;A701V|""""",10,17,B.1.351(Beta),38,1,2021,5,5
EPI_ISL_2316981,"L18F;D80A;D215G;L241-;L242-;A243-;K417N;E484K;N501Y;D614G;Q677H;A701V|""""",12,17,B.1.351(Beta),9,3,2021,5,5
EPI_ISL_4360573,"L18F;D80A;D215G;L241-;L242-;A243-;P384L;K417N;E484K;N501Y;D614G;Q677H;A701V|""""",13,17,B.1.351(Beta),29,9,2021,5,5
EPI_ISL_5570820,"A27S;D80A;D215G;L241-;L242-;A243-;K417N;E484K;N501Y;T547I;D614G;A701V|""""",12,17,B.1.351(Beta),1,1,2021,5,5
EPI_ISL_2184428,"D80A;D215G;L241-;L242-;A243-;K417N;E484K;N501Y;D614G;V1176F|""""",10,17,B.1.351(Beta),1,1,2021,5,5
EPI_ISL_2260595,"D215G;L241-;L242-;A243-;K417N;E484K;N501Y;D614G;A701V;A783S|""""",10,17,B.1.351(Beta),1,1,2021,5,5
EPI_ISL_2151971,"S71F;D80A;D215G;L241-;L242-;A243-;K417N;E484K;N501Y;D614G;A701V|""""",11,17,B.1.351(Beta),4,1,2021,5,5
EPI_ISL_2317017,"L18F;D80A;D215G;L241-;L242-;A243-;K417N;E484K;N501Y;D614G;A701V;M1229I|""""",12,17,B.1.351(Beta),5,5,2021,5,5
EPI_ISL_8523895,"L18F;D80A;G181V;D215G;L241-;L242-;A243-;K417N;E484K;N501Y;D614G;A701V|""""",12,17,B.1.351(Beta),2,1,2021,5,6
EPI_ISL_5569893,"A27S;D80A;D215G;L241-;L242-;A243-;K417N;E484K;N501Y;D614G;N657S;A701V|""""",12,17,B.1.351(Beta),2,1,2021,5,6
EPI_ISL_3600703,"D80A;D215G;L241-;L242-;A243-;K417N;E484K;N501Y;D614G;Q675H;A701V|""""",11,17,B.1.351(Beta),14,3,2021,5,6
EPI_ISL_18014410,"L18F;D80A;D215G;K417N;E484K;N501Y;D614G;A701V|""""",8,17,B.1.351(Beta),68,17,2021,5,6
EPI_ISL_2417411,"L18F;D80A;D215G;L241-;L242-;A243-;T284I;K417N;E484K;N501Y;D614G;A701V|""""",12,17,B.1.351(Beta),1,1,2021,5,6
EPI_ISL_18876168,"D80A;D215G;L241-;L242-;A243-;K417N;E484K;N501Y;D614G;A701V;T1027I|""""",11,17,B.1.351(Beta),2,2,2021,5,6
EPI_ISL_2307300,"D80A;D215G;L241-;L242-;A243-;K417N;E484K;N501Y;D614G;A701V;V1176F|""""",11,17,B.1.351(Beta),35,7,2021,5,6
EPI_ISL_18075371,"L18F;D80A;D215G;L241-;L242-;A243-;K417N;E484K;N501Y;A520S;D614G;A701V|""""",12,17,B.1.351(Beta),6,2,2021,5,6
EPI_ISL_2404745,"L18F;D80A;R102I;V143F;D215G;L241-;L242-;A243-;K417N;E484K;N501Y;D614G;A701V|""""",13,17,B.1.351(Beta),1,1,2021,5,6
EPI_ISL_2713258,"A27S;D80A;D215G;L241-;L242-;A243-;K417N;E484K;N501Y;D614G;A701V;G1124F|""""",12,17,B.1.351(Beta),1,1,2021,5,7
EPI_ISL_2303968,"H49Y;D80A;D215G;L241-;L242-;A243-;K417N;E484K;N501Y;D614G;A701V|""""",11,17,B.1.351(Beta),12,1,2021,5,7
EPI_ISL_2232651,"D80A;K417N;E484K;N501Y;D614G;A701V|""""",6,17,B.1.351(Beta),10,2,2021,5,7
EPI_ISL_13283899,"L18F;H69Y;D215G;L241-;L242-;A243-;K417N;E484K;N501Y;D614G;A701V|""""",11,17,B.1.351(Beta),1,1,2021,5,7
EPI_ISL_5563447,"A27S;D80A;D215G;L241-;L242-;A243-;K417N;E484K;N501Y;D614G;A701V;A846V;N1192T|""""",13,17,B.1.351(Beta),1,1,2021,5,7
EPI_ISL_2843113,"D80A;D215G;L241-;L242-;A243-;K417N;E484K;N501Y;D614G;A701V;P812S|""""",11,17,B.1.351(Beta),2,1,2021,5,7
EPI_ISL_2232694,"H69-;V70-;D80A;K417N;E484K;N501Y;D614G;A701V|""""",8,17,B.1.351(Beta),2,1,2021,5,7
EPI_ISL_2265603,"L18F;D80A;D215G;L241-;L242-;A243-;A262V;K417N;E484K;N501Y;D614G;A701V;A899S|""""",13,17,B.1.351(Beta),1,1,2021,5,8
EPI_ISL_3014913,"T19I;D80A;D215G;L241-;L242-;A243-;N501Y;D614G;A701V;I896L|""""",10,17,B.1.351(Beta),1,1,2021,5,8
EPI_ISL_2843192,"D80A;D215G;L241-;L242-;A243-;K417N;E484K;N501Y;D614G;A701V;C1236F|""""",11,17,B.1.351(Beta),2,1,2021,5,8
EPI_ISL_2859360,"C15F;A27S;D80A;D215G;L241-;L242-;A243-;K417N;E484K;N501Y;D614G;A701V|""""",12,17,B.1.351(Beta),1,1,2021,5,8
EPI_ISL_3138796,"L18F;D80A;D215G;L241-;L242-;A243-;N282D;K417N;E484K;N501Y;D614G;A701V|""""",12,17,B.1.351(Beta),1,1,2021,5,8
EPI_ISL_2403233,"L18F;D80A;D215G;L241-;L242-;A243-;K417N;E484K;D614G;N679H;A701V|""""",11,17,B.1.351(Beta),1,1,2021,5,8
EPI_ISL_3162297,"L18F;D80A;D215G;L241-;L242-;A243-;K417N;E484K;N501Y;D614G;A701V;S1252F;D1260Y|""""",13,17,B.1.351(Beta),1,1,2021,5,8
EPI_ISL_3014950,"D80A;D215G;L241-;L242-;A243-;E484K;N501Y;D614G;A701V|""""",9,17,B.1.351(Beta),50,1,2021,5,8
EPI_ISL_2314928,"D80A;D215G;L241-;L242-;A243-;K417N;E484K;N501Y;D614G;A701V;D1118H|""""",11,17,B.1.351(Beta),3,1,2021,5,8
EPI_ISL_2193392,"L18F;D80A;L241-;L242-;A243-;P384L;K417N;E484K;N501Y;D614G;A701V|""""",11,17,B.1.351(Beta),3,1,2021,5,8
EPI_ISL_2349799,"L8F;L18F;D80A;D215G;L241-;L242-;A243-;K417N;E484K;N501Y;D614G;A701V|""""",12,17,B.1.351(Beta),1,1,2021,5,9
EPI_ISL_2133966,"D80A;D215G;L241-;L242-;A243-;K417N;E484K;N501Y;D614G;A701V;A879S;V1176F|""""",12,17,B.1.351(Beta),3,2,2021,5,9
EPI_ISL_2314949,"L18F;D80A;D215G;L241-;L242-;A243-;N501Y;A570D;D614G;A701V;D1118H|""""",11,17,B.1.351(Beta),1,1,2021,5,9
EPI_ISL_2131689,"A27S;D80A;D215G;L241-;L242-;A243-;A348S;K417N;E484K;N501Y;D614G;A701V|""""",12,17,B.1.351(Beta),1,1,2021,5,9
EPI_ISL_2443306,"D215G;L241-;L242-;A243-;E484K;D614G;A1078V|""""",7,17,B.1.351(Beta),1,1,2021,5,9
EPI_ISL_2236874,"A27S;D80A;D215G;L241-;L242-;A243-;K417N;E484K;N501Y;D614G;A701V;C1235F|""""",12,17,B.1.351(Beta),1,1,2021,5,9
EPI_ISL_2303310,"D80A;D215G;L241-;L242-;A243-;K417N;E484K;N501Y;D614G;A701V;I1130T|""""",11,17,B.1.351(Beta),10,5,2021,5,10
EPI_ISL_2772710,"L18F;P26L;D80A;S98F;D215G;K417N;D614G;A701V;V1122L|""""",9,17,B.1.351(Beta),1,1,2021,5,10
EPI_ISL_3154151,"L18F;D80A;D215G;L241-;L242-;A243-;K417N;E484K;N501Y;D614G;A701V;I1232F|""""",12,17,B.1.351(Beta),25,12,2021,5,10
EPI_ISL_2340778,"V36I;D80A;D215G;L241-;L242-;A243-;K417N;E484K;N501Y;D614G;A701V|""""",11,17,B.1.351(Beta),1,1,2021,5,10
EPI_ISL_2645037,"L18F;A67V;D80A;D215G;L241-;L242-;A243-;E484K;D614G;A701V|""""",10,17,B.1.351(Beta),1,1,2021,5,10
EPI_ISL_7722843,"L18F;P26S;D80A;D215G;L241-;L242-;A243-;K417N;E484K;N501Y;D614G;A701V|""""",12,17,B.1.351(Beta),5,1,2021,5,10
EPI_ISL_2245442,"T19I;D80A;D215G;L241-;L242-;A243-;K417N;E484K;N501Y;D614G;A701V|""""",11,17,B.1.351(Beta),55,6,2021,5,10
EPI_ISL_2414296,"L5F;D80A;D215G;L241-;L242-;A243-;K417N;E484K;N501Y;D614G;A701V;D936Y|""""",12,17,B.1.351(Beta),1,1,2021,5,10
EPI_ISL_2262279,"L18F;T20-;R21-;T22-;P26L;D80A;S98F;D215G;L241-;L242-;A243-;K417N;E484K;N501Y;D614G;A701V|""""",16,17,B.1.351(Beta),1,1,2021,5,10
EPI_ISL_2176429,"D80A;D215G;L241-;L242-;A243-;K417N;E484K;N501Y;D614G;A701V;S939F|""""",11,17,B.1.351(Beta),10,6,2021,5,10
EPI_ISL_5568821,"A27S;D80A;D215G;L241-;L242-;A243-;F306I;K417N;E484K;N501Y;D614G;A701V|""""",12,17,B.1.351(Beta),1,1,2021,5,10
EPI_ISL_2401522,"L18F;D80A;D215G;L241-;L242-;A243-;K417N;E484K;N501Y;D614G;T618I;A701V|""""",12,17,B.1.351(Beta),3,1,2021,5,10
EPI_ISL_17758000,"L18F;D80A;D215G;L241-;L242-;A243-;K417N;E484K;N501Y;D614G;A701V;M1237I|""""",12,17,B.1.351(Beta),1,1,2021,5,10
EPI_ISL_4854744,"L18F;D80A;D215G;L241-;L242-;A243-;V308L;K417N;E484K;N501Y;D614G;A701V|""""",12,17,B.1.351(Beta),7,3,2021,5,10
EPI_ISL_2262242,"D80A;Y145-;D215G;L241-;L242-;A243-;K417N;E484K;N501Y;D614G;A701V|""""",11,17,B.1.351(Beta),5,1,2021,5,10
EPI_ISL_3154152,"L18F;D80A;D215G;L241-;L242-;A243-;K417N;E484K;N501Y;D614G;A701V;I934V|""""",12,17,B.1.351(Beta),53,6,2021,5,10
EPI_ISL_4348144,"L18F;D80A;D215G;L241-;L242-;A243-;K417N;E484K;N501Y;D614G;A653V;A701V;Q779H|""""",13,17,B.1.351(Beta),1,1,2021,5,11
EPI_ISL_6706694,"D80A;D215G;L241-;L242-;A243-;K417N;E484K;N501Y;L513F;D614G;A701V|""""",11,17,B.1.351(Beta),1,1,2021,5,11
EPI_ISL_2260598,"D215G;L241-;L242-;A243-;K417N;E484K;N501Y;D614G|""""",8,17,B.1.351(Beta),2,1,2021,5,11
EPI_ISL_2727348,"G75V;D80A;D215G;L241-;L242-;A243-;K417N;E484K;N501Y;D614G;A701V;S1252F|""""",12,17,B.1.351(Beta),7,1,2021,5,11
EPI_ISL_3275374,"L18F;D80A;D215G;L241-;L242-;A243-;K417N;E484K;N501Y;D614G;A701V;S940F|""""",12,17,B.1.351(Beta),2,2,2021,5,11
EPI_ISL_2265967,"D80A;D215G;L241-;L242-;A243-;K417N;E484K;N501Y;D614G;A684V;A701V;I931V|""""",12,17,B.1.351(Beta),4,3,2021,5,11
EPI_ISL_3154156,"L18F;D80A;D215G;L241-;L242-;A243-;K417N;E484K;N501Y;D614G;A701V;G1124V;I1232F|""""",13,17,B.1.351(Beta),5,5,2021,5,11
EPI_ISL_2181217,"D80A;D215G;L241-;L242-;A243-;K417N;E484K;N501Y;D614G;L699F;A701V|""""",11,17,B.1.351(Beta),2,1,2021,5,11
EPI_ISL_2663759,"L18F;D80A;S98F;V143F;D215G;L241-;L242-;A243-;K417N;E484K;N501Y;D614G;A701V|""""",13,17,B.1.351(Beta),1,1,2021,5,11
EPI_ISL_2373829,"L18F;D80A;D215G;L241-;L242-;A243-;K417N;E484K;N501Y;D614G;T676I;A701V;I1232F|""""",13,17,B.1.351(Beta),1,1,2021,5,11
EPI_ISL_2373831,"L18F;D80A;E180G;D215G;L241-;L242-;A243-;K417N;E484K;N501Y;D614G;A701V|""""",12,17,B.1.351(Beta),15,7,2021,5,11
EPI_ISL_2263991,"D80A;D215G;K417N;N501Y;D614G;A701V|""""",6,17,B.1.351(Beta),3,1,2021,5,12
EPI_ISL_2401129,"L18F;D80A;D215G;L241-;L242-;A243-;N282D;K417N;E484K;N501Y;D614G;A701V;A899S|""""",13,17,B.1.351(Beta),1,1,2021,5,12
EPI_ISL_3014930,"D80A;D215G;L241-;L242-;A243-;E484K;D614G;A701V|""""",8,17,B.1.351(Beta),1,1,2021,5,12
EPI_ISL_5569428,"A27S;D80A;D215G;L241-;L242-;A243-;K417N;E484K;N501Y;D614G;A701V;V826L;K854N|""""",13,17,B.1.351(Beta),1,1,2021,5,12
EPI_ISL_5524596,"D80A;D215G;L241-;L242-;A243-;K417N;D614G;A701V|""""",8,17,B.1.351(Beta),14,1,2021,5,12
EPI_ISL_17758001,"L18F;D80A;G181V;D215G;L241-;L242-;A243-;K417N;E484K;N501Y;D614G;A701V;P812L|""""",13,17,B.1.351(Beta),1,1,2021,5,12
EPI_ISL_2253117,"A27S;D80A;D215G;L241-;L242-;A243-;K417N;E484K;N501Y;D614G;A701V;L938I|""""",12,17,B.1.351(Beta),1,1,2021,5,12
EPI_ISL_4372696,"D80A;D215G;L241-;L242-;A243-;K417N;E484K;N501Y;D574Y;D614G;A701V|""""",11,17,B.1.351(Beta),1,1,2021,5,12
EPI_ISL_2686278,"L18F;D80A;F186S;D215G;L241-;L242-;A243-;K417N;E484K;N501Y;D614G;A701V|""""",12,17,B.1.351(Beta),20,4,2021,5,12
EPI_ISL_3153899,"D80A;D215G;L241-;L242-;A243-;K417N;E484K;N501Y;D614G;S689R;A701V|""""",11,17,B.1.351(Beta),68,2,2021,5,12
EPI_ISL_2315020,"D80A;D215G;L241-;L242-;A243-;K417N;E484K;N501Y;D614G;A701V;T791I;D1118H|""""",12,17,B.1.351(Beta),1,1,2021,5,12
EPI_ISL_4496869,"L18F;D80A;D215G;L241-;L242-;A243-;S254F;K417N;E484K;N501Y;D614G;A701V|""""",12,17,B.1.351(Beta),6,1,2021,5,12
EPI_ISL_3014909,"D80A;D215G;L241-;L242-;A243-;E484K;N501Y;D614G;A701V;T719I|""""",10,17,B.1.351(Beta),2,1,2021,5,12
EPI_ISL_2463305,"L18F;D80A;D138Y;D215G;L241-;L242-;A243-;R246G;K417N;E484K;N501Y;D614G;A701V|""""",13,17,B.1.351(Beta),11,5,2021,5,13
EPI_ISL_2711983,"A27S;H49Y;D80A;D215G;L241-;L242-;A243-;K417N;E484K;N501Y;D614G;A701V|""""",12,17,B.1.351(Beta),3,3,2021,5,13
EPI_ISL_8189722,"Q14-;C15-;V16-;L18F;D80A;D215G;L241-;L242-;A243-;K417N;E484K;N501Y;D614G;A701V|""""",14,17,B.1.351(Beta),1,1,2021,5,13
EPI_ISL_4375983,"D80A;D215G;L241-;L242-;A243-;K417N;E484K;N501Y;K558N;D614G;A701V|""""",11,17,B.1.351(Beta),2,1,2021,5,13
EPI_ISL_2398631,"D80A;D215G;L241-;L242-;A243-;G339V;K417N;E484K;N501Y;D614G;A701V;D1127A|""""",12,17,B.1.351(Beta),1,1,2021,5,13
EPI_ISL_2439168,"D80A;D215G;L241-;L242-;A243-;K417N;E484K;N501Y;D614G;A701V;E1207D|""""",11,17,B.1.351(Beta),2,1,2021,5,13
EPI_ISL_3502734,"D80A;K417N;E484K;N501Y;D614G;A701V;G769V|""""",7,17,B.1.351(Beta),1,1,2021,5,13
EPI_ISL_2798716,"A27S;D80A;D215G;L241-;L242-;A243-;K417N;E484K;N501Y;D614G;A701V;K854N|""""",12,17,B.1.351(Beta),3,1,2021,5,13
EPI_ISL_3014888,"D80A;D215G;L242-;A243-;L244-;A263-;A264-;Y265-;Y266-;V267-;G268-;Y269-;L270-;Q271-;P272-;R273-;T274-;F275-;L276-;L277-;K278-;Y279-;N280-;E281-;K417N;E484K;N501Y;D614G;A701V|""""",29,17,B.1.351(Beta),1,1,2021,5,14
EPI_ISL_2406498,"D80A;D215G;L241-;L242-;A243-;K417N;S477N;E484K;D614G;A701V|""""",10,17,B.1.351(Beta),1,1,2021,5,14
EPI_ISL_2382527,"D80A;D215G;L241-;L242-;A243-;K417N;E484K;N501Y;D614G;A701V;T1006I|""""",11,17,B.1.351(Beta),4,1,2021,5,14
EPI_ISL_2483090,"D80A;Y145-;W152L;D215G;S221L;L241-;L242-;A243-;K417N;E484K;N501Y;D614G;A701V;G1167R|""""",14,17,B.1.351(Beta),1,1,2021,5,14
EPI_ISL_3154034,"L18F;A67V;D80A;E180G;D215G;L241-;L242-;A243-;K417N;E484K;N501Y;D614G;A701V|""""",13,17,B.1.351(Beta),1,1,2021,5,14
EPI_ISL_3486104,"A27S;D80A;D215G;A222V;L241-;L242-;A243-;K417N;E484K;N501Y;D614G;A701V;A1226V|""""",13,17,B.1.351(Beta),1,1,2021,5,14
EPI_ISL_2374957,"D80A;D215G;L241-;L242-;A243-;K417N;E484K;N501Y;D614G;A701V;M1229I|""""",11,17,B.1.351(Beta),2,1,2021,5,14
EPI_ISL_2584416,"L5F;S12F;D80A;D215G;L241-;L242-;A243-;K417N;E484K;N501Y;D614G;A626S;A701V|""""",13,17,B.1.351(Beta),1,1,2021,5,14
EPI_ISL_9370782,"D80A;D215G;L241-;L242-;A243-;D405G;K417N;E484K;N501Y;D614G;A701V|""""",11,17,B.1.351(Beta),1,1,2021,5,15
EPI_ISL_2450378,"L18F;G72V;D80A;D215G;L241-;L242-;A243-;K417N;E484K;N501Y;D614G;A701V|""""",12,17,B.1.351(Beta),1,1,2021,5,15
EPI_ISL_2480573,"L18F;D80A;Y145-;D215G;L241-;L242-;A243-;K417N;E484K;N501Y;D614G;A701V|""""",12,17,B.1.351(Beta),2,1,2021,5,15
EPI_ISL_4366962,"L5F;L18F;D80A;D215G;L241-;L242-;A243-;P384L;K417N;E484K;N501Y;D614G;A701V|""""",13,17,B.1.351(Beta),2,1,2021,5,15
EPI_ISL_3154168,"L18F;D80A;D215G;L241-;L242-;A243-;K417N;E484K;N501Y;D614G;H655Y;A701V|""""",12,17,B.1.351(Beta),1,1,2021,5,15
EPI_ISL_2688532,"P26L;D80A;D215G;L241-;L242-;A243-;K417N;T478K;E484K;N501Y;D614G;A701V|""""",12,17,B.1.351(Beta),1,1,2021,5,16
EPI_ISL_2467881,"D80A;D215G;L241-;L242-;A243-;K417N;E484K;N501Y;D614G;A701V;D745E|""""",11,17,B.1.351(Beta),2,2,2021,5,16
EPI_ISL_5562595,"A27S;D80A;D215G;S221L;L241-;L242-;A243-;K417N;E484K;N501Y;D614G;I624M;A701V|""""",13,17,B.1.351(Beta),1,1,2021,5,16
EPI_ISL_17814258,"D80A;D215G;L241-;L242-;A243-;K417N;E484K;N501Y;D614G;A701V;A879S;D1163Y|""""",12,17,B.1.351(Beta),4,1,2021,5,16
EPI_ISL_2406500,"D80A;D215G;L241-;L242-;A243-;K417N;R454S;E484K;N501Y;D614G;A701V|""""",11,17,B.1.351(Beta),1,1,2021,5,17
EPI_ISL_2433929,"D80A;L241-;L242-;A243-;K417N;T478K;N501Y;D614G;A701V|""""",9,17,B.1.351(Beta),1,1,2021,5,17
EPI_ISL_18014334,"L18F;D80A;D215G;K417N;E484K;N501Y;D614G;A701V;G769V;D1153Y|""""",10,17,B.1.351(Beta),1,1,2021,5,17
EPI_ISL_2602706,"L18F;D80A;D215G;L241-;L242-;A243-;K417N;E484K;N501Y;D614G;S689R;A701V|""""",12,17,B.1.351(Beta),1,1,2021,5,17
EPI_ISL_2313118,"D80A;D215G;L241-;L242-;A243-;P330S;K417N;E484K;N501Y;D614G;A701V|""""",11,17,B.1.351(Beta),2,2,2021,5,17
EPI_ISL_2812401,"L18F;D80A;D215G;L241-;L242-;A243-;K417N;E484K;N501Y;D614G;A701V;I844V;A846S|""""",13,17,B.1.351(Beta),1,1,2021,5,17
EPI_ISL_2426495,"D80A;D215G;L241-;L242-;A243-;K417N;N501Y;D614G;A701V|""""",9,17,B.1.351(Beta),17,1,2021,5,17
EPI_ISL_18215879,"L5F;D80A;Q183H;D215G;L241-;L242-;A243-;K417N;Y449H;E484K;N501Y;D614G;A701V;E1092K;D1163H|""""",15,17,B.1.351(Beta),1,1,2021,5,17
EPI_ISL_18215878,"L5F;D80A;Q183H;D215G;K417N;Y449H;E484K;N501Y;D614G;A701V;E1092K;D1163H|""""",12,17,B.1.351(Beta),1,1,2021,5,17
EPI_ISL_2433930,"L18F;A67V;D80A;L241-;L242-;A243-;K417N;E484K;N501Y;D614G;A701V|""""",11,17,B.1.351(Beta),1,1,2021,5,17
EPI_ISL_2406499,"D80A;D215G;L241-;L242-;A243-;P384S;K417N;E484K;N501Y;D614G;A701V;I931V|""""",12,17,B.1.351(Beta),1,1,2021,5,17
EPI_ISL_2418875,"L18F;D80A;D215G;L241-;L242-;A243-;H245Y;K417N;E484K;N501Y;D614G;A701V|""""",12,17,B.1.351(Beta),9,4,2021,5,17
EPI_ISL_2649998,"L18F;D80A;D215G;L241-;L242-;A243-;K417N;E484K;N501Y;D614G;A701V;Q836H|""""",12,17,B.1.351(Beta),1,1,2021,5,17
EPI_ISL_2398994,"L18F;D80A;D215G;L241-;L242-;A243-;N354D;K417N;E484K;N501Y;D614G;A701V|""""",12,17,B.1.351(Beta),3,3,2021,5,17
EPI_ISL_3157909,"L18F;D80A;D215G;L241-;L242-;A243-;K417N;E484K;N501Y;D614G;A701V;E1207D|""""",12,17,B.1.351(Beta),2,1,2021,5,17
EPI_ISL_2473531,"A67V;D80A;D215G;L241-;L242-;A243-;K417N;E484K;N501Y;D614G;A701V|""""",11,17,B.1.351(Beta),2,2,2021,5,17
EPI_ISL_2471193,"L18F;G72V;D80A;S161Y;D215G;K417N;E484K;N501Y;D614G;A701V;K733N|""""",11,17,B.1.351(Beta),1,1,2021,5,18
EPI_ISL_2418816,"L18F;D80A;D215G;L241-;L242-;A243-;K417N;E484K;N501Y;T572I;D614G;A701V|""""",12,17,B.1.351(Beta),17,7,2021,5,18
EPI_ISL_3154176,"L18F;D80A;D215G;L241-;L242-;A243-;K417N;E484K;N501Y;D614G;P621L;A701V|""""",12,17,B.1.351(Beta),1,1,2021,5,18
EPI_ISL_2467941,"L18F;D80A;D215G;K417N;E484K;N501Y;D614G;A701V;R1185S|""""",9,17,B.1.351(Beta),1,1,2021,5,18
EPI_ISL_2467939,"D80A;L241-;L242-;A243-;Q314K;K417N;E484K;N501Y;D614G;A701V|""""",10,17,B.1.351(Beta),1,1,2021,5,18
EPI_ISL_2400808,"D80A;D215G;L241-;L242-;A243-;K417N;E484K;N501Y;D614G;A701V;P1079S|""""",11,17,B.1.351(Beta),6,1,2021,5,18
EPI_ISL_2470727,"L18F;D80A;L241-;L242-;A243-;K417N;E484K;N501Y;D614G;A701V;C1236Y|""""",11,17,B.1.351(Beta),1,1,2021,5,18
EPI_ISL_2444394,"L18F;D80A;D138V;L241-;L242-;A243-;S366Y;E484K;N501Y;D614G;A701V;F1075Y|""""",12,17,B.1.351(Beta),2,2,2021,5,18
EPI_ISL_2433936,"L18F;D80A;D215G;E484K;N501Y;D614G;A701V|""""",7,17,B.1.351(Beta),1,1,2021,5,18
EPI_ISL_2469581,"L18F;A67V;D80A;K417N;E484K;N501Y;D614G;A701V|""""",8,17,B.1.351(Beta),1,1,2021,5,18
EPI_ISL_2472099,"L18F;D80A;L241-;L242-;A243-;D614G|""""",6,17,B.1.351(Beta),2,1,2021,5,18
EPI_ISL_5562487,"A27S;D80A;D215G;L241-;L242-;A243-;K417N;E484K;N501Y;D614G;Q675H;A701V|""""",12,17,B.1.351(Beta),2,1,2021,5,19
EPI_ISL_2406501,"D80A;T167S;D215G;L241-;L242-;A243-;K417N;E484K;N501Y;D614G;A701V|""""",11,17,B.1.351(Beta),1,1,2021,5,19
EPI_ISL_3154178,"L18F;D80A;D215G;L241-;L242-;A243-;K417N;E484K;N501Y;D614G;A701V;S1147L;I1232F|""""",13,17,B.1.351(Beta),1,1,2021,5,19
EPI_ISL_2649999,"L18F;D80A;D215G;L241-;L242-;A243-;K417N;E484K;N501Y;D614G;A701V;A1020S|""""",12,17,B.1.351(Beta),7,1,2021,5,19
EPI_ISL_3275349,"D80A;D215G;L241-;L242-;A243-;K417N;E484K;N501Y;D614G;A701V;A1078S|""""",11,17,B.1.351(Beta),4,1,2021,5,19
EPI_ISL_2314738,"D80A;D215G;L241-;L242-;A243-;K417N;E484K;N501Y;D614G;A701V;P1263L|""""",11,17,B.1.351(Beta),1,1,2021,5,19
EPI_ISL_2812394,"D80A;D215G;L241-;L242-;A243-;K417N;E484K;N501Y;D614G;A701V;P807L;V1104L|""""",12,17,B.1.351(Beta),2,2,2021,5,19
EPI_ISL_5524583,"L18F;D80A;D138Y;D215G;K417N;E484K;N501Y;D614G;A701V|""""",9,17,B.1.351(Beta),2,2,2021,5,19
EPI_ISL_12587858,"L18F;D80A;D215G;L241-;L242-;A243-;K417N;E484K;N501Y;D614G;A701V;T716I|""""",12,17,B.1.351(Beta),6,1,2021,5,19
EPI_ISL_4473372,"D80A;D215G;L241-;L242-;A243-;K417N;E484K;N501Y;D614G;A684V;A701V|""""",11,17,B.1.351(Beta),1,1,2021,5,19
EPI_ISL_2373796,"L18F;D80A;D215G;L241-;L242-;A243-;K417N;E484K;N501Y;D614G;A701V;V1104L|""""",12,17,B.1.351(Beta),4,1,2021,5,19
EPI_ISL_2812426,"L18F;D80A;D215G;L241-;L242-;A243-;K417N;E484K;N501Y;D614G;A701V;T1117I;D1118Y|""""",13,17,B.1.351(Beta),1,1,2021,5,19
EPI_ISL_11993654,"L18F;D80A;L176F;D215G;L241-;L242-;A243-;K417N;E484K;N501Y;D614G;A701V|""""",12,17,B.1.351(Beta),17,1,2021,5,20
EPI_ISL_8974975,"S13I;D80A;D215G;L241-;L242-;A243-;K417N;E484K;N501Y;D614G;A701V;A879S|""""",12,17,B.1.351(Beta),1,1,2021,5,20
EPI_ISL_2727336,"L5F;D80A;D215G;L241-;L242-;A243-;K417N;E484K;N501Y;D614G;Q677H;A701V;T941S|""""",13,17,B.1.351(Beta),1,1,2021,5,20
EPI_ISL_6575650,"L18F;A67V;D80A;D215G;L241-;L242-;A243-;K417N;E484K;N501Y;D574Y;D614G;A701V|""""",13,17,B.1.351(Beta),1,1,2021,5,20
EPI_ISL_6575654,"L18F;A67V;D80A;D215G;L241-;L242-;A243-;K417N;E484K;N501Y;D614G;A701V;E725D;I726-|""""",14,17,B.1.351(Beta),1,1,2021,5,20
EPI_ISL_5406507,"D80A;D215G;L241-;L242-;A243-;K417N;N501Y;D614G;A701V;S940Y;S943P|""""",11,17,B.1.351(Beta),1,1,2021,5,20
EPI_ISL_2645201,"T19I;D80A;D215G;L242H;E484K;N501Y;D614G;A701V|""""",8,17,B.1.351(Beta),1,1,2021,5,20
EPI_ISL_16078648,"D80A;D215G;L241-;L242-;A243-;K417N;E484K;N501Y;D614G;A701V;I1183S|""""",11,17,B.1.351(Beta),1,1,2021,5,20
EPI_ISL_2647330,"L18F;A67V;D80A;D215G;L241-;L242-;A243-;D253Y;K417N;E484K;N501Y;D614G;A701V|""""",13,17,B.1.351(Beta),2,2,2021,5,21
EPI_ISL_3157886,"S12F;D80A;D215G;L241-;L242-;A243-;K417N;E484K;N501Y;D614G;A626S;A701V|""""",12,17,B.1.351(Beta),1,1,2021,5,21
EPI_ISL_2339612,"D80A;N148T;D215G;L241-;L242-;A243-;K417N;E484K;N501Y;D614G;A701V;I1130T|""""",12,17,B.1.351(Beta),1,1,2021,5,21
EPI_ISL_2463960,"L18F;D80A;D215G;L241-;L242-;A243-;K417N;E484K;N501Y;D614G;A701V;A831V|""""",12,17,B.1.351(Beta),6,1,2021,5,21
EPI_ISL_2401733,"L18F;D80A;D215G;L241-;L242-;A243-;K417N;E484K;N501Y;D614G;A701V;P863S|""""",12,17,B.1.351(Beta),1,1,2021,5,21
EPI_ISL_3998855,"D80A;D215G;L241-;L242-;A243-;K417N;E484K;N501Y;D614G;A701V;T716I;A845S|""""",12,17,B.1.351(Beta),1,1,2021,5,22
EPI_ISL_5570775,"A27S;D80A;D215G;L241-;L242-;A243-;K417N;E484K;N501Y;D614G;A701V;V1104L|""""",12,17,B.1.351(Beta),1,1,2021,5,22
EPI_ISL_18015136,"L18F;D80A;D215G;K417N;E484K;N501Y;D614G;M697I;A701V|""""",9,17,B.1.351(Beta),1,1,2021,5,22
EPI_ISL_3242443,"D80A;D215G;L241-;L242-;A243-;K417N;E484K;N501Y;D614G;I931V|""""",10,17,B.1.351(Beta),1,1,2021,5,22
EPI_ISL_2361327,"L18F;D80A;D215G;K417N;D614G;A701V|""""",6,17,B.1.351(Beta),4,3,2021,5,23
EPI_ISL_2439216,"L5F;L18F;D80A;G181A;D215G;K417N;E484K;N501Y;D614G;A701V|""""",10,17,B.1.351(Beta),1,1,2021,5,23
EPI_ISL_2502675,"D80A;D215G;L241-;L242-;A243-;K417N;E484K;N501Y;D614G;A701V;K1045N|""""",11,17,B.1.351(Beta),1,1,2021,5,23
EPI_ISL_2439222,"L18F;D80A;D215G;A262G;K417N;D614G;A701V|""""",7,17,B.1.351(Beta),2,1,2021,5,23
EPI_ISL_2361270,"L18F;D80A;D215G;K417N;N501Y;D614G;A701V|""""",7,17,B.1.351(Beta),1,1,2021,5,23
EPI_ISL_2439217,"L18F;D80A;G181A;D215G;K417N;D614G;A701V|""""",7,17,B.1.351(Beta),1,1,2021,5,23
EPI_ISL_2439214,"L18F;D80A;D215G;K417N;E484K;N501Y;D614G;A701V;G1124V|""""",9,17,B.1.351(Beta),5,1,2021,5,23
EPI_ISL_2439215,"L18F;D80A;D215G;K417N;D614G;A701V;G1124V|""""",7,17,B.1.351(Beta),1,1,2021,5,23
EPI_ISL_2481776,"D80A;E132A;D215G;L241-;L242-;A243-;K417N;E484K;N501Y;D614G;A701V|""""",11,17,B.1.351(Beta),1,1,2021,5,24
EPI_ISL_2464242,"D80A;D215G;L241-;L242-;A243-;V308L;K417N;E484K;N501Y;D614G;P681H;A701V;G946V|""""",13,17,B.1.351(Beta),1,1,2021,5,24
EPI_ISL_18336812,"L18F;D80A;D215G;K417N;E484K;N501Y;D614G;Q675H;A701V|""""",9,17,B.1.351(Beta),2,1,2021,5,24
EPI_ISL_5598421,"D80A;D215G;K417N;E484K;N501Y;D614G;A701V;V1176F|""""",8,17,B.1.351(Beta),1,1,2021,5,24
EPI_ISL_14666762,"L18F;D80A;S98F;D215G;L241-;L242-;A243-;K417N;E484K;N501Y;D614G;P681H;A701V;L1034I|""""",14,17,B.1.351(Beta),2,1,2021,5,24
EPI_ISL_2812414,"D80A;D215G;L241-;L242-;A243-;K417N;E484K;N501Y;D614G;A701V;A879S;T1076I|""""",12,17,B.1.351(Beta),1,1,2021,5,24
EPI_ISL_2403354,"D80A;L241-;L242-;A243-;K417N;N501Y;D614G|""""",7,17,B.1.351(Beta),7,1,2021,5,24
EPI_ISL_3793953,"L18F;D80A;D215G;L241-;L242-;A243-;K417N;E484K;N501Y;D614G;A701V;D808N|""""",12,17,B.1.351(Beta),1,1,2021,5,24
EPI_ISL_2403350,"L241-;L242-;A243-;K417N;N501Y;D614G|""""",6,17,B.1.351(Beta),17,2,2021,5,24
EPI_ISL_2403347,"L18F;D80A;L241-;L242-;A243-;K417N;N501Y;D614G|""""",8,17,B.1.351(Beta),3,1,2021,5,24
EPI_ISL_2403353,"L18F;D80A;L241-;L242-;A243-;K417N;N501Y;D614G;A701V|""""",9,17,B.1.351(Beta),2,1,2021,5,24
EPI_ISL_13183580,"L18F;D80A;D215G;L241-;L242-;A243-;K417N;E484K;N501Y;D614G;P681H;A701V;Q957H|""""",13,17,B.1.351(Beta),1,1,2021,5,25
EPI_ISL_2535524,"L18F;D80A;D215G;L241-;L242-;A243-;K417N;E484K;N501Y;D614G;A701V;K854N;A899S|""""",13,17,B.1.351(Beta),1,1,2021,5,25
EPI_ISL_17696294,"T73A;D80A;D215G;L241-;L242-;A243-;K417N;E484K;N501Y;D614G;A701V|""""",11,17,B.1.351(Beta),2,1,2021,5,25
EPI_ISL_5524649,"L18F;D80A;D215G;L241-;L242-;A243-;K417N;T478K;D614G;A701V|""""",10,17,B.1.351(Beta),1,1,2021,5,25
EPI_ISL_2710311,"L18F;D80A;D138Y;D215G;L241-;L242-;A243-;K417N;E484K;N501Y;D614G;A701V|""""",12,17,B.1.351(Beta),7,1,2021,5,25
EPI_ISL_2532281,"D80A;D215G;L241-;L242-;A243-;K417N;E484K;N501Y;D614G;A701V;G769V|""""",11,17,B.1.351(Beta),2,1,2021,5,25
EPI_ISL_2403403,"L18F;L241-;L242-;A243-;N501Y;D614G|""""",6,17,B.1.351(Beta),12,1,2021,5,25
EPI_ISL_7722880,"L18F;D80A;D215G;L241-;L242-;A243-;K417N;E484K;N501Y;D614G;A701V;G769V|""""",12,17,B.1.351(Beta),2,1,2021,5,25
EPI_ISL_2619778,"P25S;D80A;D215G;L241-;L242-;A243-;K417N;E484K;N501Y;D614G;A701V;A892S|""""",12,17,B.1.351(Beta),1,1,2021,5,25
EPI_ISL_2532465,"D80A;D215G;L241-;L242-;A243-;K417N;E484K;N501Y;D614G;A701V;D1168G|""""",11,17,B.1.351(Beta),1,1,2021,5,25
EPI_ISL_3998863,"D80A;D215G;L241-;L242-;A243-;K417N;N501Y;D614G;A701V;T716I;A845S;D1118H|""""",12,17,B.1.351(Beta),1,1,2021,5,26
EPI_ISL_2382899,"L5F;D80A;D215G;L241-;L242-;A243-;K417N;E484K;N501Y;D614G;A701V;D936N|""""",12,17,B.1.351(Beta),1,1,2021,5,26
EPI_ISL_11970888,"L18F;D80A;S98F;D215G;L241-;L242-;A243-;K417N;E484K;N501Y;D614G;A701V|""""",12,17,B.1.351(Beta),11,1,2021,5,26
EPI_ISL_3154191,"L18F;D80A;D215G;L241-;L242-;A243-;K417N;E484K;N501Y;D614G;A701V;I870V|""""",12,17,B.1.351(Beta),1,1,2021,5,26
EPI_ISL_2812654,"L18F;D80A;D215G;L241-;L242-;A243-;K417N;E484K;N501Y;D614G;A701V;A1020V|""""",12,17,B.1.351(Beta),4,1,2021,5,27
EPI_ISL_3145553,"L18F;D80A;D215G;L241-;L242-;A243-;K417N;E484K;N501Y;D614G;A701V;G769V;A899S|""""",13,17,B.1.351(Beta),2,2,2021,5,27
EPI_ISL_12388418,"D80A;D215G;L241-;L242-;A243-;V308L;K417N;E484K;N501Y;D614G;P681H;A701V|""""",12,17,B.1.351(Beta),2,1,2021,5,27
EPI_ISL_9861035,"D215G;L241-;L242-;A243-;K417N;D614G;A701V|""""",7,17,B.1.351(Beta),2,1,2021,5,27
EPI_ISL_4717155,"A27S;D80A;D215G;L241-;L242-;A243-;K417N;E484K;N501Y;D614G;I666V;A701V|""""",12,17,B.1.351(Beta),2,2,2021,5,27
EPI_ISL_3014912,"T19I;D80A;D215G;L241-;L242-;A243-;K417N;N501Y;D614G;A701V;I896L|""""",11,17,B.1.351(Beta),1,1,2021,5,28
EPI_ISL_4717251,"T19I;A27S;D80A;D215G;L241-;L242-;A243-;K417N;E484K;N501Y;D614G;A701V|""""",12,17,B.1.351(Beta),3,2,2021,5,28
EPI_ISL_2710310,"L18F;D80A;N149S;D215G;L241-;L242-;A243-;K417N;E484K;N501Y;D614G;Q677R;A701V|""""",13,17,B.1.351(Beta),1,1,2021,5,28
EPI_ISL_2618993,"L18F;D80A;D215G;A222V;L241-;L242-;A243-;K417N;E484K;N501Y;D614G;S698L;A701V|""""",13,17,B.1.351(Beta),1,1,2021,5,28
EPI_ISL_4716788,"P26L;A27S;D80A;D215G;L241-;L242-;A243-;K417N;E484K;N501Y;D614G;A701V|""""",12,17,B.1.351(Beta),1,1,2021,5,28
EPI_ISL_2710309,"D80A;A123V;D215G;L241-;L242-;A243-;K417N;E484K;N501Y;D614G;A701V|""""",11,17,B.1.351(Beta),1,1,2021,5,28
EPI_ISL_16064215,"D80A;M177K;D215G;L241-;L242-;A243-;K417N;E484K;N501Y;D614G;A701V|""""",11,17,B.1.351(Beta),4,1,2021,5,28
EPI_ISL_3153838,"D80A;D215G;L241-;L242-;A243-;K417N;E484K;N501Y;E583D;D614G;A701V|""""",11,17,B.1.351(Beta),3,1,2021,5,28
EPI_ISL_2636305,"A27S;D80A;D215G;L241-;L242-;A243-;N331T;A348S;K417N;E484K;N501Y;D614G;A701V|""""",13,17,B.1.351(Beta),1,1,2021,5,28
EPI_ISL_3154045,"L18F;D80A;D215G;L241-;L242-;A243-;K417N;E484K;N501Y;S514F;D614G;A701V|""""",12,17,B.1.351(Beta),2,2,2021,5,28
EPI_ISL_2812370,"D80A;D215G;L241-;L242-;A243-;K417N;E484K;N501Y;D614G;Q690R;A701V|""""",11,17,B.1.351(Beta),1,1,2021,5,28
EPI_ISL_18096670,"L18F;G75V;D80A;D215G;L241-;L242-;A243-;K417N;E484K;N501Y;D614G;A701V|""""",12,17,B.1.351(Beta),7,1,2021,5,28
EPI_ISL_2688561,"D80A;T95I;D198Y;D215G;L241-;L242-;A243-;K417N;E484K;N501Y;T547K;D614G;A701V;A879T;I896T|""""",15,17,B.1.351(Beta),1,1,2021,5,28
EPI_ISL_2500498,"L18F;D80A;D215G;L241-;L242-;A243-;K417N;E484K;N501Y;D614G;Q677R;A701V|""""",12,17,B.1.351(Beta),2,1,2021,5,28
EPI_ISL_2532286,"L18F;D80A;D215G;L241-;L242-;A243-;K417N;E484K;N501Y;D614G;A701V;A1070S|""""",12,17,B.1.351(Beta),1,1,2021,5,28
EPI_ISL_2688568,"D80A;D215G;L241-;L242-;A243-;K417N;E484K;N501Y;A522V;D614G;A701V|""""",11,17,B.1.351(Beta),3,3,2021,5,29
EPI_ISL_3275361,"G75V;D80A;D138E;P139-;F140-;L141-;G142-;V143-;Y144-;Y145-;H146-;K147-;N148-;N149-;K150-;S151-;W152-;M153-;E154-;S155-;E156-;F157-;R158-;D215G;L241-;L242-;A243-;K417N;E484K;N501Y;D614G;A701V;S1252F|""""",33,17,B.1.351(Beta),1,1,2021,5,29
EPI_ISL_2549077,"D80A;D215G;L241-;L242-;A243-;K417N;T478R;E484K;N501Y;D614G;A701V|""""",11,17,B.1.351(Beta),2,2,2021,5,29
EPI_ISL_4716899,"A27S;D80A;D215G;L241-;L242-;A243-;K417N;E484K;N501Y;D614G;Q677H;A701V|""""",12,17,B.1.351(Beta),7,1,2021,5,29
EPI_ISL_2483910,"L18F;D80A;D215G;L241-;L242-;A243-;K417N;E484K;N501Y;D614G;A701V;I934L;K1181N|""""",13,17,B.1.351(Beta),4,1,2021,5,30
EPI_ISL_2633452,"A27S;D215G;L241-;L242-;A243-;K417N;E484K;N501Y;D614G;A701V|""""",10,17,B.1.351(Beta),1,1,2021,5,30
EPI_ISL_2928004,"L18F;L54F;D80A;D215G;L241-;L242-;A243-;K417N;E484K;N501Y;D614G;A701V;S1252F|""""",13,17,B.1.351(Beta),1,1,2021,5,30
EPI_ISL_2650001,"L18F;D80A;L141-;G142-;V143-;D215G;L241-;L242-;A243-;K417N;E484K;N501Y;D614G;A701V|""""",14,17,B.1.351(Beta),1,1,2021,5,31
EPI_ISL_5562929,"A27S;D80A;D215G;L241-;L242-;A243-;K417N;E484K;N501Y;D614G;S689I;A701V|""""",12,17,B.1.351(Beta),1,1,2021,5,31
EPI_ISL_2602757,"L18F;D80A;S98F;D215G;L241-;L242-;A243-;K417N;N501Y;D614G;A701V|""""",11,17,B.1.351(Beta),1,1,2021,5,31
EPI_ISL_3153835,"D80A;F140-;D215G;L241-;L242-;A243-;K417N;E484K;N501Y;D614G;A701V|""""",11,17,B.1.351(Beta),1,1,2021,5,31
EPI_ISL_10514858,"L18F;D80A;D215G;L241-;L242-;A243-;K417N;E484K;N501Y;D614G;A701V;S704L|""""",12,17,B.1.351(Beta),4,1,2021,5,31
EPI_ISL_3275365,"G75V;D80A;D215G;L241-;L242-;A243-;V308L;K417N;E484K;N501Y;D614G;A701V;S1252F|""""",13,17,B.1.351(Beta),1,1,2021,5,31
EPI_ISL_10514834,"D80A;G181V;D215G;L241-;L242-;A243-;K417N;E484K;N501Y;D614G;A701V|""""",11,17,B.1.351(Beta),3,1,2021,5,31
EPI_ISL_13183603,"P25S;D80A;D215G;L241-;L242-;A243-;K417N;E484K;N501Y;D614G;A701V|""""",11,17,B.1.351(Beta),1,1,2021,5,31
EPI_ISL_2501036,"L18F;D80A;D215G;K417N;D614G;A701V;V1104L|""""",7,17,B.1.351(Beta),1,1,2021,5,31
EPI_ISL_2532778,"L18F;D80A;D215G;L241-;L242-;A243-;L293F;K417N;E484K;N501Y;D614G;A701V|""""",12,17,B.1.351(Beta),1,1,2021,5,31
EPI_ISL_3154199,"L18F;D80A;D215G;L241-;L242-;A243-;K417N;E484K;N501Y;D614G;A701V;I934V;V1230L|""""",13,17,B.1.351(Beta),1,1,2021,5,31
EPI_ISL_2492428,"L18F;D80A;D215G;L241-;L242-;A243-;K417N;E484K;N501Y;D614G;A701V;N751I|""""",12,17,B.1.351(Beta),1,1,2021,5,31
EPI_ISL_4372620,"D80A;D215G;L241-;L242-;A243-;K417N;E484K;N501Y;D614G;A701V;A1190S|""""",11,18,B.1.351(Beta),21,4,2021,6,1
EPI_ISL_2472394,"L18F;D80A;D215G;L241-;L242-;A243-;K417N;E484K;N501Y;D614G;A701V|""""",11,18,B.1.351(Beta),2905,144,2021,6,1
EPI_ISL_13734308,"L18F;D80A;L176F;D215G;L241-;L242-;A243-;K417N;E484K;N501Y;D614G;A701V|""""",12,18,B.1.351(Beta),17,2,2021,6,1
EPI_ISL_3153931,"D80A;D215G;L241-;L242-;A243-;K417N;E484K;N501Y;D614G;S689R;A701V|""""",11,18,B.1.351(Beta),68,12,2021,6,1
EPI_ISL_2621752,"A27S;D80A;D215G;L241-;L242-;A243-;K417N;E484K;N501Y;D614G;A701V|""""",11,18,B.1.351(Beta),401,83,2021,6,1
EPI_ISL_12713198,"L18F;D80A;D215G;L241-;L242-;A243-;K417N;E484K;N501Y;D614G;A701V;A846S|""""",12,18,B.1.351(Beta),18,1,2021,6,1
EPI_ISL_8065550,"L18F;D80A;D215G;L241-;L242-;A243-;K417N;E484K;N501Y;D614G;A701V;V1104L|""""",12,18,B.1.351(Beta),4,3,2021,6,1
EPI_ISL_2567377,"D80A;D215G;L241-;L242-;A243-;K417N;E484K;N501Y;D614G;A701V|""""",10,18,B.1.351(Beta),2847,124,2021,6,1
EPI_ISL_2557932,"D80A;D215G;L241-;L242-;A243-;K417N;E484K;N501Y;D614G;A672V;A701V;C1236F|""""",12,18,B.1.351(Beta),1,1,2021,6,1
EPI_ISL_2483247,"T19I;D80A;D215G;L241-;L242-;A243-;K417N;E484K;N501Y;D614G;A701V|""""",11,18,B.1.351(Beta),55,2,2021,6,2
EPI_ISL_3154210,"L18F;G75V;D80A;D215G;L241-;L242-;A243-;K417N;E484K;N501Y;D614G;A701V;I934V|""""",13,18,B.1.351(Beta),19,6,2021,6,2
EPI_ISL_2627946,"L18F;D80A;D215G;L241-;L242-;A243-;K417N;E484K;N501Y;D614G;A701V;F1052L|""""",12,18,B.1.351(Beta),1,1,2021,6,2
EPI_ISL_2626181,"L18F;D80A;D215G;L241-;L242-;A243-;K417N;E484K;N501Y;D614G;A701V;E918A|""""",12,18,B.1.351(Beta),2,2,2021,6,2
EPI_ISL_3154214,"L18F;D80A;D215G;L241-;L242-;A243-;K417N;E484K;N501Y;D614G;A701V;I1232F|""""",12,18,B.1.351(Beta),25,10,2021,6,3
EPI_ISL_5333880,"D80A;D215G;L241-;L242-;A243-;K417N;N501Y;D614G;A701V;S943P|""""",10,18,B.1.351(Beta),3,1,2021,6,3
EPI_ISL_3066716,"L5F;L18F;D80A;D215G;L241-;L242-;A243-;K417N;E484K;N501Y;D614G;A701V|""""",12,18,B.1.351(Beta),110,5,2021,6,3
EPI_ISL_16078628,"G75V;D80A;D215G;L241-;L242-;A243-;K417N;E484K;N501Y;D614G;A701V;S1252F|""""",12,18,B.1.351(Beta),7,5,2021,6,3
EPI_ISL_2631347,"L18F;A67V;D80A;D215G;L241-;L242-;A243-;K417N;E484K;N501Y;D614G;A701V|""""",12,18,B.1.351(Beta),222,11,2021,6,3
EPI_ISL_4716628,"A27S;D80A;D215G;L241-;L242-;A243-;K417N;E484K;N501Y;D614G;I666V;A701V;K1149N|""""",13,18,B.1.351(Beta),1,1,2021,6,3
EPI_ISL_4036986,"L18F;A27S;D80A;D215G;L241-;L242-;A243-;K417N;L452R;T478K;D614G;Q677H;A701V|""""",13,18,B.1.351(Beta),1,1,2021,6,3
EPI_ISL_5587910,"A27S;D80A;D215G;L241-;L242-;A243-;K417N;E484K;N501Y;D614G;A701V;K825T|""""",12,18,B.1.351(Beta),1,1,2021,6,3
EPI_ISL_4713601,"A27S;D80A;D215G;L241-;L242-;A243-;K417N;E484K;N501Y;D614G;A701V;T719S|""""",12,18,B.1.351(Beta),1,1,2021,6,3
EPI_ISL_2487022,"A27S;D80A;D215G;L241-;L242-;A243-;K417N;E484K;N501Y;D614G;A701V;Q779L|""""",12,18,B.1.351(Beta),1,1,2021,6,3
EPI_ISL_3066725,"D80A;L241-;L242-;A243-;K417N;E484K;N501Y;D614G;A701V|""""",9,18,B.1.351(Beta),69,3,2021,6,3
EPI_ISL_5333834,"L18F;D80A;D215G;L241-;L242-;A243-;K417N;N501Y;D614G;A701V;S943P|""""",11,18,B.1.351(Beta),1,1,2021,6,3
EPI_ISL_4018921,"D80A;D215G;L241-;L242-;A243-;K417N;E484K;N501Y;D614G;A701V;K1073R|""""",11,18,B.1.351(Beta),1,1,2021,6,3
EPI_ISL_3066698,"H69-;V70-;D80A;K417N;E484K;N501Y;D614G;A701V;A879S|""""",9,18,B.1.351(Beta),1,1,2021,6,3
EPI_ISL_6963009,"L18F;P26L;D80A;D215G;L241-;L242-;A243-;K417N;E484K;N501Y;D614G;A701V|""""",12,18,B.1.351(Beta),1,1,2021,6,3
EPI_ISL_3066714,"L5F;L18F;D80A;N211-;L212-;V213-;R237N;F238I;Q239T;T240R;L241F;L242Q;A243T;K417N;E484K;N501Y;D614G;A701V|""""",18,18,B.1.351(Beta),1,1,2021,6,3
EPI_ISL_3066708,"L18F;D80A;K417N;E484K;N501Y;D614G;H655Y;A701V|""""",8,18,B.1.351(Beta),1,1,2021,6,3
EPI_ISL_3066737,"L18F;D80A;L241-;L242-;A243-;K417N;E484K;N501Y;D614G;A701V|""""",10,18,B.1.351(Beta),38,9,2021,6,3
EPI_ISL_3066718,"L18F;D80A;N211-;L212-;V213-;R237N;F238I;Q239T;T240R;L241F;L242Q;A243T;K417N;E484K;N501Y;D614G;A701V|""""",17,18,B.1.351(Beta),1,1,2021,6,3
EPI_ISL_5327907,"L18F;D80A;D215G;A222V;L241-;L242-;A243-;K417N;E484K;N501Y;D614G;A701V|""""",12,18,B.1.351(Beta),24,12,2021,6,3
EPI_ISL_11828116,"L18F;V70F;D80A;D215G;L241-;L242-;A243-;S255F;P384L;K417N;E484K;N501Y;D614G;A701V|""""",14,18,B.1.351(Beta),1,1,2021,6,3
EPI_ISL_3154053,"L18F;D80A;D215G;L241-;L242-;A243-;T376I;K417N;E484K;N501Y;D614G;A701V|""""",12,18,B.1.351(Beta),1,1,2021,6,3
EPI_ISL_5797435,"L18F;A27S;D80A;D215G;L241-;L242-;A243-;K417N;E484K;N501Y;D614G;Q677H;A701V|""""",13,18,B.1.351(Beta),1,1,2021,6,3
EPI_ISL_10514850,"L18F;D80A;D138Y;D215G;L241-;L242-;A243-;R246G;K417N;E484K;N501Y;D614G;A701V|""""",13,18,B.1.351(Beta),11,6,2021,6,3
EPI_ISL_18014988,"L18F;D80A;D215G;K417N;E484K;N501Y;D614G;A701V|""""",8,18,B.1.351(Beta),68,6,2021,6,4
EPI_ISL_15675599,"D80A;D215G;K417N;E484K;N501Y;D614G;A701V|""""",7,18,B.1.351(Beta),51,2,2021,6,4
EPI_ISL_2615335,"L18F;D80A;D215G;L241-;L242-;A243-;P384L;K417N;E484K;N501Y;D614G;A701V|""""",12,18,B.1.351(Beta),195,1,2021,6,4
EPI_ISL_2693028,"L18F;D80A;V143F;D215G;L241-;L242-;A243-;K417N;E484K;N501Y;D614G;A701V|""""",12,18,B.1.351(Beta),85,6,2021,6,4
EPI_ISL_5879609,"D80A;R102G;D215G;L241-;L242-;A243-;K417N;E484K;N501Y;D614G;A701V;Q787R|""""",12,18,B.1.351(Beta),1,1,2021,6,4
EPI_ISL_3153918,"V11F;D80A;D215G;L241-;L242-;A243-;K417N;E484K;N501Y;D614G;A701V|""""",11,18,B.1.351(Beta),1,1,2021,6,4
EPI_ISL_3237259,"L18F;D80A;D215G;L241-;L242-;A243-;K417N;E484K;N501Y;D614G;A701V;E918A;D936Y|""""",13,18,B.1.351(Beta),1,1,2021,6,4
EPI_ISL_3154051,"L18F;D80A;D215G;L241-;L242-;A243-;K417N;E484K;N501Y;D614G;A701V;I934V|""""",12,18,B.1.351(Beta),53,11,2021,6,4
EPI_ISL_10815253,"D80A;D215G;L241-;L242-;A243-;K417N;E484K;N501Y;D614G;A701V;S704L|""""",11,18,B.1.351(Beta),4,1,2021,6,4
EPI_ISL_13578917,"D80A;D215G;L241-;L242-;A243-;A264S;K417N;E484K;N501Y;D614G;A701V|""""",11,18,B.1.351(Beta),2,2,2021,6,4
EPI_ISL_5327886,"L18F;D80A;D215G;A222V;L241-;L242-;A243-;K417N;E484K;N501Y;D614G;A701V;A942S|""""",13,18,B.1.351(Beta),1,1,2021,6,4
EPI_ISL_2838716,"L18F;D80A;V143F;D215G;K417N;E484K;N501Y;D614G;A701V|""""",9,18,B.1.351(Beta),1,1,2021,6,4
EPI_ISL_3154004,"L18F;R78S;D80A;D215G;L241-;L242-;A243-;K417N;E484K;N501Y;D614G;A701V|""""",12,18,B.1.351(Beta),2,2,2021,6,4
EPI_ISL_11131435,"L5F;D80A;D215G;L241-;L242-;A243-;K417N;E484K;N501Y;D614G;A701V|""""",11,18,B.1.351(Beta),71,3,2021,6,4
EPI_ISL_2710321,"L18F;D80A;D215G;L241-;L242-;A243-;K417N;E484K;N501Y;D614G;Q677R;A701V|""""",12,18,B.1.351(Beta),2,1,2021,6,4
EPI_ISL_4713651,"P26S;A27S;D80A;D215G;L241-;L242-;A243-;K417N;E484K;N501Y;D614G;A701V;A845V|""""",13,18,B.1.351(Beta),1,1,2021,6,5
EPI_ISL_3154039,"L18F;D80A;E180G;D215G;L241-;L242-;A243-;K417N;E484K;N501Y;D614G;A701V|""""",12,18,B.1.351(Beta),15,7,2021,6,5
EPI_ISL_5570531,"A27S;D80A;D215G;L241-;L242-;A243-;K417N;E484K;N501Y;T572I;D614G;A701V|""""",12,18,B.1.351(Beta),1,1,2021,6,5
EPI_ISL_5587905,"A27S;D80A;V171I;D215G;L241-;L242-;A243-;K417N;E484K;N501Y;D614G;A701V|""""",12,18,B.1.351(Beta),1,1,2021,6,6
EPI_ISL_5569833,"A27S;D80A;Y145-;D215G;L241-;L242-;A243-;K417N;E484K;N501Y;D614G;A701V|""""",12,18,B.1.351(Beta),1,1,2021,6,6
EPI_ISL_16064214,"D80A;N164I;M177K;D215G;L241-;L242-;A243-;K417N;E484K;N501Y;D614G;A701V|""""",12,18,B.1.351(Beta),1,1,2021,6,6
EPI_ISL_5587906,"A27S;D80A;D215G;L241-;L242-;A243-;K417N;E484K;N501Y;D614G;A701V;Q779R|""""",12,18,B.1.351(Beta),1,1,2021,6,6
EPI_ISL_5569069,"A27S;D80A;D215G;L241-;L242-;A243-;K417N;E484K;N501Y;D614G;Q677H;A701V|""""",12,18,B.1.351(Beta),7,2,2021,6,6
EPI_ISL_16064209,"D80A;M177K;D215G;L241-;L242-;A243-;K417N;E484K;N501Y;D614G;A701V|""""",11,18,B.1.351(Beta),4,3,2021,6,6
EPI_ISL_2794333,"L18F;D80A;D215G;L241-;L242-;A243-;K417N;E484K;N501Y;T572I;D614G;A701V|""""",12,18,B.1.351(Beta),17,2,2021,6,7
EPI_ISL_5563044,"A27S;D80A;D215G;L241-;L242-;A243-;K417N;Y473F;E484K;N501Y;D614G;N657S;A701V|""""",13,18,B.1.351(Beta),2,2,2021,6,7
EPI_ISL_3154215,"L18F;D80A;S112L;D215G;L241-;L242-;A243-;K417N;E484K;N501Y;D614G;A701V;I1232F|""""",13,18,B.1.351(Beta),1,1,2021,6,7
EPI_ISL_5562619,"A27S;D80A;D215G;L241-;L242-;A243-;V367F;K417N;E484K;N501Y;D614G;A701V|""""",12,18,B.1.351(Beta),1,1,2021,6,7
EPI_ISL_2621921,"L18F;D80A;D215G;L241-;L242-;A243-;S256L;K417N;E484K;N501Y;D614G;A701V|""""",12,18,B.1.351(Beta),1,1,2021,6,7
EPI_ISL_5327902,"D80A;D215G;L241-;L242-;A243-;K417N;E484K;N501Y;D614G;A701V;A1070S|""""",11,18,B.1.351(Beta),1,1,2021,6,7
EPI_ISL_2627960,"L18F;H69-;V70-;D215G;L241-;L242-;A243-;E484K;N501Y;A570D;D614G;A701V;D1118H|""""",13,18,B.1.351(Beta),1,1,2021,6,7
EPI_ISL_10445659,"L18F;D80A;D215G;L241-;L242-;A243-;K417N;E484K;N501Y;D614G;Q675H;A701V|""""",12,18,B.1.351(Beta),19,9,2021,6,7
EPI_ISL_5327915,"G72R;D80A;D215G;L241-;L242-;A243-;K417N;E484K;N501Y;D614G;A701V;A1070S|""""",12,18,B.1.351(Beta),1,1,2021,6,7
EPI_ISL_2768014,"D80A;K150R;D215G;L241-;L242-;A243-;K417N;E484K;N501Y;D614G;A672V;P681R;A701V|""""",13,18,B.1.351(Beta),1,1,2021,6,8
EPI_ISL_2796519,"L5F;L18F;A67V;D80A;D215G;L241-;L242-;A243-;K417N;E484K;N501Y;D614G;A701V|""""",13,18,B.1.351(Beta),2,1,2021,6,8
EPI_ISL_3502742,"L18F;D80A;D215G;A243T;K417N;D614G;A701V;E780Q|""""",8,18,B.1.351(Beta),1,1,2021,6,8
EPI_ISL_10589250,"D80A;D215G;L241-;L242-;A243-;D287G;K417N;E484K;N501Y;D614G;A701V|""""",11,18,B.1.351(Beta),1,1,2021,6,8
EPI_ISL_10589251,"D80A;V143-;Y144-;Y145D;D215G;L241-;L242-;A243-;K417N;E484K;N501Y;D614G;A701V|""""",13,18,B.1.351(Beta),1,1,2021,6,8
EPI_ISL_2814916,"L18F;D80A;D215G;L241-;L242-;A243-;K417N;E484K;N501Y;D614G;A701V;K986R|""""",12,18,B.1.351(Beta),1,1,2021,6,8
EPI_ISL_4713395,"F4L;A27S;D80A;D215G;L241-;L242-;A243-;K417N;E484K;N501Y;D614G;A701V|""""",12,18,B.1.351(Beta),2,2,2021,6,8
EPI_ISL_3933508,"L18F;D80A;D215G;L241-;L242-;A243-;K417N;E484K;D614G;A701V|""""",10,18,B.1.351(Beta),2,1,2021,6,9
EPI_ISL_2925740,"L5F;L18F;D80A;G181A;D215G;L241-;L242-;A243-;K417N;E484K;N501Y;D614G;A701V|""""",13,18,B.1.351(Beta),1,1,2021,6,9
EPI_ISL_5562591,"A27S;G75V;D80A;D215G;L241-;L242-;A243-;K417N;E484K;N501Y;D614G;A701V|""""",12,18,B.1.351(Beta),4,3,2021,6,9
EPI_ISL_3650611,"L18F;L24S;D80A;D215G;L241-;L242-;A243-;K417N;E484K;N501Y;D614G;A701V|""""",12,18,B.1.351(Beta),3,2,2021,6,9
EPI_ISL_13370815,"L18F;D80A;D215G;L241-;L242-;A243-;T323I;K417N;E484K;N501Y;D614G;A701V;T1117I|""""",13,18,B.1.351(Beta),1,1,2021,6,9
EPI_ISL_6641078,"L18F;D80A;D215G;L241-;L242-;A243-;K417N;E484K;N501Y;D614G;A701V;V1264L|""""",12,18,B.1.351(Beta),4,1,2021,6,10
EPI_ISL_5569630,"A27S;D80A;D215G;L241-;L242-;A243-;K417N;E484K;N501Y;D614G;A701V;G769V|""""",12,18,B.1.351(Beta),2,1,2021,6,10
EPI_ISL_2815375,"L18F;D80A;D215G;L241-;L242-;A243-;K417N;E484K;N501Y;D614G;V642G;A701V|""""",12,18,B.1.351(Beta),10,2,2021,6,10
EPI_ISL_17758015,"L18F;D80A;D215G;L241-;L242-;A243-;A262S;K417N;E484K;N501Y;A520S;D614G;A701V|""""",13,18,B.1.351(Beta),1,1,2021,6,10
EPI_ISL_10445663,"L18F;D80A;D215G;L241-;L242-;A243-;G252D;K417N;E484K;N501Y;D614G;Q677R;A701V;M1237I|""""",14,18,B.1.351(Beta),2,2,2021,6,10
EPI_ISL_16078813,"H49Y;D80A;D215G;L241-;L242-;A243-;K417N;E484K;N501Y;D614G;A701V|""""",11,18,B.1.351(Beta),12,1,2021,6,10
EPI_ISL_18096669,"L18F;D80A;D138Y;D215G;K417N;E484K;N501Y;A701V|""""",8,18,B.1.351(Beta),1,1,2021,6,10
EPI_ISL_10514863,"P9L;C136F;R190S;D215G;L242-;A243-;Y449H;E484K;N501Y;D614G;H655Y;N679K;T716I|""""",13,18,B.1.351(Beta),2,2,2021,6,10
EPI_ISL_2796521,"L18F;A67V;D80A;D215G;L241-;L242-;A243-;K417N;E484K;N501Y;D614G;E661D;A701V|""""",13,18,B.1.351(Beta),1,1,2021,6,10
EPI_ISL_17758016,"A27S;D80A;D215G;L241-;L242-;A243-;S255F;K417N;E484K;N501Y;D614G;A701V|""""",12,18,B.1.351(Beta),1,1,2021,6,11
EPI_ISL_5135956,"L18F;D80A;D215G;L241-;L242-;A243-;K417N;E484K;N501Y;D614G;A701V;A899S|""""",12,18,B.1.351(Beta),434,2,2021,6,11
EPI_ISL_4714840,"A27S;D80A;D215G;L241-;L242-;A243-;K417N;E484K;N501Y;D614G;Q675R;A701V|""""",12,18,B.1.351(Beta),1,1,2021,6,11
EPI_ISL_17758019,"L5F;D80A;D215G;L241-;L242-;A243-;K417N;E484K;N501Y;D614G;A701V;C1243F|""""",12,18,B.1.351(Beta),1,1,2021,6,12
EPI_ISL_2622100,"L18F;D80A;L241-;L242-;A243-;K417N;E484K;N501Y;D614G;Q677R;A701V|""""",11,18,B.1.351(Beta),1,1,2021,6,12
EPI_ISL_2887724,"D80A;D215G;L241-;L242-;A243-;K417N;E484K;N501Y;D614G;A701V;I931V|""""",11,18,B.1.351(Beta),38,1,2021,6,12
EPI_ISL_2876935,"L18F;D80A;D215G;K417N;E484K;N501Y;D614G;A701V;S940F|""""",9,18,B.1.351(Beta),1,1,2021,6,14
EPI_ISL_4742237,"A27S;D80A;D215G;L241-;L242-;A243-;S247I;K417N;E484K;N501Y;D614G;A701V|""""",12,18,B.1.351(Beta),1,1,2021,6,14
EPI_ISL_5562701,"A27S;D80A;D215G;L241-;L242-;A243-;K417N;E484K;N501Y;D614G;A701V;T716I|""""",12,18,B.1.351(Beta),2,2,2021,6,14
EPI_ISL_12644866,"D80A;D215G;L241-;L242-;A243-;K417N;E484K;N501Y;D614G;A701V;A1078S|""""",11,18,B.1.351(Beta),4,1,2021,6,15
EPI_ISL_3153935,"D80A;D215G;L241-;L242-;A243-;K417N;E484K;N501Y;D614G;S689R;S698L;A701V|""""",12,18,B.1.351(Beta),5,5,2021,6,15
EPI_ISL_2844877,"L18F;D80A;D215G;L241-;L242-;A243-;K417N;E484K;N501Y;D614G;S640F;A701V;A899S|""""",13,18,B.1.351(Beta),1,1,2021,6,15
EPI_ISL_3154233,"L18F;D80A;V159A;D215G;L241-;L242-;A243-;K417N;E484K;N501Y;D614G;A701V|""""",12,18,B.1.351(Beta),1,1,2021,6,15
EPI_ISL_2693074,"L18F;T51I;D80A;D215G;L241-;L242-;A243-;K417N;E484K;N501Y;D614G;A701V|""""",12,18,B.1.351(Beta),4,1,2021,6,15
EPI_ISL_3403350,"L18F;D80A;D215G;N501Y;D614G;A701V|""""",6,18,B.1.351(Beta),1,1,2021,6,15
EPI_ISL_17758030,"L18F;D80A;D215G;L241-;L242-;A243-;W258L;K417N;E484K;N501Y;D614G;A701V|""""",12,18,B.1.351(Beta),2,1,2021,6,15
EPI_ISL_2937938,"L18F;D80A;D215G;L241-;L242-;A243-;S254F;K417N;E484K;N501Y;D614G;A701V|""""",12,18,B.1.351(Beta),6,1,2021,6,15
EPI_ISL_2828277,"A27S;D80A;D215G;L241-;L242-;A243-;K417N;E484K;N501Y;D614G;A623S;A701V|""""",12,18,B.1.351(Beta),6,4,2021,6,15
EPI_ISL_2863941,"L18F;D80A;D215G;L241-;L242-;A243-;K417N;E484K;N501Y;D614G;Q675H;A701V;Q913H|""""",13,18,B.1.351(Beta),1,1,2021,6,16
EPI_ISL_3404421,"L18F;D215G;L241-;L242-;A243-;G381A;K417N;N501Y;D614G|""""",9,18,B.1.351(Beta),1,1,2021,6,16
EPI_ISL_3032572,"L18F;D80A;L241-;L242-;A243-;P384L;K417N;E484K;N501Y;L517F;D614G;A701V|""""",12,18,B.1.351(Beta),1,1,2021,6,16
EPI_ISL_12916292,"L18F;D80A;D215G;L241-;L242-;A243-;K417N;E484K;N501Y;D614G;A684S;A701V;K1205N|""""",13,18,B.1.351(Beta),1,1,2021,6,16
EPI_ISL_4715022,"A27S;A67V;D80A;D215G;L241-;L242-;A243-;K417N;E484K;N501Y;D614G;A701V|""""",12,18,B.1.351(Beta),1,1,2021,6,16
EPI_ISL_3032548,"D80A;Y145-;S151I;W152L;D215G;L241-;L242-;A243-;K417N;E484K;N501Y;D614G;A701V;G1167R|""""",14,18,B.1.351(Beta),2,1,2021,6,16
EPI_ISL_3032556,"L5F;L18F;P26L;D80A;D215G;L241-;L242-;A243-;K417N;E484K;N501Y;D614G;A701V|""""",13,18,B.1.351(Beta),1,1,2021,6,16
EPI_ISL_3404419,"L18F;D80A;D215G;L241-;L242-;A243-;K417N;N501Y;D614G;A701V|""""",10,18,B.1.351(Beta),12,1,2021,6,16
EPI_ISL_3032564,"L18F;D80A;L241-;L242-;A243-;K417N;E484K;N501Y;D614G|""""",9,18,B.1.351(Beta),3,1,2021,6,16
EPI_ISL_3355287,"D80A;D215G;L241-;L242-;A243-;K417N;E484K;N501Y;D614G;Q675H;A701V|""""",11,18,B.1.351(Beta),14,1,2021,6,16
EPI_ISL_3032550,"D80A;Y145-;W152L;D215G;L241-;L242-;A243-;K417N;E484K;N501Y;D614G;A701V;G1167R|""""",13,18,B.1.351(Beta),13,1,2021,6,16
EPI_ISL_2984576,"D80A;N211-;L212-;V213-;R237N;F238I;Q239T;T240R;L241F;L242Q;A243T;K417N;E484K;N501Y;D614G;A701V|""""",16,18,B.1.351(Beta),1,1,2021,6,16
EPI_ISL_2727372,"L18F;D80A;D215G;L241-;L242-;A243-;K417N;E484K;N501Y;D614G;A701V;T859I|""""",12,18,B.1.351(Beta),1,1,2021,6,16
EPI_ISL_4715154,"A27S;D80A;M153I;D215G;L241-;L242-;A243-;K417N;E484K;N501Y;D614G;A701V|""""",12,18,B.1.351(Beta),3,3,2021,6,16
EPI_ISL_3032545,"D80A;Y145-;W152L;L241-;L242-;A243-;K417N;E484K;N501Y;D614G;A701V;G1167R|""""",12,18,B.1.351(Beta),2,2,2021,6,16
EPI_ISL_2985537,"L18F;D80A;D215G;L241-;L242-;A243-;K417N;L452R;T478K;D614G;A701V|""""",11,18,B.1.351(Beta),1,1,2021,6,17
EPI_ISL_2785556,"A27S;D80A;D215G;L241-;L242-;A243-;Y248S;K417N;E484K;N501Y;D614G;A701V|""""",12,18,B.1.351(Beta),3,3,2021,6,17
EPI_ISL_17758039,"P9L;P25L;C136F;Y145-;R190S;D215G;L242-;A243-;N440K;Y449H;E484K;N501Y;D614G;H655Y;P681H;T716I;T859N;D936H|""""",18,18,B.1.351(Beta),4,2,2021,6,17
EPI_ISL_5967174,"L18F;D80A;D215G;Y265C;K417N;E484K;N501Y;D614G;A701V|""""",9,18,B.1.351(Beta),3,1,2021,6,17
EPI_ISL_17758035,"L5F;L18F;D80A;D138Y;D215G;L241-;L242-;A243-;R246G;K417N;E484K;N501Y;D614G;A701V|""""",14,18,B.1.351(Beta),1,1,2021,6,17
EPI_ISL_17758043,"L18F;D80A;D88H;D215G;L241-;L242-;A243-;K417N;E484K;N501Y;D614G;A701V;T747I|""""",13,18,B.1.351(Beta),1,1,2021,6,17
EPI_ISL_2790991,"D80A;D215G;L241-;L242-;A243-;T299I;K417N;E484K;N501Y;D614G;A701V|""""",11,18,B.1.351(Beta),2,2,2021,6,17
EPI_ISL_17758037,"L18F;D80A;D215G;A222V;L241-;L242-;A243-;K417N;E484K;N501Y;E583D;D614G;A701V|""""",13,18,B.1.351(Beta),1,1,2021,6,17
EPI_ISL_2727368,"L18F;P25L;D80A;D215G;L241-;L242-;A243-;K417N;E484K;N501Y;D614G;A701V|""""",12,18,B.1.351(Beta),4,1,2021,6,18
EPI_ISL_3032597,"L18F;D80A;L241-;L242-;A243-;K417N;Y449H;E484K;N501Y;D614G;A701V|""""",11,18,B.1.351(Beta),1,1,2021,6,18
EPI_ISL_3032609,L18F;D80A;M153I;E154-;N211-;L212I;L241-;L242-;A243-;E484K;N501Y;D614G|178D179,12,18,B.1.351(Beta),1,1,2021,6,18
EPI_ISL_3032599,"L18F;D80A;L241-;L242-;A243-;K417N;E484K;N501Y;D614G;A701V;D1260Y|""""",11,18,B.1.351(Beta),9,1,2021,6,18
EPI_ISL_3032613,"L18F;D80A;L241-;L242-;A243-;K417N;D614G;A701V|""""",8,18,B.1.351(Beta),2,2,2021,6,18
EPI_ISL_4741462,"A27S;D80A;D215G;L241-;L242-;A243-;E484K;N501Y;D614G;A701V|""""",10,18,B.1.351(Beta),5,3,2021,6,18
EPI_ISL_17758050,"L18F;D80A;D88H;D215G;L241-;L242-;A243-;P384L;K417N;E484K;N501Y;D614G;A701V;V1176F|""""",14,18,B.1.351(Beta),1,1,2021,6,19
EPI_ISL_10445673,"L18F;Q52H;D80A;D215G;L241-;L242-;A243-;K417N;E484K;N501Y;D614G;A701V|""""",12,18,B.1.351(Beta),1,1,2021,6,19
EPI_ISL_5568994,"A27S;D80A;D215G;L241-;L242-;A243-;K417N;T478I;E484K;N501Y;D614G;A701V|""""",12,18,B.1.351(Beta),1,1,2021,6,19
EPI_ISL_2921261,"L18F;D80A;S98F;D215G;L241-;L242-;A243-;K417N;E484K;N501Y;D614G;A701V|""""",12,18,B.1.351(Beta),11,2,2021,6,20
EPI_ISL_4741467,"A27S;I68T;D80A;D215G;L241-;L242-;A243-;K417N;E484K;N501Y;D614G;A701V;V1122L|""""",13,18,B.1.351(Beta),1,1,2021,6,20
EPI_ISL_5524623,"D80A;D215G;L241-;L242-;A243-;K417N;D614G;A701V|""""",8,18,B.1.351(Beta),14,1,2021,6,20
EPI_ISL_3154230,"L18F;D80A;D215G;L241-;L242-;A243-;A260V;K417N;E484K;N501Y;D614G;A701V|""""",12,18,B.1.351(Beta),1,1,2021,6,21
EPI_ISL_2939477,"D80A;D215G;L241-;L242-;A243-;K417N;E484K;N501Y;D614G;A701V;V1176F|""""",11,18,B.1.351(Beta),35,5,2021,6,21
EPI_ISL_18096677,"L18F;D80A;D215G;K417N;E484K;N501Y;D614G;Q675H;A701V|""""",9,18,B.1.351(Beta),2,1,2021,6,21
EPI_ISL_3135875,"L18F;H69-;V70-;D80A;D215G;L242-;A243P;R246G;E484K;N501Y;D614G;A701V;D1163Y|""""",13,18,B.1.351(Beta),1,1,2021,6,22
EPI_ISL_3132522,"L18F;D80A;D88H;D215G;L241-;L242-;A243-;H245Y;K417N;E484K;N501Y;D614G;A701V;T747I|""""",14,18,B.1.351(Beta),1,1,2021,6,22
EPI_ISL_3032639,"L18F;L241-;L242-;A243-;K417N;D614G;A701V|""""",7,18,B.1.351(Beta),3,1,2021,6,22
EPI_ISL_2930699,"L18F;D80A;D215G;L241-;L242-;A243-;K417N;E484K;N501Y;D614G;A701V;I934L;K1181N|""""",13,18,B.1.351(Beta),4,1,2021,6,22
EPI_ISL_2828502,"L18F;D80A;D215G;L241-;L242-;A243-;K417N;E484K;N501Y;D614G;A623V;Q675H;A701V|""""",13,18,B.1.351(Beta),2,2,2021,6,22
EPI_ISL_6914394,"L18F;A67V;D80A;D215G;L241-;L242-;A243-;K417N;E484K;N501Y;D614G;A701V;P1162S|""""",13,18,B.1.351(Beta),1,1,2021,6,23
EPI_ISL_4093579,"L18F;D80A;D138Y;D215G;L241-;L242-;A243-;R246G;K417N;E484K;N501Y;D614G;A701V;D1163Y|""""",14,18,B.1.351(Beta),2,2,2021,6,23
EPI_ISL_3402019,"L18F;D80A;D215G;L241-;L242-;A243-;K417N;E484K;N501Y;D614G;A701V;T724A|""""",12,18,B.1.351(Beta),2,1,2021,6,23
EPI_ISL_2842640,"L18F;D80A;D215G;L241-;L242-;A243-;K417N;E484K;N501Y;D614G;A701V;C1236Y|""""",12,18,B.1.351(Beta),1,1,2021,6,23
EPI_ISL_2868597,"P9L;P25L;C136F;Y145-;R190S;D215G;L242-;A243-;Y449H;E484K;N501Y;L585F;D614G;H655Y;N679K;T716I;T859N|""""",17,18,B.1.351(Beta),3,1,2021,6,23
EPI_ISL_2986923,"L18F;D80A;D215G;K417N;E484K;N501Y;D614G;A701V;C1250F|""""",9,18,B.1.351(Beta),2,1,2021,6,23
EPI_ISL_3154066,"L18F;D80A;D215G;L241-;L242-;A243-;K417N;E484K;N501Y;D614G;P621S;A701V|""""",12,18,B.1.351(Beta),1,1,2021,6,23
EPI_ISL_2868570,"T73A;D80A;D215G;L241-;L242-;A243-;K417N;E484K;N501Y;D614G;A701V|""""",11,18,B.1.351(Beta),2,1,2021,6,23
EPI_ISL_2986620,"L18F;D80A;D215G;L242-;A243P;K417N;E484K;N501Y;D614G;A701V|""""",10,18,B.1.351(Beta),12,1,2021,6,23
EPI_ISL_16925128,"D80A;D215G;L241-;L242-;A243-;K417N;E484K;N501Y;D614G;P681L;A701V|""""",11,18,B.1.351(Beta),1,1,2021,6,24
EPI_ISL_11686484,"P9L;R102G;C136F;R190S;D215G;L242-;A243-;Y449H;E484K;N501Y;D614G;H655Y;N679K;T716I|""""",14,18,B.1.351(Beta),1,1,2021,6,24
EPI_ISL_2835968,"L18F;D80A;L176F;L241-;L242-;A243-;K417N;E484K;N501Y;D614G|""""",10,18,B.1.351(Beta),1,1,2021,6,24
EPI_ISL_16078605,"P9L;C136F;R190S;D215G;L242-;A243-;Y449H;E484K;N501Y;D614G;H655Y;N679K;T716I;A892V|""""",14,18,B.1.351(Beta),2,2,2021,6,24
EPI_ISL_3710602,"L18F;D80A;D215G;L241-;L242-;A243-;K417N;E484K;N501Y;D614G;A701V;E1207D|""""",12,18,B.1.351(Beta),2,1,2021,6,24
EPI_ISL_3154245,"L5F;L18F;D80A;D215G;L241-;L242-;A243-;K417N;E484K;N501Y;D614G;A701V;S1147L;I1232F|""""",14,18,B.1.351(Beta),1,1,2021,6,24
EPI_ISL_2934855,"D80A;D215G;L241-;L242-;A243-;K417N;E484K;N501Y;D614G;A701V;G1167V|""""",11,18,B.1.351(Beta),2,1,2021,6,25
EPI_ISL_2933475,"D80A;D215G;L241-;L242-;A243-;K417N;E484K;N501Y;D614G;A701V;S937L|""""",11,18,B.1.351(Beta),1,1,2021,6,25
EPI_ISL_5136239,"D80A;D215G;L241-;L242-;A243-;K417N;E484K;N501Y;E583Q;D614G;A701V|""""",11,18,B.1.351(Beta),1,1,2021,6,25
EPI_ISL_2930668,"L5F;L18F;D80A;D215G;L241-;L242-;A243-;K417N;E484K;N501Y;D614G;Y660F;N679H;A701V|""""",14,18,B.1.351(Beta),1,1,2021,6,25
EPI_ISL_3407848,"L18F;D80A;D215G;L241-;L242-;A243-;E484K;N501Y;D614G;A701V|""""",10,18,B.1.351(Beta),20,1,2021,6,27
EPI_ISL_3153834,"D80A;P139-;F140-;L141-;G142-;V143-;Y144-;Y145-;W152L;D215G;L241-;L242-;A243-;K417N;E484K;N501Y;D614G;A701V|""""",18,18,B.1.351(Beta),1,1,2021,6,27
EPI_ISL_2803815,"P9L;C136F;Y145-;R190S;D215G;L242-;A243-;Y449H;T478K;E484K;N501Y;D614G;H655Y;N679K;T716I;T859N;D936N|""""",17,18,B.1.351(Beta),1,1,2021,6,27
EPI_ISL_15742022,"D80A;D215G;L241-;L242-;A243-;K417N;E484K;N501Y;D614G;A701V;A871S|""""",11,18,B.1.351(Beta),1,1,2021,6,27
EPI_ISL_17118742,"P9L;C136F;Y145-;R190S;D215G;L242-;A243-;Y449H;E484K;N501Y;D614G;H655Y;N679K;T716I;T859N|""""",15,18,B.1.351(Beta),13,3,2021,6,28
EPI_ISL_3153853,"D80A;D215G;L241-;L242-;A243-;K417N;E484K;N501Y;D614G;S689R;A701V;G946V|""""",12,18,B.1.351(Beta),39,3,2021,6,28
EPI_ISL_15593148,"L18F;D80A;N185K;D215G;L241-;L242-;A243-;K417N;E484K;N501Y;D614G;A701V|""""",12,18,B.1.351(Beta),1,1,2021,6,28
EPI_ISL_3148354,"D80A;D215G;L241-;L242-;A243-;K417N;E484K;N501Y;D614G;A701V;A852S|""""",11,18,B.1.351(Beta),1,1,2021,6,28
EPI_ISL_5136191,"L18F;D80A;D215G;L241-;L242-;A243-;K417N;E484K;N501Y;D614G;I692F;A701V|""""",12,18,B.1.351(Beta),1,1,2021,6,28
EPI_ISL_3008297,"A27S;D80A;D215G;L241-;L242-;A243-;K417N;E484K;N501Y;D614G;A701V;L822F|""""",12,18,B.1.351(Beta),4,1,2021,6,28
EPI_ISL_5562942,"A27S;D80A;D215G;L241-;L242-;A243-;K417N;E484K;N501Y;D614G;P681L;A701V|""""",12,18,B.1.351(Beta),1,1,2021,6,29
EPI_ISL_18030390,"L18F;D80A;D215G;L241-;L242-;A243-;K417N;T478K;E484K;N501Y;D614G;A701V;D796Y|""""",13,18,B.1.351(Beta),2,2,2021,6,29
EPI_ISL_3025982,"A27S;D80A;D215G;L241-;L242-;A243-;K417N;E484K;N501Y;D614G;A701V;S813I|""""",12,18,B.1.351(Beta),3,2,2021,6,29
EPI_ISL_2838255,"L18F;D80A;D215G;L241-;L242-;A243-;K417N;E484K;N501Y;D614G;A701V;G1167V|""""",12,18,B.1.351(Beta),1,1,2021,6,29
EPI_ISL_14666764,"L18F;D80A;S98F;D215G;L241-;L242-;A243-;K417N;E484K;N501Y;D614G;P681H;A701V;L1034I|""""",14,18,B.1.351(Beta),2,1,2021,6,29
EPI_ISL_4741438,"L18F;A27S;D80A;D215G;L241-;L242-;A243-;K417N;E484K;N501Y;D614G;A701V|""""",12,18,B.1.351(Beta),2,2,2021,6,29
EPI_ISL_3011442,"D80A;D215G;L241-;L242-;A243-;K417N;E484K;N501Y;D614G;D627G;A701V|""""",11,18,B.1.351(Beta),3,1,2021,6,30
EPI_ISL_11331283,"L18F;D80A;D88H;D215G;L241-;L242-;A243-;H245Y;P384L;K417N;E484K;N501Y;D614G;A701V;V1176F|""""",15,18,B.1.351(Beta),1,1,2021,6,30
EPI_ISL_3132608,"P25L;C136F;Y145-;R190S;D215G;L242-;A243-;P384L;Y449H;E484K;N501Y;D614G;H655Y;N679K;T716I;T859N|""""",16,18,B.1.351(Beta),1,1,2021,6,30
EPI_ISL_3154247,"L18F;D80A;D215G;L241-;L242-;A243-;K417N;E484K;N501Y;D614G;A701V;P809S|""""",12,18,B.1.351(Beta),6,1,2021,6,30
EPI_ISL_3016940,"D80A;V193L;R214H;D215G;L241-;L242-;A243-;K417N;E484K;N501Y;D614G;A701V;P792Q|""""",13,19,B.1.351(Beta),1,1,2021,7,1
EPI_ISL_3447852,"D80A;D215G;L241-;L242-;A243-;K417N;E484K;N501Y;D614G;Q677H;A701V;Q787R|""""",12,19,B.1.351(Beta),1,1,2021,7,1
EPI_ISL_3447849,"L18F;D80A;L141-;G142-;V143-;Y144F;D215G;L241-;L242-;A243-;K417N;E484K;N501Y;D614G;Q677H;R682W;A701V|""""",17,19,B.1.351(Beta),2,2,2021,7,1
EPI_ISL_2930571,"A27S;D80A;D215G;L241-;L242-;A243-;K417N;E484K;N501Y;D614G;A701V;A1078S|""""",12,19,B.1.351(Beta),2,2,2021,7,1
EPI_ISL_3154078,"L18F;D80A;D215G;L241-;L242-;A243-;A262S;K417N;E484K;N501Y;D614G;A701V|""""",12,19,B.1.351(Beta),1,1,2021,7,1
EPI_ISL_3076810,"D80A;D215G;L241-;L242-;A243-;K417N;E484K;N501Y;D614G;A701V;V1065A|""""",11,19,B.1.351(Beta),1,1,2021,7,1
EPI_ISL_4742150,"A27S;D80A;D215G;L241-;L242-;A243-;K417N;E484K;N501Y;D614G;Q677H;A701V|""""",12,19,B.1.351(Beta),7,1,2021,7,1
EPI_ISL_4742085,"A27S;D80A;D215G;L241-;L242-;A243-;K417N;E484K;N501Y;D614G;A701V|""""",11,19,B.1.351(Beta),401,52,2021,7,1
EPI_ISL_3265967,"D80A;D215G;L241-;L242-;A243-;K417N;E484K;N501Y;D614G;A701V|""""",10,19,B.1.351(Beta),2847,70,2021,7,1
EPI_ISL_2897444,"D80A;D215G;L241-;L242-;A243-;K417N;E484K;N501Y;D614G;T676I;A701V|""""",11,19,B.1.351(Beta),11,1,2021,7,1
EPI_ISL_18056956,"L18F;D80A;D215G;L241-;L242-;A243-;K417N;E484K;N501Y;D614G;A701V|""""",11,19,B.1.351(Beta),2905,168,2021,7,1
EPI_ISL_3154250,"L18F;G75V;D80A;D215G;L241-;L242-;A243-;K417N;E484K;N501Y;D614G;A701V;I934V|""""",13,19,B.1.351(Beta),19,13,2021,7,1
EPI_ISL_3154258,"L5F;L18F;D80A;D215G;L241-;L242-;A243-;K417N;E484K;N501Y;D614G;A701V|""""",12,19,B.1.351(Beta),110,3,2021,7,1
EPI_ISL_3153744,"L18F;D80A;D215G;L241-;L242-;A243-;K417N;E484K;N501Y;D614G;A701V;I934V|""""",12,19,B.1.351(Beta),53,24,2021,7,1
EPI_ISL_3447853,"L18F;N30T;H66R;D80A;D215G;L241-;L242-;A243-;K417N;E484K;N501Y;D614G;Q677H;R682W;A701V|""""",15,19,B.1.351(Beta),1,1,2021,7,1
EPI_ISL_18242884,"L18F;A67V;D80A;D215G;L241-;L242-;A243-;K417N;E484K;N501Y;D614G;A701V|""""",12,19,B.1.351(Beta),222,2,2021,7,1
EPI_ISL_3153623,"L18F;D80A;D215G;L241-;L242-;A243-;K417N;E484K;N501Y;D614G;A701V;P809S|""""",12,19,B.1.351(Beta),6,1,2021,7,1
EPI_ISL_3910060,"D80A;D215G;L241-;L242-;A243-;K417N;E484K;N501Y;D614G;A701V;V1176F|""""",11,19,B.1.351(Beta),35,12,2021,7,1
EPI_ISL_5967224,"L18F;D80A;D215G;Y265C;K417N;N501Y;D614G;A701V|""""",8,19,B.1.351(Beta),1,1,2021,7,1
EPI_ISL_4003581,"D80A;D215G;L241-;L242-;A243-;K417N;E484K;N501Y;D614G;A701V;D867Y|""""",11,19,B.1.351(Beta),1,1,2021,7,1
EPI_ISL_3906900,"L18F;D80A;L241-;L242-;A243-;K417N;E484K;N501Y;D614G;A701V|""""",10,19,B.1.351(Beta),38,5,2021,7,2
EPI_ISL_4003582,"L18F;D80A;D215G;L241-;L242-;A243-;K417N;E484K;N501Y;D614G;Q677R;S691F;A701V|""""",13,19,B.1.351(Beta),1,1,2021,7,2
EPI_ISL_3154026,"L18F;D80A;L141-;G142-;V143-;Y144-;D215G;L241-;L242-;A243-;K417N;E484K;N501Y;D614G;A701V|""""",15,19,B.1.351(Beta),1,1,2021,7,2
EPI_ISL_3154249,"L18F;G75V;D80A;D215G;L241-;L242-;A243-;K417N;E484K;N501Y;D614G;A701V;I934V;C1243F|""""",14,19,B.1.351(Beta),2,2,2021,7,2
EPI_ISL_3154033,"L18F;D80A;E180G;D215G;L241-;L242-;A243-;K417N;E484K;N501Y;D614G;A701V|""""",12,19,B.1.351(Beta),15,1,2021,7,2
EPI_ISL_2885693,"L18F;D80A;D215G;L241-;L242-;A243-;K417N;E484K;N501Y;D614G;Q675H;A701V|""""",12,19,B.1.351(Beta),19,3,2021,7,2
EPI_ISL_3056258,"L18F;D80A;D215G;K417N;E484K;N501Y;D614G;A701V;C1250F|""""",9,19,B.1.351(Beta),2,1,2021,7,3
EPI_ISL_17118744,"P9L;C136F;Y145-;R190S;D215G;L242-;A243-;Y449H;E484K;N501Y;D614G;H655Y;N679K;T716I;T859N|""""",15,19,B.1.351(Beta),13,4,2021,7,3
EPI_ISL_2989113,"P9L;P25L;C136F;Y145-;R190S;D215G;L242-;A243-;N440K;Y449H;E484K;N501Y;D614G;H655Y;P681H;T716I;T859N;D936H|""""",18,19,B.1.351(Beta),4,2,2021,7,3
EPI_ISL_3026495,"L18F;D80A;D138N;D215G;L241-;L242-;A243-;K417N;E484K;N501Y;D614G;A701V|""""",12,19,B.1.351(Beta),6,4,2021,7,3
EPI_ISL_3154077,"L18F;D80A;G181V;D215G;L241-;L242-;A243-;K417N;E484K;N501Y;D614G;A701V;I934V|""""",13,19,B.1.351(Beta),1,1,2021,7,3
EPI_ISL_4078839,"T19R;D80A;D215G;L241-;L242-;A243-;L452R;T478K;D614G;P681R|""""",10,19,B.1.351(Beta),1,1,2021,7,3
EPI_ISL_17758080,"P9L;P25L;C136F;Y145-;W152R;R190S;D215G;L242-;A243-;Y449H;T478K;E484K;N501Y;D614G;H655Y;N679K;T716I;T859N;A879T;A1078V|""""",20,19,B.1.351(Beta),1,1,2021,7,5
EPI_ISL_5540324,"A27S;D80A;D215G;L241-;L242-;A243-;E484K;N501Y;D614G;A701V;V705A;N1125K|""""",12,19,B.1.351(Beta),1,1,2021,7,5
EPI_ISL_5539300,L5F;A27S;D80A;D215G;L241-;L242-;A243-;K417N;E484K;N501Y;D614G;A701V|5F6,12,19,B.1.351(Beta),1,1,2021,7,5
EPI_ISL_3100193,"L54F;D80A;D215G;L241-;L242-;A243-;K417N;E484K;N501Y;A570D;D614G;A701V|""""",12,19,B.1.351(Beta),1,1,2021,7,5
EPI_ISL_5967225,"L18F;D80A;D215G;Y265C;K417N;E484K;N501Y;D614G;A701V|""""",9,19,B.1.351(Beta),3,2,2021,7,5
EPI_ISL_16064232,"D80A;V213G;K417N;E484K;N501Y;D614G;A701V|""""",7,19,B.1.351(Beta),1,1,2021,7,5
EPI_ISL_3545578,"L18F;D80A;D215G;L241-;L242-;A243-;K417N;E484K;N501Y;N556K;D614G;A701V|""""",12,19,B.1.351(Beta),1,1,2021,7,5
EPI_ISL_3056666,"L18F;D80A;D215G;L242-;A243P;K417N;E484K;N501Y;D614G;A701V|""""",10,19,B.1.351(Beta),12,2,2021,7,6
EPI_ISL_4205909,"D80A;D215G;L241-;L242-;A243-;K417N;E484K;N501Y;A570D;D614G;P681H;A701V;T716I;S982A;D1118H|""""",15,19,B.1.351(Beta),1,1,2021,7,6
EPI_ISL_18029935,"L18F;D80A;D215G;K417N;E484K;N501Y;D614G;A701V|""""",8,19,B.1.351(Beta),68,6,2021,7,6
EPI_ISL_3033299,"A27S;D80A;D215G;L241-;L242-;A243-;K417N;E484K;N501Y;D614G;A623S;A701V|""""",12,19,B.1.351(Beta),6,2,2021,7,6
EPI_ISL_7722675,"L18F;P26S;D80A;D215G;L241-;L242-;A243-;K417N;E484K;N501Y;D614G;A701V|""""",12,19,B.1.351(Beta),5,1,2021,7,6
EPI_ISL_7722689,"L18F;P26S;D80A;D215G;L241-;L242-;A243-;A260V;K417N;E484K;N501Y;D614G;A701V|""""",13,19,B.1.351(Beta),1,1,2021,7,7
EPI_ISL_8582083,"A27S;D80A;D215G;L241-;L242-;A243-;K417N;E484K;N501Y;D614G;A701V;V772I;G1099D|""""",13,19,B.1.351(Beta),1,1,2021,7,7
EPI_ISL_3154271,"L18F;G75V;D80A;D215G;L241-;L242-;A243-;K417N;E484K;N501Y;D614G;A701V;I934V;C1243F;G1246S|""""",15,19,B.1.351(Beta),2,2,2021,7,8
EPI_ISL_8523893,"L18F;D80A;D215G;L241-;L242-;A243-;K417N;E484K;N501Y;D614G;A701V;T716I;E1202Q|""""",13,19,B.1.351(Beta),1,1,2021,7,8
EPI_ISL_3447712,"L18F;D80A;D215G;L241-;L242-;A243-;K417N;T478K;E484K;N501Y;D614G;P681H;A701V|""""",13,19,B.1.351(Beta),1,1,2021,7,8
EPI_ISL_5538406,"A27S;D80A;D215G;L241-;L242-;A243-;K417N;E484K;N501Y;D614G;Q675H;A701V|""""",12,19,B.1.351(Beta),2,1,2021,7,8
EPI_ISL_18030391,"L18F;D80A;T95I;D215G;L241-;L242-;A243-;K417N;T478K;E484K;N501Y;D614G;P681H;A701V;A706V;D950N|""""",16,19,B.1.351(Beta),2,2,2021,7,8
EPI_ISL_2930611,"A27S;D80A;D215G;L241-;L242-;A243-;K417N;E484K;N501Y;D614G;A701V;S884F|""""",12,19,B.1.351(Beta),1,1,2021,7,8
EPI_ISL_3032448,"D80A;W152F;D215G;L241-;L242-;A243-;K417N;E484K;N501Y;D614G;A701V|""""",11,19,B.1.351(Beta),1,1,2021,7,8
EPI_ISL_7722716,"L18F;D80A;D215G;L241-;L242-;A243-;S254F;K417N;E484K;N501Y;D614G;A701V|""""",12,19,B.1.351(Beta),6,1,2021,7,8
EPI_ISL_3153867,"D80A;D215G;L241-;L242-;A243-;K417N;E484K;N501Y;D614G;S689R;A701V|""""",11,19,B.1.351(Beta),68,33,2021,7,8
EPI_ISL_3026752,"A27S;D80A;D215G;L241-;L242-;A243-;E484K;N501Y;D614G;A701V|""""",10,19,B.1.351(Beta),5,1,2021,7,9
EPI_ISL_4205932,"D80A;K417N;E484K;N501Y;D614G;A701V|""""",6,19,B.1.351(Beta),10,3,2021,7,9
EPI_ISL_3602866,"A27S;D80A;D215G;L241-;L242-;A243-;K417N;E484K;N501Y;D614G;A701V;S937L|""""",12,19,B.1.351(Beta),1,1,2021,7,9
EPI_ISL_3545594,"L18F;D80A;D215G;L241-;L242-;A243-;K417N;E484K;N501Y;D614G;A701V;S982A;D1118H|""""",13,19,B.1.351(Beta),1,1,2021,7,9
EPI_ISL_8523894,"L18F;D80A;G181V;D215G;L241-;L242-;A243-;K417N;E484K;N501Y;D614G;A701V|""""",12,19,B.1.351(Beta),2,1,2021,7,10
EPI_ISL_3153987,"L18F;D80A;D215G;L241-;L242-;A243-;K417N;E484K;N501Y;D614G;A701V;G1131A|""""",12,19,B.1.351(Beta),1,1,2021,7,10
EPI_ISL_3154080,"L18F;D80A;D215G;L241-;L242-;A243-;K417N;E484K;N501Y;D614G;A701V;T1027I;I1232F|""""",13,19,B.1.351(Beta),2,2,2021,7,10
EPI_ISL_3076635,"A27S;D80A;D138Y;D215G;L241-;L242-;A243-;K417N;E484K;N501Y;D614G;A701V|""""",12,19,B.1.351(Beta),3,2,2021,7,10
EPI_ISL_7722721,"L18F;D80A;D215G;L241-;L242-;A243-;K417N;E484K;N501Y;D614G;A701V;G769V|""""",12,19,B.1.351(Beta),2,1,2021,7,10
EPI_ISL_4187931,"L18F;D80A;D138Y;D215G;L241-;L242-;A243-;K417N;E484K;N501Y;D614G;A701V|""""",12,19,B.1.351(Beta),7,3,2021,7,11
EPI_ISL_4196625,"P9L;P25L;P26S;P82L;C136F;Y145-;R190S;D215G;L242-;A243-;R346K;Y449H;A475V;T478K;E484K;N501Y;D614G;P621S;P681H;T716I|""""",20,19,B.1.351(Beta),1,1,2021,7,11
EPI_ISL_5541487,"A27S;D80A;D215G;L241-;L242-;A243-;K417N;E484K;N501Y;D614G;A701V;T768N|""""",12,19,B.1.351(Beta),1,1,2021,7,12
EPI_ISL_5541070,"A27S;D80A;D215G;L241-;L242-;A243-;K417N;E484K;N501Y;D614G;A701V;D796Y|""""",12,19,B.1.351(Beta),1,1,2021,7,12
EPI_ISL_3832051,"T19I;D80A;D215G;L241-;L242-;A243-;E484K;N501Y;D614G;A701V|""""",10,19,B.1.351(Beta),167,1,2021,7,12
EPI_ISL_3153870,"D80A;D215G;L241-;L242-;A243-;K417N;E484K;N501Y;D614G;S689R;A701V;G946V|""""",12,19,B.1.351(Beta),39,27,2021,7,12
EPI_ISL_8582087,"L18F;D80A;D215G;L241-;L242-;A243-;K417N;E484K;N501Y;D614G;A701V;A1020V|""""",12,19,B.1.351(Beta),4,1,2021,7,12
EPI_ISL_3118041,"D80A;D215G;L241-;L242-;A243-;K417N;E484K;N501Y;D614G;D627G;A701V|""""",11,19,B.1.351(Beta),3,2,2021,7,12
EPI_ISL_3154278,"L18F;G75V;D80A;D215G;L241-;L242-;A243-;K417N;E484K;N501Y;D614G;A701V;I934V;D1260G|""""",14,19,B.1.351(Beta),7,7,2021,7,12
EPI_ISL_4124722,"V70F;D80A;D215G;L241-;L242-;A243-;K417N;E484K;N501Y;D614G;A701V|""""",11,19,B.1.351(Beta),1,1,2021,7,12
EPI_ISL_7722734,"L18F;D80A;D215G;L241-;L242-;A243-;A262T;K417N;E484K;N501Y;D614G;A701V|""""",12,19,B.1.351(Beta),1,1,2021,7,12
EPI_ISL_5541375,"A27S;D80A;S155I;D215G;L241-;L242-;A243-;K417N;E484K;N501Y;D614G;A701V|""""",12,19,B.1.351(Beta),1,1,2021,7,12
EPI_ISL_5542713,"A27S;D80A;D215G;L241-;L242-;A243-;P251L;K417N;E484K;N501Y;D614G;A701V|""""",12,19,B.1.351(Beta),1,1,2021,7,13
EPI_ISL_3382605,"L18F;D80A;D215G;L241-;L242-;A243-;K417N;E484K;N501Y;D614G;A701V;I1232F|""""",12,19,B.1.351(Beta),25,1,2021,7,13
EPI_ISL_7722744,"L18F;D80A;D215G;L241-;L242-;A243-;K417N;E484K;F490L;N501Y;D614G;A701V|""""",12,19,B.1.351(Beta),1,1,2021,7,13
EPI_ISL_4205938,"D80A;D215G;K417N;E484K;N501Y;D614G;A701V|""""",7,19,B.1.351(Beta),51,3,2021,7,13
EPI_ISL_3447714,"P9L;P25L;C136F;Y145-;R190S;D215G;L242-;A243-;Y449H;E484K;N501Y;L585F;D614G;H655Y;N679K;T716I;T859N|""""",17,19,B.1.351(Beta),3,2,2021,7,14
EPI_ISL_3115044,"T19I;D80A;D215G;L241-;L242-;A243-;K417N;E484K;N501Y;D614G;T618I;A701V|""""",12,19,B.1.351(Beta),1,1,2021,7,14
EPI_ISL_5541439,"A27S;D80A;D215G;L229F;L241-;L242-;A243-;K417N;E484K;N501Y;D614G;A701V|""""",12,19,B.1.351(Beta),1,1,2021,7,14
EPI_ISL_5540548,"R21T;A27S;D80A;D215G;L241-;L242-;A243-;K417N;E484K;N501Y;D614G;A701V|""""",12,19,B.1.351(Beta),2,1,2021,7,14
EPI_ISL_9370996,"D80A;D215G;L241-;L242-;A243-;K417N;E484K;N501Y;D614G;S689R;A701V;V1104I|""""",12,19,B.1.351(Beta),2,2,2021,7,15
EPI_ISL_5541087,"A27S;D80A;D215G;L241-;L242-;A243-;K417N;E484K;N501Y;D614G;A701V;G1099D|""""",12,19,B.1.351(Beta),5,2,2021,7,15
EPI_ISL_5542848,"A27S;D80A;D215G;L241-;L242-;A243-;R408K;K417N;E484K;N501Y;D614G;A701V|""""",12,19,B.1.351(Beta),1,1,2021,7,15
EPI_ISL_8799665,"L18F;D80A;L176F;D215G;L241-;L242-;A243-;K417N;E484K;N501Y;D614G;Q675H;A701V|""""",13,19,B.1.351(Beta),1,1,2021,7,15
EPI_ISL_5541167,"A27S;D80A;D215G;L241-;L242-;A243-;K417N;E484K;N501Y;D614G;N658Y;A701V|""""",12,19,B.1.351(Beta),2,2,2021,7,15
EPI_ISL_7722819,"L18F;D80A;D215G;L241-;L242-;A243-;K417N;E484K;N501Y;D614G;A701V;T1027I|""""",12,19,B.1.351(Beta),1,1,2021,7,15
EPI_ISL_7722822,"L18F;D80A;D215G;L241-;L242-;A243-;A264V;K417N;E484K;N501Y;D614G;A701V|""""",12,19,B.1.351(Beta),1,1,2021,7,15
EPI_ISL_9371458,"L18F;G75V;D80A;Y145-;D215G;L241-;L242-;A243-;K417N;E484K;N501Y;D614G;A701V;I934V|""""",14,19,B.1.351(Beta),1,1,2021,7,15
EPI_ISL_9371716,"L18F;D80A;L141F;D215G;L241-;L242-;A243-;K417N;E484K;N501Y;D614G;A701V|""""",12,19,B.1.351(Beta),3,2,2021,7,15
EPI_ISL_5543965,"T19I;A27S;D80A;D215G;L241-;L242-;A243-;K417N;E484K;N501Y;D614G;A701V|""""",12,19,B.1.351(Beta),3,1,2021,7,15
EPI_ISL_3432486,"L18F;D80A;D215G;L241-;L242-;A243-;K417N;E484K;N501Y;D614G|""""",10,19,B.1.351(Beta),7,3,2021,7,15
EPI_ISL_5540426,"A27S;D80A;D215G;L241-;L242-;A243-;K417N;E484K;N501Y;D614G;E654V;A701V|""""",12,19,B.1.351(Beta),1,1,2021,7,16
EPI_ISL_9373817,"L18F;P25L;D80A;D215G;L241-;L242-;A243-;K417N;E484K;N501Y;D614G;A701V|""""",12,19,B.1.351(Beta),4,1,2021,7,16
EPI_ISL_7722830,"L18F;D80A;D215G;L241-;L242-;A243-;T307I;K417N;E484K;N501Y;D614G;A701V|""""",12,19,B.1.351(Beta),1,1,2021,7,16
EPI_ISL_9439051,"P9L;C136F;Y145-;R190S;D215G;L242-;A243-;Y449H;E484K;N501Y;D614G;H655Y;N679K;T716I;T859N;D950H|""""",16,19,B.1.351(Beta),1,1,2021,7,16
EPI_ISL_9370659,"L18F;D80A;D215G;L241-;L242-;A243-;K417N;E484K;N501Y;D614G;A701V;Q779K;I934V|""""",13,19,B.1.351(Beta),1,1,2021,7,16
EPI_ISL_9373651,"L18F;D80A;D215G;L241-;L242-;A243-;K417N;S477N;E484K;N501Y;D614G;A701V;I934V|""""",13,19,B.1.351(Beta),7,7,2021,7,16
EPI_ISL_9371242,"D80A;D215G;L241-;L242-;A243-;K417N;E484K;N501Y;A570V;D614G;A701V|""""",11,19,B.1.351(Beta),6,2,2021,7,16
EPI_ISL_3587560,"L18F;D80A;D215G;L241-;L242-;A243S;K417N;E484K;N501Y;D614G;A701V|""""",11,19,B.1.351(Beta),2,1,2021,7,16
EPI_ISL_5544074,"A27S;D80A;D215G;L241-;L242-;A243-;K417N;E484K;G496S;N501Y;D614G;A701V;L922F|""""",13,19,B.1.351(Beta),1,1,2021,7,16
EPI_ISL_3154087,"L18F;D80A;D215G;L241-;L242-;A243-;K417N;V483F;E484K;N501Y;D614G;A701V|""""",12,19,B.1.351(Beta),3,2,2021,7,17
EPI_ISL_7570637,"P25L;D80A;D215G;L241-;L242-;A243-;K417N;E484K;N501Y;D614G;E654K;A701V;T859I|""""",13,19,B.1.351(Beta),1,1,2021,7,17
EPI_ISL_7722786,"L18F;D80A;D215G;L241-;L242-;A243-;K417N;E484K;N501Y;D614G;A701V;N710S|""""",12,19,B.1.351(Beta),1,1,2021,7,18
EPI_ISL_7722790,"L18F;D80A;D138Y;D215G;L241-;L242-;A243-;K417N;E484K;N501Y;D614G;A701V;D1118Y|""""",13,19,B.1.351(Beta),1,1,2021,7,18
EPI_ISL_7722781,"L18F;A27S;D80A;D215G;L241-;L242-;A243-;K417N;E484K;N501Y;D614G;A701V;A1016V|""""",13,19,B.1.351(Beta),2,2,2021,7,18
EPI_ISL_3926202,"L18F;D80A;D215G;L241-;L242-;A243-;K417N;E484K;N501Y;D614G;A701V;C1250F|""""",12,19,B.1.351(Beta),4,1,2021,7,19
EPI_ISL_3133068,"T19I;D80A;D215G;L241-;L242-;A243-;K417N;E484K;N501Y;D614G;A701V|""""",11,19,B.1.351(Beta),55,1,2021,7,19
EPI_ISL_12651469,D80A;D215G;K417N;E484K;N501Y;D614G;A701V|521P522,7,19,B.1.351(Beta),1,1,2021,7,19
EPI_ISL_5547434,"A27S;D80A;D215G;L241-;L242-;A243-;K417N;E484K;N501Y;D614G;A701V;K921Q|""""",12,19,B.1.351(Beta),1,1,2021,7,20
EPI_ISL_3663539,"P9L;G75V;C136F;Y145-;R190S;D215G;L242-;A243-;Y449H;E484K;N501Y;D614G;H655Y;N679K;T716I;T859N|""""",16,19,B.1.351(Beta),1,1,2021,7,20
EPI_ISL_4360648,"D80A;D215G;L241-;L242-;A243-;K417N;E484K;N501Y;D614G;E654K;A701V|""""",11,19,B.1.351(Beta),3,2,2021,7,20
EPI_ISL_5543283,"A27S;D80A;D215G;L241-;L242-;A243-;K417N;E484K;N501Y;D614G;A701V;L822F|""""",12,19,B.1.351(Beta),4,2,2021,7,20
EPI_ISL_5547729,"A27S;D80A;D215G;L241-;L242-;A243-;K417N;E484K;N501Y;T604I;D614G;A701V|""""",12,19,B.1.351(Beta),1,1,2021,7,22
EPI_ISL_5547692,"A27S;D80A;D215G;L241-;L242-;A243-;K417N;E484K;N501Y;D614G;P681R;A701V|""""",12,19,B.1.351(Beta),2,2,2021,7,22
EPI_ISL_5544052,"A27S;D80A;D215G;L241-;L242-;A243-;S247N;K417N;E484K;N501Y;D614G;A701V|""""",12,19,B.1.351(Beta),1,1,2021,7,23
EPI_ISL_6698637,"D80A;S98F;D215G;L241-;L242-;A243-;A260D;K417N;E484K;N501Y;D614G;A701V|""""",12,19,B.1.351(Beta),1,1,2021,7,23
EPI_ISL_3203770,"A27S;G75R;D80A;Y145N;D215G;L241-;L242-;A243-;K417N;E484K;N501Y;D614G;A701V|""""",13,19,B.1.351(Beta),3,1,2021,7,23
EPI_ISL_3260799,"L18F;D80A;S98F;D215G;K417N;E484K;N501Y;D614G;A701V|""""",9,19,B.1.351(Beta),1,1,2021,7,23
EPI_ISL_5542796,"A27S;D80A;D215G;L241-;L242-;A243-;K417N;E484K;N501Y;D614G;I624T;A701V|""""",12,19,B.1.351(Beta),1,1,2021,7,25
EPI_ISL_5542583,"A27S;D80A;D215G;L241-;L242-;A243-;K417N;E484K;N501Y;D614G;A701V;V1068A|""""",12,19,B.1.351(Beta),2,2,2021,7,25
EPI_ISL_5542838,"A27S;V70F;D80A;D215G;L241-;L242-;A243-;K417N;E484K;N501Y;D614G;A701V|""""",12,19,B.1.351(Beta),1,1,2021,7,26
EPI_ISL_5544044,"A27S;D80A;D215G;L241-;L242-;A243-;K417N;E484K;N501Y;D614G;A701V;S813I|""""",12,19,B.1.351(Beta),3,1,2021,7,26
EPI_ISL_4096812,"A27S;D80A;D215G;L241-;L242-;A243-;K417N;E484K;N501Y;D614G;A701V;I1179L|""""",12,19,B.1.351(Beta),1,1,2021,7,26
EPI_ISL_5547524,"A27S;D80A;L118F;D215G;L241-;L242-;A243-;K417N;E484K;N501Y;D614G;A701V|""""",12,19,B.1.351(Beta),1,1,2021,7,26
EPI_ISL_5546818,"D80A;D215G;L241-;L242-;A243-;K417N;L452R;T478K;D614G;A701V|""""",10,19,B.1.351(Beta),3,1,2021,7,27
EPI_ISL_5544114,"A27S;D80A;D215G;L241-;L242-;A243-;K417N;E484K;N501Y;D614G;T678I;A701V|""""",12,19,B.1.351(Beta),1,1,2021,7,27
EPI_ISL_3315184,"D80A;Y145-;S151I;W152L;D215G;L241-;L242-;A243-;K417N;E484K;N501Y;D614G;A701V;G1167R|""""",14,19,B.1.351(Beta),2,1,2021,7,28
EPI_ISL_3315181,"D80A;Y145-;W152L;D215G;L241-;L242-;A243-;K417N;E484K;N501Y;D614G;A701V;G1167R|""""",13,19,B.1.351(Beta),13,1,2021,7,28
EPI_ISL_5544042,"A27S;D80A;D215G;L241-;L242-;A243-;K417N;E484K;N501Y;E583D;D614G;A701V|""""",12,19,B.1.351(Beta),1,1,2021,7,28
EPI_ISL_3315296,"L18F;D80A;L241-;L242-;A243-;E484K;N501Y;D614G;A701V|""""",9,19,B.1.351(Beta),2,1,2021,7,29
EPI_ISL_5544026,"A27S;D80A;D215G;L241-;L242-;A243-;K417N;E484K;N501Y;D614G;A701V;A879S|""""",12,19,B.1.351(Beta),1,1,2021,7,29
EPI_ISL_3315252,"D80A;L241-;L242-;A243-;K417N;E484K;N501Y;D614G;A701V|""""",9,19,B.1.351(Beta),69,4,2021,7,29
EPI_ISL_3315330,"D80A;D215G;L241-;L242-;A243-;K417N;E484K;N501Y;D614G;A701V;A845S|""""",11,19,B.1.351(Beta),195,1,2021,7,30
EPI_ISL_3315307,"L241-;L242-;A243-;E484K;N501Y;D614G|""""",6,19,B.1.351(Beta),5,1,2021,7,30
EPI_ISL_3315335,"D80A;L241-;L242-;A243-;N501Y;D614G;A701V|""""",7,19,B.1.351(Beta),7,1,2021,7,30
EPI_ISL_9373292,"D80A;D215G;L241-;L242-;A243-;K417N;E484K;N501Y;D614G;A701V;S704L|""""",11,19,B.1.351(Beta),4,1,2021,7,30
EPI_ISL_5543985,"A27S;D80A;M177I;D215G;L241-;L242-;A243-;K417N;E484K;N501Y;D614G;P681R;A701V|""""",13,19,B.1.351(Beta),1,1,2021,7,30
EPI_ISL_3315331,"L18F;D80A;L241-;L242-;A243-;K417N;E484K;N501Y;D614G;A701V;D1260Y|""""",11,19,B.1.351(Beta),9,1,2021,7,30
EPI_ISL_3315334,"L18F;D80A;L241-;L242-;A243-;K417N;N501Y;D614G|""""",8,19,B.1.351(Beta),3,1,2021,7,30
EPI_ISL_3315314,"L18F;D80A;L241-;L242-;A243-;K417N;E484K;D614G|""""",8,19,B.1.351(Beta),2,1,2021,7,30
EPI_ISL_3315336,"D80A;L241-;L242-;A243-;G446V;N501Y;D614G|""""",7,19,B.1.351(Beta),2,1,2021,7,30
EPI_ISL_3315301,"L18F;L241-;L242-;A243-;N501Y;D614G;P681R;D936N;S939F|""""",9,19,B.1.351(Beta),2,1,2021,7,30
EPI_ISL_3315329,"D80A;L241-;L242-;A243-;K417N;E484K;N501Y;D614G|""""",8,19,B.1.351(Beta),2,1,2021,7,30
EPI_ISL_3315316,"L18F;D80A;I210T;D215G;L241-;L242-;A243-;K417N;E484K;N501Y;D614G;A701V|""""",12,19,B.1.351(Beta),2,1,2021,7,30
EPI_ISL_3315323,"L18F;D80A;L241-;L242-;A243-;E484K;N501Y;D614G|""""",8,19,B.1.351(Beta),4,2,2021,7,30
EPI_ISL_3315306,"L18F;D80A;L241-;L242-;A243-;K417N;E484K;N501Y;D614G|""""",9,19,B.1.351(Beta),3,1,2021,7,30
EPI_ISL_3315320,"L18F;G75S;D80A;L241-;L242-;A243-;E484K;N501Y;D614G|""""",9,19,B.1.351(Beta),2,1,2021,7,30
EPI_ISL_3315304,"D215G;L241-;L242-;A243-;N501Y;D614G|""""",6,19,B.1.351(Beta),2,1,2021,7,30
EPI_ISL_3315318,"L18F;D80A;L241-;L242-;A243-;P384L;K417N;E484K;N501Y;D614G;A701V|""""",11,19,B.1.351(Beta),3,1,2021,7,30
EPI_ISL_3315302,"L18F;D80A;L241-;L242-;A243-;E484K;N501Y;D614G;D1260Y|""""",9,19,B.1.351(Beta),2,1,2021,7,30
EPI_ISL_3315319,"L18F;D80A;L241-;L242-;A243-;E484K;D614G|""""",7,19,B.1.351(Beta),2,1,2021,7,30
EPI_ISL_3315328,"L18F;L241-;L242-;A243-;K417N;N501Y;D614G|""""",7,19,B.1.351(Beta),2,1,2021,7,30
EPI_ISL_3315321,"L18F;D80A;L241-;L242-;A243-;K417N;Y489C;N501Y;D614G|""""",9,19,B.1.351(Beta),2,1,2021,7,30
EPI_ISL_3315299,"D80A;L241-;L242-;A243-;E484K;N501Y;D614G;D950N|""""",8,19,B.1.351(Beta),2,1,2021,7,30
EPI_ISL_3315310,"D80A;L241-;L242-;A243-;K417N;E484K;N501Y;D614G;D1260Y|""""",9,19,B.1.351(Beta),2,1,2021,7,30
EPI_ISL_3315315,"L18F;D80A;H146Y;I210T;L241-;L242-;A243-;K417N;E484K;N501Y;D614G|""""",11,19,B.1.351(Beta),2,1,2021,7,30
EPI_ISL_3315317,"L18F;D80A;L241-;L242-;A243-;G252V;K417N;E484K;N501Y;D614G;A701V|""""",11,19,B.1.351(Beta),2,1,2021,7,30
EPI_ISL_3315300,"D80A;L241-;L242-;A243-;E484K;N501Y;D614G|""""",7,19,B.1.351(Beta),3,1,2021,7,30
EPI_ISL_9372931,"L18F;D80A;D215G;L241-;L242-;A243-;K417N;E484K;N501Y;D614G;A701V;I1114T|""""",12,19,B.1.351(Beta),1,1,2021,7,30
EPI_ISL_9371968,"D80A;D215G;L241-;L242-;A243-;K417N;E484K;N501Y;D614G;A701V;P807L|""""",11,19,B.1.351(Beta),2,1,2021,7,30
EPI_ISL_9372409,"D80A;D215G;L241-;L242-;A243-;K417N;E484K;N501Y;D614G;A701V;V705F|""""",11,19,B.1.351(Beta),1,1,2021,7,30
EPI_ISL_9370672,"L5F;D80A;D215G;L241-;L242-;A243-;K417N;E484K;N501Y;D614G;A701V|""""",11,19,B.1.351(Beta),71,1,2021,7,31
EPI_ISL_5547415,"A27S;D80A;N188T;D215G;L241-;L242-;A243-;K417N;E484K;N501Y;D614G;A701V|""""",12,19,B.1.351(Beta),1,1,2021,7,31
EPI_ISL_4730425,"A27S;D80A;D215G;L241-;L242-;A243-;K417N;E484K;N501Y;D614G;A701V;M1229I|""""",12,20,B.1.351(Beta),1,1,2021,8,1
EPI_ISL_9370468,"L18F;D80A;D215G;L241-;L242-;A243-;K417N;E484K;N501Y;D614G;A701V|""""",11,20,B.1.351(Beta),2905,41,2021,8,2
EPI_ISL_9370744,"D80A;D215G;L241-;L242-;A243-;K417N;E484K;N501Y;D614G;S689R;A701V|""""",11,20,B.1.351(Beta),68,18,2021,8,2
EPI_ISL_4558238,"A27S;D80A;D215G;L241-;L242-;A243-;K417N;E484K;N501Y;D614G;A701V|""""",11,20,B.1.351(Beta),401,7,2021,8,2
EPI_ISL_3604114,"L18F;P25L;D80A;D215G;L241-;L242-;A243-;K417N;E484K;N501Y;D614G;A701V|""""",12,20,B.1.351(Beta),4,2,2021,8,2
EPI_ISL_12954142,"P9L;P25L;C136F;Y145-;W152R;R190S;D215G;L242-;A243-;Y449H;T478K;E484K;N501Y;D614G;H655Y;N679K;T716I;T859N;A879T|""""",19,20,B.1.351(Beta),10,3,2021,8,2
EPI_ISL_5547481,"A27S;G75R;D80A;Y145N;D215G;L241-;L242-;A243-;K417N;E484K;N501Y;D614G;A701V|""""",13,20,B.1.351(Beta),3,1,2021,8,3
EPI_ISL_3716769,"L18F;D80A;D215G;L241-;L242-;A243-;K417N;E484K;N501Y;D614G;A701V;C1250F|""""",12,20,B.1.351(Beta),4,2,2021,8,3
EPI_ISL_6327942,"P9L;C136F;Y145-;R190S;D215G;L242-;A243-;Y449H;E484K;N501Y;D614G;H655Y;N679K;T716I;T859N|""""",15,20,B.1.351(Beta),13,3,2021,8,3
EPI_ISL_6779502,"D80A;D215G;L241-;L242-;A243-;K417N;E484K;N501Y;D614G;S689R;A701V;G946V|""""",12,20,B.1.351(Beta),39,8,2021,8,3
EPI_ISL_3365200,"A27S;D80A;D215G;L241-;L242-;A243-;K417N;E484K;N501Y;D614G;A701V;G769V;V976G|""""",13,20,B.1.351(Beta),2,2,2021,8,3
EPI_ISL_9371496,"L18F;D80A;D215G;L241-;L242-;A243-;K417N;E484K;N501Y;D614G;A701V;I934V;E1207A|""""",13,20,B.1.351(Beta),1,1,2021,8,4
EPI_ISL_9371473,"L18F;D80A;D215G;L241-;L242-;A243-;K417N;E484K;N501Y;D614G;A701V;P809S|""""",12,20,B.1.351(Beta),6,2,2021,8,4
EPI_ISL_9370464,"L18F;D80A;D215G;L241-;L242-;A243-;K417N;E484K;N501Y;D614G;A701V;I934V|""""",12,20,B.1.351(Beta),53,11,2021,8,4
EPI_ISL_9371574,"D80A;D215G;L241-;L242-;A243-;K417N;E484K;N501Y;D614G;A701V|""""",10,20,B.1.351(Beta),2847,23,2021,8,4
EPI_ISL_3402615,"D80A;L241-;L242-;A243-;K417N;E484K;N501Y;D614G;A701V|""""",9,20,B.1.351(Beta),69,4,2021,8,5
EPI_ISL_9370671,"L18F;D80A;D215G;L241-;L242-;A243-;K417N;E484K;N501Y;D614G;A701V;A1070V|""""",12,20,B.1.351(Beta),1,1,2021,8,5
EPI_ISL_5603137,"P9L;P25L;C136F;Y145-;R190S;D215G;L242-;A243-;Y449H;T478K;E484K;N501Y;D614G;H655Y;N679K;T716I;T859N;H1101Q|""""",18,20,B.1.351(Beta),4,2,2021,8,5
EPI_ISL_5547374,"A27S;D80A;D215G;L241-;L242-;A243-;K417N;E484K;N501Y;D614G;A701V;D737E|""""",12,20,B.1.351(Beta),2,2,2021,8,6
EPI_ISL_3574456,"L18F;A67V;D80A;D215G;L241-;L242-;A243-;K417N;E484K;N501Y;D614G;A701V|""""",12,20,B.1.351(Beta),222,2,2021,8,6
EPI_ISL_9370827,"D80A;D215G;L241-;L242-;A243-;K417N;E484K;N501Y;D614G;A701V;S704L|""""",11,20,B.1.351(Beta),4,2,2021,8,7
EPI_ISL_6327850,"P9L;P25L;C136F;Y145-;R190S;D215G;L242-;A243-;P384L;Y449H;E484K;N501Y;D614G;H655Y;N679K;T716I;T859N|""""",17,20,B.1.351(Beta),4,1,2021,8,9
EPI_ISL_14666766,"L18F;D80A;S98F;Y144N;D215G;L241-;L242-;A243-;K417N;T478K;E484K;F490V;N501Y;D614G;P681H;A701V;Q762H;T883I;L1034I|""""",19,20,B.1.351(Beta),1,1,2021,8,10
EPI_ISL_10640551,"D80A;D215G;L241-;L242-;A243-;K417N;E484K;N501Y;D614G;A701V;S813I|""""",11,20,B.1.351(Beta),9,1,2021,8,10
EPI_ISL_9372140,"L18F;D80A;D215G;L241-;L242-;A243-;K417N;E484K;N501Y;D614G;A701V;V1065L|""""",12,20,B.1.351(Beta),12,3,2021,8,11
EPI_ISL_5555957,"A27S;D80A;D215G;L241-;L242-;A243-;K417N;L452R;T478K;D614G;A701V;Q1208H|""""",12,20,B.1.351(Beta),1,1,2021,8,11
EPI_ISL_5558848,"A27S;D80A;D215G;L241-;L242-;A243-;K417N;E484K;N501Y;D614G;A701V;S939F|""""",12,20,B.1.351(Beta),1,1,2021,8,12
EPI_ISL_9370407,"D80A;R190K;D215G;L241-;L242-;A243-;K417N;E484K;N501Y;D614G;S689R;A701V;G946V|""""",13,20,B.1.351(Beta),1,1,2021,8,12
EPI_ISL_4572846,"P9L;C136F;Y145-;R190S;D215G;L242-;A243-;Y449H;E484K;N501Y;D614G;H655Y;I670L;N679K;T716I;T859N|""""",16,20,B.1.351(Beta),1,1,2021,8,12
EPI_ISL_9372115,"L5F;L18F;D80A;D215G;L241-;L242-;A243-;K417N;E484K;N501Y;D614G;A701V|""""",12,20,B.1.351(Beta),110,1,2021,8,13
EPI_ISL_9373945,"L18F;D80A;D215G;L241-;L242-;A243-;K417N;A475V;S477N;E484K;N501Y;D614G;A701V;I934V|""""",14,20,B.1.351(Beta),1,1,2021,8,13
EPI_ISL_10640543,"D80A;G142D;E156G;F157-;R158-;L241-;L242-;A243-;K417N;E484K;N501Y;D614G;A701V;D950N|""""",14,20,B.1.351(Beta),1,1,2021,8,14
EPI_ISL_9370280,"D80A;D215G;L241-;L242-;A243-;K417N;E484K;N501Y;D614G;A701V;P807L|""""",11,20,B.1.351(Beta),2,1,2021,8,16
EPI_ISL_9370539,"D80A;D215G;L241-;L242-;A243-;K417N;E484K;N501Y;D614G;A701V;P807L;K1255E|""""",12,20,B.1.351(Beta),1,1,2021,8,16
EPI_ISL_5558804,"A27S;D80A;D138Y;D215G;L241-;L242-;A243-;K417N;E484K;N501Y;D614G;A701V|""""",12,20,B.1.351(Beta),3,1,2021,8,18
EPI_ISL_5558783,"A27S;D80A;D215G;L241-;L242-;A243-;K417N;E484K;N501Y;D614G;V622A;A623S;A701V|""""",13,20,B.1.351(Beta),1,1,2021,8,18
EPI_ISL_5587858,"R21T;A27S;D80A;D215G;L241-;L242-;A243-;K417N;E484K;N501Y;D614G;A701V|""""",12,20,B.1.351(Beta),2,1,2021,8,19
EPI_ISL_4399972,"A27S;D80A;D215G;L241-;L242-;A243-;K417N;E484K;N501Y;D614G;N658Y;V687I;A701V|""""",13,20,B.1.351(Beta),1,1,2021,8,19
EPI_ISL_5562216,"A27S;D80A;R102S;D215G;L241-;L242-;A243-;K417N;L452R;T478K;D614G;S698L;A701V|""""",13,20,B.1.351(Beta),1,1,2021,8,20
EPI_ISL_4393511,"D80A;M153I;D215G;L241-;L242-;A243-;K417N;E484K;N501Y;D614G;S689R;A701V;G946V|""""",13,20,B.1.351(Beta),1,1,2021,8,23
EPI_ISL_13104242,"D80A;S98F;D215G;L241-;L242-;A243-;K417N;E484K;N501Y;D614G;A701V|""""",11,20,B.1.351(Beta),2,1,2021,8,23
EPI_ISL_5099194,"C136F;Y145-;R190S;D215G;L242-;A243-;Y449H;E484K;N501Y;D614G;H655Y;N679K;T716I;T859N|""""",14,20,B.1.351(Beta),2,1,2021,8,24
EPI_ISL_4853972,"Q23E;A27S;D80A;D215G;L241-;L242-;A243-;K417N;E484K;N501Y;D614G;A701V;M1229I|""""",13,20,B.1.351(Beta),1,1,2021,8,25
EPI_ISL_5099172,"P25L;C136F;Y145-;W152R;R190S;D215G;L242-;A243-;Y449H;T478K;E484K;N501Y;D614G;H655Y;N679K;T716I;T859N;A879T|""""",18,20,B.1.351(Beta),1,1,2021,8,27
EPI_ISL_9372860,"D80A;D215G;L241-;L242-;A243-;K417N;E484K;N501Y;A570V;D614G;A701V|""""",11,20,B.1.351(Beta),6,4,2021,8,27
EPI_ISL_4331663,"L18F;D80A;D215G;L241-;L242-;A243-;K417N;E484K;N501Y;D614G;Q675H;A701V|""""",12,20,B.1.351(Beta),19,1,2021,8,27
EPI_ISL_3954939,"A27S;D80A;T95I;D215G;L241-;L242-;A243-;K417N;E484K;N501Y;D614G;P681H;E1092K;H1101Y;V1176F|""""",15,20,B.1.351(Beta),1,1,2021,8,28
EPI_ISL_13782462,"L18F;D80A;D215G;L241-;L242-;A243-;G261R;K417N;E484K;N501Y;D614G;R685H;A701V|""""",13,20,B.1.351(Beta),1,1,2021,8,31
EPI_ISL_9372145,"L18F;D80A;D215G;L241-;L242-;A243-;K417N;E484K;N501Y;D614G;A701V|""""",11,21,B.1.351(Beta),2905,13,2021,9,1
EPI_ISL_4968418,"P9L;P25L;C136F;Y145-;R190S;D215G;L242-;A243-;Y449H;T478K;E484K;N501Y;D614G;H655Y;N679K;T716I;T859N;H1101Q|""""",18,21,B.1.351(Beta),4,2,2021,9,1
EPI_ISL_4728342,"A27S;D80A;D215G;L241-;L242-;A243-;K417N;E484K;N501Y;D614G;Q677H;A701V|""""",12,21,B.1.351(Beta),7,3,2021,9,1
EPI_ISL_9371090,"L18F;D80A;D215G;L241-;L242-;A243-;K417N;E484K;N501Y;D614G;A701V;I934V|""""",12,21,B.1.351(Beta),53,1,2021,9,1
EPI_ISL_9373123,"D80A;D215G;L241-;L242-;A243-;K417N;E484K;N501Y;D614G;A701V|""""",10,21,B.1.351(Beta),2847,7,2021,9,3
EPI_ISL_5099171,"P25L;C136F;Y145-;R190S;D215G;L242-;A243-;Y449H;T478K;E484K;N501Y;D614G;H655Y;N679K;T716I;T859N;H1101Q|""""",17,21,B.1.351(Beta),1,1,2021,9,3
EPI_ISL_4884442,"P9L;P25L;C136F;Y145-;R190S;D215G;L242-;A243-;P384L;Y449H;E484K;N501Y;D614G;H655Y;N679K;T716I;T859N|""""",17,21,B.1.351(Beta),4,2,2021,9,6
EPI_ISL_6774032,"A27S;D80A;D215G;L241-;L242-;A243-;K417N;E484K;N501Y;D614G;A701V|""""",11,21,B.1.351(Beta),401,2,2021,9,7
EPI_ISL_5917927,"P9L;T95I;C136F;Y145-;R190S;D215G;L242-;A243-;Y449H;E484K;N501Y;D614G;H655Y;N679K;T716I;T859N|""""",16,21,B.1.351(Beta),1,1,2021,9,7
EPI_ISL_5540191,"P9L;C136F;Y145-;R190S;D215G;L242-;A243-;Y449H;E484K;N501Y;D614G;H655Y;N679K;T716I;T859N|""""",15,21,B.1.351(Beta),13,2,2021,9,9
EPI_ISL_9372485,"D80A;D215G;L241-;L242-;A243-;K417N;E484K;N501Y;D614G;S689R;A701V;G946V|""""",12,21,B.1.351(Beta),39,1,2021,9,10
EPI_ISL_5098934,"C136F;Y145-;R190S;D215G;L242-;A243-;Y449H;E484K;N501Y;D614G;H655Y;N679K;T716I;T859N|""""",14,21,B.1.351(Beta),2,1,2021,9,13
EPI_ISL_9373110,"D80A;D215G;L241-;L242-;A243-;K417N;E484K;N501Y;D614G;S689R;A701V|""""",11,21,B.1.351(Beta),68,3,2021,9,17
EPI_ISL_5195381,"L18F;D80A;D138Y;D215G;L241-;L242-;A243-;K417N;E484K;N501Y;D614G;A701V|""""",12,21,B.1.351(Beta),7,1,2021,9,21
EPI_ISL_6308257,"P9L;C136F;Y145-;R190S;D215G;L242-;A243-;Y449H;E484K;N501Y;D614G;H655Y;N679K;T716I;T859N|""""",15,22,B.1.351(Beta),13,1,2021,10,8
EPI_ISL_10878448,"P9L;P25L;C136F;Y145-;W152R;R190S;D215G;L242-;A243-;Y449H;T478K;E484K;N501Y;D614G;H655Y;N679K;T716I;T859N;A879T|""""",19,22,B.1.351(Beta),10,3,2021,10,10
EPI_ISL_5430264,"D80A;D215G;L241-;L242-;A243-;K417N;E484K;N501Y;E516Q;D614G;A701V|""""",11,22,B.1.351(Beta),71,1,2021,10,11
EPI_ISL_5469551,"L18F;D80A;D215G;L241-;L242-;A243-;K417N;E484K;N501Y;D614G;A701V|""""",11,22,B.1.351(Beta),2905,2,2021,10,12
EPI_ISL_5469561,"L18F;D80A;D215G;L241-;L242-;A243-;K417N;E484K;N501Y;D614G;A701V;A1020V|""""",12,22,B.1.351(Beta),4,1,2021,10,12
EPI_ISL_6699711,"P25S;D80A;L141-;G142-;V143-;D215G;L241-;L242-;A243-;R346T;K417N;V483F;E484K;N501Y;D614G;A701V|""""",16,22,B.1.351(Beta),1,1,2021,10,20
EPI_ISL_6436401,"P9L;P25L;C136F;Y145-;R190S;D215G;L242-;A243-;Y449H;T478K;E484K;N501Y;D614G;T630A;H655Y;N679K;T716I;T859N;H1101Q|""""",19,22,B.1.351(Beta),1,1,2021,10,21
EPI_ISL_6751445,"D80A;D215G;L241-;L242-;A243-;K417N;E484K;N501Y;D614G;A701V|""""",10,22,B.1.351(Beta),2847,1,2021,10,27
EPI_ISL_6774035,"A27S;D80A;D215G;L241-;L242-;A243-;K417N;E484K;N501Y;D614G;A701V|""""",11,22,B.1.351(Beta),401,1,2021,10,28
EPI_ISL_8025562,"D80A;D215G;L241-;L242-;A243-;K417N;E484K;N501Y;D614G;A701V|""""",10,23,B.1.351(Beta),2847,6,2021,11,4
EPI_ISL_6774033,"A27S;D80A;D215G;L241-;L242-;A243-;K417N;E484K;N501Y;D614G;A701V|""""",11,23,B.1.351(Beta),401,1,2021,11,5
EPI_ISL_6585204,"P9L;P25L;C136F;Y145-;R190S;D215G;L242-;A243-;P384L;Y449H;E484K;N501Y;D614G;H655Y;N679K;T716I;T859N|""""",17,23,B.1.351(Beta),4,1,2021,11,5
EPI_ISL_6585202,"P9L;P25L;C136F;Y145-;W152R;R190S;D215G;L242-;A243-;Y449H;T478K;E484K;N501Y;D614G;H655Y;N679K;T716I;T859N;A879T|""""",19,23,B.1.351(Beta),10,2,2021,11,8
EPI_ISL_6585226,"P9L;P25L;W64L;C136F;Y145-;W152R;R190S;D215G;L242-;A243-;Y449H;T478K;E484K;N501Y;D614G;H655Y;N679K;T716I;T859N;A879T|""""",20,23,B.1.351(Beta),1,1,2021,11,9
EPI_ISL_7091320,"L18F;D80A;D215G;L241-;L242-;A243-;K417N;E484K;N501Y;D614G;R682Q;A701V|""""",12,23,B.1.351(Beta),6,1,2021,11,11
EPI_ISL_11261299,"L18F;D80A;D215G;L241-;L242-;A243-;T323I;K417N;E484K;N501Y;D614G;A701V|""""",12,23,B.1.351(Beta),3,3,2021,11,24
EPI_ISL_9487344,"L5F;L18F;D80A;D215G;Q218H;L241-;L242-;A243-;K417N;E484K;N501Y;D614G;H625Y;A701V|""""",14,23,B.1.351(Beta),2,2,2021,11,24
EPI_ISL_11248922,"L18F;D80A;D215G;L241-;L242-;A243-;K417N;E484K;N501Y;D614G;A701V|""""",11,23,B.1.351(Beta),2905,1,2021,11,29
EPI_ISL_8767047,"D215G;L241-;L242-;A243-;K417N;L452R;T478K;D614G;P681R;D950N|""""",10,23,B.1.351(Beta),1,1,2021,11,29
EPI_ISL_8957611,"P9L;S12F;P25L;C136F;Y145-;R190S;D215G;L242-;A243-;N440K;Y449H;E484K;N501Y;D614G;H655Y;P681H;T716I;T859N;D936H|""""",19,23,B.1.351(Beta),1,1,2021,11,30
EPI_ISL_7883663,"P9L;P25L;C136F;Y145-;W152R;R190S;D215G;L242-;A243-;Y449H;T478K;E484K;N501Y;D614G;H655Y;N679K;T716I;T859N;A879T|""""",19,24,B.1.351(Beta),10,2,2021,12,1
EPI_ISL_7545672,"L5F;D80A;T95N;R102S;N211K;L212-;D215G;L241-;L242-;A243-;R346G;K417N;E484K;N501Y;D614G;P681R;A701V;N764K|""""",18,24,B.1.351(Beta),1,1,2021,12,2
EPI_ISL_7951092,"L18F;D80A;D215G;T240-;L241-;L242-;K417N;E484K;N501Y;Y505H;D614G;A701V;R905C;T1105P|""""",14,24,B.1.351(Beta),1,1,2021,12,9
EPI_ISL_8376888,"D80A;D215G;L241-;L242-;A243-;P384L;K417N;E484K;N501Y;D614G;A701V;Q1142L|""""",12,24,B.1.351(Beta),2,2,2021,12,14
EPI_ISL_7876524,"D80A;S98F;D215G;L241-;L242-;A243-;L244-;H245-;R246-;S247-;Y248F;A260D;K417N;E484K;F490Y;N501Y;D614G;A701V|""""",18,24,B.1.351(Beta),1,1,2021,12,23
EPI_ISL_17276098,"D80A;S98F;D215G;L241-;L242-;A243-;A260D;K417N;V483F;E484K;N501Y;D614G;A701V|""""",13,24,B.1.351(Beta),1,1,2021,12,23
EPI_ISL_10856889,"L18F;D80A;D215G;L242-;A243P;K417N;E484K;N501Y;D614G;A701V|""""",10,25,B.1.351(Beta),12,2,2022,1,16
EPI_ISL_11111439,"D80A;D215G;L241-;L242-;A243-;V308I;K417N;E484K;N501Y;D614G;A701V|""""",11,26,B.1.351(Beta),1,1,2022,2,14
EPI_ISL_11542488,"D80A;D215G;L241-;L242-;A243-;R246I;K417N;E484K;N501Y;D614G;A701V|""""",11,26,B.1.351(Beta),1,1,2022,2,20
EPI_ISL_11614636,"L18F;D80A;D215G;L241-;L242-;A243-;K417N;E484K;N501Y;D614G;R682Q;A701V|""""",12,27,B.1.351(Beta),6,1,2022,3,15
EPI_ISL_17979965,"D80A;D215G;L241-;L242-;A243-;K417N;E484K;N501Y;D614G;A701V;D936N|""""",11,27,B.1.351(Beta),13,1,2022,3,18
EPI_ISL_13166764,"D80A;D215G;L241-;L242-;A243-;K417N;E484K;N501Y;D614G;A701V|""""",10,29,B.1.351(Beta),2847,1,2022,5,24
EPI_ISL_15137335,"D80A;D215G;L241-;L242-;A243-;K417N;E484K;N501Y;D614G;A701V|""""",10,33,B.1.351(Beta),2847,1,2022,9,8
EPI_ISL_16007590,"L18F;D80A;D215G;L241-;L242-;A243-;K417N;E484K;N501Y;D614G;A701V|""""",11,35,B.1.351(Beta),2905,1,2022,11,1
EPI_ISL_17446142,"D80A;D215G;K417N;E484K;N501Y;D614G;A701V|""""",7,38,B.1.351(Beta),51,1,2023,2,15
EPI_ISL_18340387,"L18F;D80A;D215G;L241-;L242-;A243-;K417N;E484K;N501Y;D614G;A701V|""""",11,44,B.1.351(Beta),2905,1,2023,8,28
EPI_ISL_18340392,"L18F;D80A;D215G;L241-;L242-;A243-;K417N;N501Y;D614G;A701V|""""",10,44,B.1.351(Beta),12,1,2023,8,28
EPI_ISL_3845304,"L18F;D215G;L241-;L242-;A243-;K417N;D614G|""""",7,18,B.1.351(Beta),1,1,2021,6,15
EPI_ISL_5142896,"D80A;D215G;L241-;L242-;A243-;K417N;E484K;N501Y;D614G;A701V|""""",10,20,B.1.351(Beta),2847,1,2021,8,28
EPI_ISL_712081,"D80A;L241-;L242-;A243-;R246I;K417N;E484K;N501Y;D614G;A701V|""""",10,22,B.1.351(Beta),21,5,2021,10,8
EPI_ISL_2447809,"D80A;D215H;L241-;L242-;A243-;K417N;E484K;N501Y;D614G;A701V|""""",10,22,B.1.351(Beta),2,1,2021,10,14
EPI_ISL_2447805,"D80A;D215G;L241-;L242-;A243-;K417N;E484K;N501Y;D614G;A701V|""""",10,22,B.1.351(Beta),2847,5,2021,10,14
EPI_ISL_2360937,"L18F;H66R;D80A;D215G;L241-;L242-;A243-;K417N;E484K;N501Y;D614G;Q677H;R682W;A701V|""""",14,22,B.1.351(Beta),3,3,2021,10,22
EPI_ISL_700450,"L18F;D80A;D215G;L241-;L242-;A243-;S305T;K417N;E484K;N501Y;D614G;A701V|""""",12,22,B.1.351(Beta),1,1,2021,10,22
