EPI_ID,substitution info|insertion info,substitution number,MonthIndex,class,AllFreq,MonthlyFreq,Year,Month,Day
EPI_ISL_19146523,T19I;R21T;L24-;P25-;P26-;A27S;S50L;H69-;V70-;V127F;G142D;Y145-;F157S;R158G;N211-;L212I;V213G;L216F;H245N;A264D;I332V;G339H;R346T;K356T;S371F;S373P;S375F;T376A;R403K;D405N;R408S;K417N;N440K;V445H;G446S;N450D;L452W;L455S;F456L;N460K;S477N;T478K;N481K;V483-;E484K;F486P;Q498R;N501Y;Y505H;E554K;A570V;D614G;P621S;H655Y;N679K;P681R;N764K;D796Y;S939F;Q954H;N969K;V1104L;P1143L|16MPLF17,63,49,KP.2,1105,2,2024,1,13
EPI_ISL_18923611,T19I;R21T;L24-;P25-;P26-;A27S;S50L;H69-;V70-;V127F;G142D;Y145-;F157S;R158G;K182N;N211-;L212I;V213G;L216F;H245N;A264D;I332V;G339H;R346T;K356T;S371F;S373P;S375F;T376A;R403K;D405N;R408S;K417N;N440K;V445H;G446S;N450D;L452W;L455S;F456L;N460K;S477N;T478K;N481K;V483-;E484K;F486P;Q498R;N501Y;Y505H;E554K;A570V;D614G;P621S;H655Y;N679K;P681R;N764K;D796Y;S939F;Q954H;N969K;K1086R;V1104L;P1143L|16MPLF17,65,49,KP.2,228,1,2024,1,27
EPI_ISL_19194758,L5F;T19I;R21T;L24-;P25-;P26-;A27S;S50L;H69-;V70-;V127F;G142D;Y145-;F157S;R158G;N211-;L212I;V213G;L216F;H245N;A264D;I332V;G339H;R346T;K356T;S371F;S373P;S375F;T376A;R403K;D405N;R408S;K417N;N440K;V445H;G446S;N450D;L452W;L455S;F456L;N460K;S477N;T478K;N481K;V483-;E484K;F486P;Q498R;N501Y;Y505H;E554K;A570V;D614G;P621S;H655Y;N679K;P681R;N764K;D796Y;S939F;Q954H;N969K;V1104L;P1143L|16MPLF17,64,49,KP.2,4,1,2024,1,28
EPI_ISL_19176300,T19I;R21T;L24-;P25-;P26-;A27S;S50L;H69-;V70-;V127F;G142D;Y145-;H146Q;F157S;R158G;N211-;L212I;V213G;L216F;H245N;A264D;I332V;G339H;R346T;K356T;S371F;S373P;S375F;T376A;R403K;D405N;R408S;K417N;N440K;V445H;G446S;N450D;L452W;L455S;F456L;N460K;S477N;T478K;N481K;V483-;E484K;F486P;Q498R;N501Y;Y505H;E554K;A570V;D614G;P621S;H655Y;P681R;N764K;D796Y;S939F;Q954H;N969K;V1104L;P1143L|16MPLF17,63,49,KP.2,1,1,2024,1,31
EPI_ISL_18933442,T19I;R21T;L24-;P25-;P26-;A27S;S50L;H69-;V70-;V127F;G142D;Y145-;F157S;R158G;K187R;N211-;L212I;V213G;L216F;H245N;A264D;I332V;G339H;R346T;K356T;S371F;S373P;S375F;T376A;R403K;D405N;R408S;K417N;N440K;V445H;G446S;N450D;L452W;L455S;F456L;N460K;S477N;T478K;N481K;V483-;E484K;F486P;Q498R;N501Y;Y505H;E554K;A570V;D614G;P621S;H655Y;N679K;P681R;N764K;D796Y;S939F;Q954H;N969K;V1104L;P1143L|16MPLF17,64,50,KP.2,41,4,2024,2,2
EPI_ISL_18948544,"T19I;R21T;L24-;P25-;P26-;A27S;S50L;H69-;V70-;V127F;G142D;Y145-;F157S;R158G;N211-;L212I;V213G;L216F;H245N;A264D;I332V;G339H;R346T;K356T;S371F;S373P;S375F;T376A;R403K;D405N;R408S;K417N;N440K;V445H;G446S;N450D;L452W;L455S;F456L;N460K;S477N;T478K;N481K;V483-;E484K;F486P;Q498R;N501Y;Y505H;E554K;A570V;D614G;P621S;H655Y;N679K;P681R;N764K;D796Y;S939F;Q954H;N969K;V1104L;P1143L|""""",63,50,KP.2,128,3,2024,2,4
EPI_ISL_19146515,T19I;R21T;L24-;P25-;P26-;A27S;S50L;H69-;V70-;V127F;G142D;Y145-;F157S;R158G;N211-;L212I;V213G;L216F;H245N;A264D;I332V;G339H;R346T;K356T;S371F;S373P;S375F;T376A;R403K;D405N;R408S;K417N;N440K;V445H;G446S;N450D;L452W;L455S;F456L;N460K;S477N;T478K;N481K;V483-;E484K;F486P;Q498R;N501Y;Y505H;E554K;A570V;D614G;P621S;H655Y;N679K;P681R;N764K;D796Y;S939F;Q954H;N969K;K1086R;V1104L;P1143L|16MPLF17,64,50,KP.2,264,12,2024,2,6
EPI_ISL_19170220,"R21T;L24-;P25-;P26-;A27S;S50L;H69-;V70-;V127F;G142D;Y145-;F157S;R158G;N211-;L212I;V213G;H245N;A264D;I332V;G339H;R346T;K356T;S371F;S373P;S375F;T376A;R403K;D405N;R408S;K417N;N440K;V445H;G446S;N450D;L452W;L455S;F456L;N460K;S477N;T478K;N481K;V483-;E484K;F486P;Q498R;N501Y;Y505H;E554K;A570V;D614G;P621S;H655Y;N679K;P681R;N764K;D796Y;Q954H;N969K;V1104L;P1143L|""""",60,50,KP.2,1,1,2024,2,8
EPI_ISL_18912216,T19I;R21T;L24-;P25-;P26-;A27S;S50L;H69-;V70-;V127F;G142D;Y145-;F157S;R158G;N211-;L212I;V213G;L216F;H245N;A264D;I332V;G339H;R346T;K356T;S371F;S373P;S375F;T376A;R403K;D405N;R408S;K417N;N440K;V445H;G446S;N450D;L452W;L455S;F456L;N460K;S477N;T478K;N481K;V483-;E484K;F486P;Q498R;N501Y;Y505H;E554K;A570V;D614G;P621S;H655Y;N679K;P681R;N764K;D796Y;S939F;Q954H;N969K;V1104L;P1143L|16MPLF17,63,50,KP.2,1105,23,2024,2,8
EPI_ISL_19146497,T19I;R21T;L24-;P25-;P26-;A27S;S50L;H69-;V70-;V127F;G142D;Y145-;F157S;R158G;N211-;L212I;V213G;L216F;H245N;A264D;I332V;G339D;R346T;K356T;S371F;S373P;S375F;T376A;R403K;D405N;R408S;K417N;N440K;V445H;G446S;N450D;L452W;L455S;F456L;N460K;S477N;T478K;N481K;V483-;E484K;F486P;Q498R;N501Y;Y505H;E554K;A570V;D614G;P621S;H655Y;N679K;P681R;N764K;D796Y;S939F;Q954H;N969K;V1104L;P1143L|16MPLF17,63,50,KP.2,1,1,2024,2,15
EPI_ISL_18957135,T19I;R21T;L24-;P25-;P26-;A27S;S50L;H69-;V70-;V127F;G142D;Y145-;F157S;R158G;N211-;L212I;V213G;L216F;S221L;H245N;A264D;I332V;G339H;R346T;K356T;S371F;S373P;S375F;T376A;R403K;D405N;R408S;K417N;N440K;V445H;G446S;N450D;L452W;L455S;F456L;N460K;S477N;T478K;N481K;V483-;E484K;F486P;Q498R;N501Y;Y505H;E554K;A570V;D614G;P621S;H655Y;N679K;P681R;N764K;D796Y;S939F;Q954H;N969K;V1104L;P1143L|16MPLF17,64,50,KP.2,1,1,2024,2,16
EPI_ISL_19146509,T19I;R21T;L24-;P25-;P26-;A27S;S50L;H69-;V70-;V127F;G142D;Y145-;F157S;R158G;K182N;N211-;L212I;V213G;L216F;H245N;A264D;I332V;G339H;R346T;K356T;S371F;S373P;S375F;T376A;R403K;D405N;R408S;K417N;N440K;V445H;G446S;N450D;L452W;L455S;F456L;N460K;S477N;T478K;N481K;V483-;E484K;F486P;Q498R;N501Y;Y505H;E554K;A570V;D614G;P621S;H655Y;N679K;P681R;N764K;D796Y;S939F;Q954H;N969K;K1086R;V1104L;P1143L|16MPLF17,65,50,KP.2,228,1,2024,2,19
EPI_ISL_18981818,T19I;R21T;L24-;P25-;P26-;A27S;S50L;H69-;V70-;V127F;G142D;Y145-;F157S;R158G;N211-;L212I;V213G;L216F;H245N;A264D;I332V;G339H;R346T;K356T;S371F;S373P;S375F;T376A;R403K;D405N;R408S;K417N;N440K;V445H;G446S;N450D;L452W;L455S;F456L;N460K;S477N;T478K;N481K;V483-;E484K;F486P;Q498R;N501Y;Y505H;E554K;A570V;D614G;P621S;H655Y;N679K;P681R;N764K;D796Y;S939F;Q954H;N969K;V1104L;P1143L;L1203F|16MPLF17,64,50,KP.2,1,1,2024,2,21
EPI_ISL_19066120,"T19I;R21T;L24-;P25-;P26-;A27S;S50L;H69-;V70-;V127F;G142D;Y145-;F157S;R158G;G181V;N211-;L212I;V213G;L216F;H245N;A264D;I332V;G339H;R346T;K356T;S371F;S373P;S375F;T376A;R403K;D405N;R408S;K417N;N440K;V445H;G446S;N450D;L452W;L455S;F456L;N460K;S477N;T478K;N481K;V483-;E484K;F486P;Q498R;N501Y;Y505H;E554K;A570V;D614G;P621S;H655Y;N679K;P681R;N764K;D796Y;S939F;Q954H;N969K;V1104L;P1143L|""""",64,50,KP.2,4,1,2024,2,22
EPI_ISL_19070662,T19I;R21T;L24-;P25-;P26-;A27S;S50L;H69-;V70-;V127F;G142D;Y145-;F157S;R158G;N211-;L212I;V213G;L216F;H245N;A264D;I332V;G339H;R346T;K356T;S371F;S373P;S375F;T376A;R403K;D405N;R408S;K417N;N440K;V445H;G446S;N450D;L452W;L455S;F456L;N460K;S477N;T478K;N481K;V483-;E484K;F486P;Q498R;N501Y;Y505H;E554K;A570V;D614G;P621S;H655Y;N679K;P681R;N764K;D796Y;Q954H;N969K;V1104L;P1143L|16MPLF17,62,50,KP.2,1,1,2024,2,23
EPI_ISL_19033088,T19I;R21T;L24-;P25-;P26-;A27S;S50L;H69-;V70-;V127F;G142D;Y145-;F157S;R158G;N211-;L212I;V213G;L216F;H245N;A264D;I332V;G339H;R346T;K356T;S371F;S373P;S375F;T376A;R403K;D405N;K417N;N440K;V445H;G446S;N450D;L452W;L455S;F456L;N460K;S477N;T478K;N481K;V483-;E484K;F486P;Q498R;N501Y;Y505H;E554K;A570V;D614G;P621S;H655Y;N679K;P681R;N764K;D796Y;S939F;Q954H;N969K;V1104L;P1143L|16MPLF17,62,50,KP.2,11,1,2024,2,24
EPI_ISL_19086306,T19I;R21T;L24-;P25-;P26-;A27S;S50L;H69-;V70-;V127F;G142D;Y145-;F157S;R158G;Q183E;V213E;H245N;A264D;G339H;R346T;K356T;S371F;S373P;S375F;T376A;R403K;D405N;R408S;K417N;N440K;V445H;G446S;N450D;L452W;L455S;F456L;N460K;S477N;T478K;E484A;F486P;F490S;Q498R;N501Y;Y505H;E554K;A570V;D614G;P621S;H655Y;N679K;P681R;N764K;D796Y;S939F;Q954H;N969K;V1104L;P1143L|16MPLF17,59,50,KP.2,1,1,2024,2,25
EPI_ISL_19012572,T19I;R21T;L24-;P25-;P26-;A27S;S50L;H69-;V70-;V127F;G142D;Y145-;F157S;R158G;N211-;L212I;V213G;L216F;H245N;A264D;I332V;G339H;R346T;K356T;S371F;S373P;S375F;T376A;R403K;D405N;R408S;K417N;N440K;V445H;G446S;N450D;L452W;L455S;F456L;N460K;S477N;T478K;N481K;V483-;E484K;F486P;Q498R;N501Y;Y505H;E554K;A570V;D614G;P621S;H655Y;N679K;P681R;N764K;D796Y;S939F;Q954H;N969K;V1104L;P1143L|16MPLF17,63,51,KP.2,1105,137,2024,3,1
EPI_ISL_19192589,"T19I;R21T;S50L;V127F;G142D;V213G;L216F;H245N;W258R;A264D;I332V;G339H;R346T;K356T;S371F;S373P;S375F;T376A;R403K;D405N;R408S;K417N;N440K;V445H;G446S;N450D;L452W;L455S;F456L;N460K;S477N;T478K;N481K;E484K;F486P;Q498R;N501Y;Y505H;E554K;A570V;D614G;P621S;H655Y;N679K;P681R;N764K;D796Y;S939F;Q954H;N969K;V1104L;P1143L|""""",52,51,KP.2,3,3,2024,3,2
EPI_ISL_19079134,T19I;R21T;L24-;P25-;P26-;A27S;S50L;H69-;V70-;V127F;G142D;Y145-;F157S;R158G;N211-;L212I;V213G;L216F;R237K;H245N;A264D;I332V;G339H;R346T;K356T;S371F;S373P;S375F;T376A;R403K;D405N;R408S;K417N;N440K;V445H;G446S;N450D;L452W;L455S;F456L;N460K;S477N;T478K;N481K;V483-;E484K;F486P;Q498R;N501Y;Y505H;E554K;A570V;D614G;P621S;H655Y;N679K;P681R;N764K;D796Y;S939F;Q954H;N969K;K1086R;V1104L;P1143L;P1162S|16MPLF17,66,51,KP.2,1,1,2024,3,2
EPI_ISL_19012644,T19I;R21T;L24-;P25-;P26-;A27S;S50L;H69-;V70-;V127F;G142D;Y145-;F157S;R158G;K182N;N211-;L212I;V213G;L216F;H245N;A264D;I332V;G339H;R346T;K356T;S371F;S373P;S375F;T376A;R403K;D405N;R408S;K417N;N440K;V445H;G446S;N450D;L452W;L455S;F456L;N460K;S477N;T478K;N481K;V483-;E484K;F486P;Q498R;N501Y;Y505H;E554K;A570V;D614G;P621S;H655Y;N679K;P681R;N764K;D796Y;S939F;Q954H;N969K;K1086R;V1104L;P1143L|16MPLF17,65,51,KP.2,228,18,2024,3,3
EPI_ISL_19002780,T19I;R21T;L24-;P25-;P26-;A27S;S50L;H69-;V70-;V127F;G142D;Y145-;F157S;R158G;K187R;N211-;L212I;V213G;L216F;H245N;A264D;I332V;G339H;R346T;K356T;S371F;S373P;S375F;T376A;R403K;D405N;R408S;K417N;N440K;V445H;G446S;N450D;L452W;L455S;F456L;N460K;S477N;T478K;N481K;V483-;E484K;F486P;Q498R;N501Y;Y505H;E554K;A570V;D614G;P621S;H655Y;N679K;P681R;N764K;D796Y;S939F;Q954H;N969K;V1104L;P1143L|16MPLF17,64,51,KP.2,41,10,2024,3,3
EPI_ISL_19066391,"T19I;R21T;L24-;P25-;P26-;A27S;S50L;H69-;V70-;V127F;G142D;Y145-;F157S;R158G;N211-;L212I;V213G;L216F;H245N;A264D;I332V;G339H;R346T;K356T;S371F;S373P;S375F;T376A;R403K;D405N;R408S;K417N;N440K;V445H;G446S;N450D;L452W;L455S;F456L;N460K;S477N;T478K;N481K;V483-;E484K;F486P;Q498R;N501Y;Y505H;E554K;A570V;D614G;P621S;H655Y;N679K;P681R;N764K;D796Y;S939F;Q954H;N969K;K1086R;V1104L;P1143L|""""",64,51,KP.2,36,6,2024,3,3
EPI_ISL_19012633,T19I;R21T;L24-;P25-;P26-;A27S;S50L;H69-;V70-;V127F;G142D;Y145-;F157S;R158G;N211-;L212I;V213G;L216F;H245N;A264D;I332V;G339H;R346T;K356T;S371F;S373P;S375F;T376A;R403K;D405N;R408S;K417N;N440K;V445H;G446S;N450D;L452W;L455S;F456L;N460K;S477N;T478K;N481K;V483-;E484K;F486P;Q498R;N501Y;Y505H;E554K;A570V;D614G;P621S;H655Y;N679K;P681R;N764K;D796Y;S939F;Q954H;N969K;K1086R;V1104L;P1143L|16MPLF17,64,51,KP.2,264,45,2024,3,4
EPI_ISL_18993067,T19I;R21T;L24-;P25-;P26-;A27S;S50L;H69-;V70-;V127F;G142D;Y145-;F157S;R158G;K187R;N211-;L212I;V213G;L216F;H245N;I332V;G339H;R346T;K356T;S371F;S373P;S375F;T376A;R403K;D405N;R408S;K417N;N440K;V445H;G446S;N450D;L452W;L455S;F456L;N460K;S477N;T478K;N481K;V483-;E484K;F486P;Q498R;N501Y;Y505H;E554K;A570V;D614G;P621S;H655Y;N679K;P681R;N764K;D796Y;S939F;Q954H;N969K;V1104L;P1143L|16MPLF17,63,51,KP.2,1,1,2024,3,4
EPI_ISL_19190419,"T19I;R21T;P26H;S50L;V127F;G142D;V213G;L216F;H245N;A264D;I332V;G339H;R346T;K356T;S371F;S373P;S375F;T376A;R403K;D405N;R408S;K417N;N440K;V445H;G446S;N450D;L452W;L455S;F456L;N460K;S477N;T478K;N481K;E484K;F486P;Q498R;N501Y;Y505H;E554K;A570V;D614G;P621S;H655Y;N679K;P681R;N764K;D796Y;S939F;Q954H;N969K;V1104L;P1143L|""""",52,51,KP.2,2,2,2024,3,4
EPI_ISL_18975453,T19I;R21T;L24-;P25-;P26-;A27S;S50L;H69-;V70-;V127F;G142D;Y145-;F157S;R158G;N211-;L212I;V213G;L216F;H245N;A264D;I332V;G339H;R346T;K356T;S371F;S373P;S375F;T376A;R403K;D405N;R408S;K417N;N440K;V445H;G446S;N450D;L452W;L455S;F456L;N460K;S477N;T478K;N481K;V483-;E484K;F486P;Q498R;N501Y;Y505H;E554K;A570V;D614G;P621S;H655Y;N679K;P681R;N764K;D796Y;S939F;Q954H;N969K;V1104L;P1143L;Q1201K|16MPLF17,64,51,KP.2,65,13,2024,3,4
EPI_ISL_19192541,"T19I;R21T;S50L;V70I;V127F;G142D;H146Q;V213G;L216F;H245N;A264D;I332V;G339H;R346T;K356T;S371F;S373P;S375F;T376A;R403K;D405N;R408S;K417N;N440K;V445H;G446S;N450D;L452W;L455S;F456L;N460K;S477N;T478K;N481K;E484K;F486P;Q498R;N501Y;Y505H;E554K;A570V;D614G;P621S;H655Y;N679K;P681R;N764K;D796Y;S939F;Q954H;N969K;V1104L;P1143L|""""",53,51,KP.2,1,1,2024,3,4
EPI_ISL_19053000,T19I;R21T;L24-;P25-;P26-;A27S;S31-;S50L;H69-;V70-;V127F;G142D;Y145-;H146Q;F157S;R158G;N211-;L212I;V213G;L216F;H245N;A264D;I332V;G339H;R346T;K356T;S371F;S373P;S375F;T376A;R403K;D405N;R408S;K417N;N440K;V445H;G446S;N450D;L452W;L455S;F456L;N460K;S477N;T478K;N481K;V483-;E484K;F486P;Q498R;N501Y;Y505H;E554K;A570V;D614G;P621S;H655Y;I670V;N679K;P681R;N764K;D796Y;S939F;Q954H;N969K;V1104L;P1143L|16MPLF17,66,51,KP.2,1,1,2024,3,4
EPI_ISL_19042287,T19I;R21T;L24-;P25-;P26-;A27S;S50L;H69-;V70-;V127F;G142D;Y145-;H146Q;F157S;R158G;N211-;L212I;V213G;L216F;H245N;A264D;I332V;G339H;R346T;K356T;S371F;S373P;S375F;T376A;R403K;D405N;R408S;K417N;N440K;V445H;G446S;N450D;L452W;L455S;F456L;N460K;S477N;T478K;N481K;V483-;E484K;F486P;Q498R;N501Y;Y505H;E554K;A570V;D614G;P621S;H655Y;N679K;P681R;N764K;D796Y;S939F;Q954H;N969K;V1104L;P1143L|16MPLF17,64,51,KP.2,6,2,2024,3,4
EPI_ISL_18983828,T19I;R21T;L24-;P25-;P26-;A27S;S50L;F59L;H69-;V70-;V127F;G142D;Y145-;F157S;R158G;N211-;L212I;V213G;L216F;H245N;A264D;I332V;G339H;R346T;K356T;S371F;S373P;S375F;T376A;R403K;D405N;R408S;K417N;N440K;V445H;G446S;N450D;L452W;L455S;F456L;N460K;S477N;T478K;N481K;V483-;E484K;F486P;Q498R;N501Y;Y505H;E554K;A570V;D614G;P621S;H655Y;N679K;P681R;N764K;D796Y;S939F;Q954H;N969K;V1104L;P1143L;K1266R|16MPLF17,65,51,KP.2,143,7,2024,3,5
EPI_ISL_19106198,"T19I;R21T;L24-;P25-;P26-;A27S;S50L;H69-;V70-;V127F;G142D;Y145-;F157S;R158G;N185D;N211-;L212I;V213G;L216F;H245N;A264D;I332V;G339H;R346T;K356T;S371F;S373P;S375F;T376A;R403K;D405N;R408S;K417N;N440K;V445H;G446S;N450D;L452W;L455S;F456L;N460K;S477N;T478K;N481K;V483-;E484K;F486P;Q498R;N501Y;Y505H;E554K;A570V;D614G;P621S;H655Y;N679K;P681R;N764K;D796Y;S939F;Q954H;N969K;V1104L;P1143L|""""",64,51,KP.2,1,1,2024,3,5
EPI_ISL_19027655,"T19I;R21T;L24-;P25-;P26-;A27S;S50L;H69-;V70-;V127F;G142D;Y145-;F157S;R158G;N211-;L212I;V213G;L216F;H245N;A264D;I332V;G339H;R346T;K356T;S371F;S373P;S375F;T376A;R403K;D405N;R408S;K417N;N440K;V445H;G446S;N450D;L452W;L455S;F456L;N460K;S477N;T478K;N481K;V483-;E484K;F486P;Q498R;N501Y;Y505H;E554K;A570V;D614G;P621S;H655Y;N679K;P681R;N764K;D796Y;S939F;Q954H;N969K;V1104L;P1143L|""""",63,51,KP.2,128,22,2024,3,5
EPI_ISL_19192555,"T19I;R21T;P26N;S50L;V127F;G142D;V213G;L216F;H245N;A264D;G311-;I312V;I332V;G339H;R346T;K356T;S371F;S373P;S375F;T376A;R403K;D405N;R408S;K417N;N440K;V445H;G446S;N450D;L452W;L455S;F456L;N460K;S477N;T478K;N481K;E484K;F486P;Q498R;N501Y;Y505H;E554K;A570V;D614G;P621S;H655Y;N679K;P681R;N764K;D796Y;S939F;Q954H;N969K;V1104L;P1143L|""""",54,51,KP.2,1,1,2024,3,5
EPI_ISL_19090035,T19I;R21T;L24-;P25-;P26-;A27S;S50L;H69-;V70-;V127F;G142D;Y145-;F157S;R158G;N185D;N211-;L212I;V213G;L216F;H245N;A264D;I332V;G339H;R346T;K356T;S371F;S373P;S375F;T376A;R403K;D405N;R408S;K417N;N440K;V445H;G446S;N450D;L452W;L455S;F456L;N460K;S477N;T478K;N481K;V483-;E484K;F486P;Q498R;N501Y;Y505H;E554K;A570V;D614G;P621S;H655Y;N679K;P681R;N764K;D796Y;S939F;Q954H;N969K;V1104L;P1143L|16MPLF17,64,51,KP.2,11,1,2024,3,6
EPI_ISL_19192592,"T19I;R21T;P26H;S50L;V127F;G142D;L212I;V213G;L216F;H245N;A264D;I332V;G339H;R346T;K356T;S371F;S373P;S375F;T376A;R403K;D405N;R408S;K417N;N440K;V445H;G446S;N450D;L452W;L455S;F456L;N460K;S477N;T478K;N481K;E484K;F486P;Q498R;N501Y;Y505H;E554K;A570V;D614G;P621S;H655Y;N679K;P681R;N764K;D796Y;S939F;Q954H;N969K;V1104L;P1143L|""""",53,51,KP.2,3,3,2024,3,6
EPI_ISL_19192557,"T19I;R21T;P26H;S50L;V127F;G142D;N211-;L212I;L216F;H245N;A264D;I332V;G339H;R346T;K356T;S371F;S373P;S375F;T376A;R403K;D405N;R408S;K417N;N440K;V445H;G446S;N450D;L452W;L455S;F456L;N460K;S477N;T478K;N481K;E484K;F486P;Q498R;N501Y;Y505H;E554K;A570V;D614G;P621S;H655Y;N679K;P681R;N764K;D796Y;S939F;Q954H;N969K;V1104L;P1143L|""""",53,51,KP.2,1,1,2024,3,6
EPI_ISL_19090065,T19I;R21T;L24-;P25-;P26-;A27S;S50L;H69-;V70-;V127F;G142D;Y145-;F157S;R158G;N211-;L212I;V213G;L216F;H245N;A264D;I332V;G339H;R346T;K356T;S371F;S373P;S375F;T376A;R403K;D405N;R408S;K417N;N440K;V445H;G446S;N450D;L452W;L455S;F456L;N460K;S477N;T478K;N481K;V483-;E484K;F486P;Q498R;N501Y;Y505H;E554K;A570V;D614G;P621S;H655Y;N679K;P681R;N764K;D796Y;S939F;Q954H;N969K;V1104L;P1143L;E1150D|16MPLF17,64,51,KP.2,3,1,2024,3,6
EPI_ISL_19190420,"T19I;R21T;S50L;V127F;G142D;V213G;L216F;H245N;A264D;I332V;G339H;R346T;K356T;S371F;S373P;S375F;T376A;R403K;D405N;R408S;K417N;N440K;V445H;G446S;N450D;L452W;L455S;F456L;N460K;S477N;T478K;N481K;E484K;F486P;Q498R;N501Y;Y505H;E554K;A570V;D614G;P621S;H655Y;N679K;P681R;Y707-;N764K;D796Y;S939F;Q954H;N969K;V1104L;P1143L|""""",52,51,KP.2,1,1,2024,3,7
EPI_ISL_19192578,"T19I;R21T;P26H;S50L;V127F;G142D;K187R;V213G;L216F;H245N;A264D;I332V;G339H;R346T;K356T;S371F;S373P;S375F;T376A;R403K;D405N;R408S;K417N;N440K;V445H;G446S;N450D;L452W;L455S;F456L;N460K;S477N;T478K;N481K;E484K;F486P;Q498R;N501Y;Y505H;E554K;A570V;D614G;P621S;H655Y;N679K;P681R;N764K;D796Y;S939F;Q954H;N969K;V1104L;P1143L|""""",53,51,KP.2,1,1,2024,3,7
EPI_ISL_18999330,T19I;R21T;L24-;P25-;P26-;A27S;S31-;S50L;H69-;V70-;V127F;G142D;Y145-;H146Q;F157S;R158G;N211-;L212I;V213G;L216F;H245N;A264D;I332V;G339H;R346T;K356T;S371F;S373P;S375F;T376A;R403K;D405N;R408S;K417N;N440K;V445H;G446S;N450D;L452W;L455S;F456L;N460K;S477N;T478K;N481K;V483-;E484K;F486P;Q498R;N501Y;Y505H;E554K;A570V;D614G;P621S;H655Y;N679K;P681R;N764K;D796Y;S939F;Q954H;N969K;V1104L;P1143L|16MPLF17,65,51,KP.2,219,4,2024,3,8
EPI_ISL_19022808,T19I;R21T;L24-;P25-;P26-;A27S;S50L;H69-;V70-;V127F;G142D;Y145-;F157S;R158G;N211-;L212I;V213G;L216F;H245N;A264D;I332V;G339H;R346T;K356T;S371F;S373P;S375F;T376A;R403K;D405N;K417N;N440K;V445H;G446S;N450D;L452W;L455S;F456L;N460K;S477N;T478K;N481K;V483-;E484K;F486P;Q498R;N501Y;Y505H;E554K;A570V;D614G;P621S;H655Y;N679K;P681R;N764K;D796Y;S939F;Q954H;N969K;V1104L;P1143L|16MPLF17,62,51,KP.2,11,4,2024,3,9
EPI_ISL_19190406,"T19I;R21T;P25H;S50L;V70L;V127F;G142D;V213G;L216F;H245N;A264D;I332V;G339H;R346T;K356T;S371F;S373P;S375F;T376A;R403K;D405N;R408S;K417N;N440K;V445H;G446S;N450D;L452W;L455S;F456L;N460K;S477N;T478K;N481K;E484K;F486P;Q498R;N501Y;Y505H;E554K;A570V;D614G;P621S;H655Y;N679K;P681R;N764K;D796Y;S939F;Q954H;N969K;V1104L;P1143L|""""",53,51,KP.2,1,1,2024,3,9
EPI_ISL_19192579,"T19I;R21T;S50L;V127F;G142D;L212I;V213G;L216F;H245N;A264D;I332V;G339H;R346T;K356T;S371F;S373P;S375F;T376A;R403K;D405N;R408S;K417N;N440K;V445H;G446S;N450D;L452W;L455S;F456L;N460K;S477N;T478E;N481K;E484K;F486P;Q498R;N501Y;Y505H;E554K;A570V;D614G;P621S;H655Y;N679K;P681R;N764K;D796Y;S939F;Q954H;N969K;V1104L;P1143L|""""",52,51,KP.2,1,1,2024,3,9
EPI_ISL_19192580,"T19I;R21T;P26N;S50L;V70I;V127F;G142D;H146Q;L212I;V213G;L216F;H245N;A264D;I332V;G339H;R346T;K356T;S371F;S373P;S375F;T376A;R403K;D405N;R408S;K417N;N440K;V445H;G446S;N450D;L452W;L455S;F456L;N460K;S477N;T478K;N481K;E484K;F486P;Q498R;N501Y;Y505H;E554K;A570V;D614G;P621S;H655Y;N679K;P681R;N764K;D796Y;S939F;Q954H;N969K;V1104L;P1143L|""""",55,51,KP.2,1,1,2024,3,9
EPI_ISL_19116306,"T19I;R21T;L24-;P25-;P26-;A27S;S50L;H69-;V70-;V127F;G142D;Y145-;F157S;R158G;V213G;L216F;H245N;A264D;I332V;G339H;R346T;K356T;S371F;S373P;S375F;T376A;R403K;D405N;R408S;K417N;N440K;V445H;G446S;N450D;L452W;L455S;F456L;N460K;S477N;T478K;N481K;V483-;E484K;F486P;Q498R;N501Y;Y505H;E554K;A570V;D614G;P621S;H655Y;N679K;P681R;N764K;D796Y;S939F;Q954H;N969K;V1104L;P1143L|""""",61,51,KP.2,17,1,2024,3,10
EPI_ISL_19192545,"T19I;R21T;A27S;S50L;V70I;V127F;G142D;H146Q;V213G;L216F;H245N;A264D;I332V;G339H;R346T;K356T;S371F;S373P;S375F;T376A;R403K;D405N;R408S;K417N;N440K;V445H;G446S;N450D;L452W;L455S;F456L;N460K;S477N;T478K;N481K;E484K;F486P;Q498R;N501Y;Y505H;E554K;A570V;D614G;P621S;H655Y;N679K;P681R;N764K;D796Y;S939F;Q954H;N969K;V1104L;P1143L|""""",54,51,KP.2,1,1,2024,3,11
EPI_ISL_19192581,"T19I;R21T;S50L;V127F;G142D;L212I;V213G;L216F;H245N;A264D;I332V;G339H;R346T;K356T;S371F;S373P;S375F;T376A;R403K;D405N;R408S;K417N;N440K;V445H;G446S;N450D;L452W;L455S;F456L;N460K;S477N;T478K;N481K;E484K;F486P;Q498R;N501Y;Y505H;E554K;A570V;D614G;P621S;H655Y;N679K;P681R;N764K;D796Y;S939F;Q954H;N969K;V1104L;P1143L|""""",52,51,KP.2,1,1,2024,3,11
EPI_ISL_19192569,"T19I;R21T;S50L;V127F;G142D;V213G;L216F;H245N;A264D;I332V;G339H;R346T;K356T;S371F;S373P;S375F;T376A;R403K;D405N;R408S;K417N;N440K;V445H;G446S;N450D;L452W;L455S;F456L;N460K;S477N;T478K;N481K;E484K;F486P;Q498R;N501Y;Y505H;E554K;A570V;D614G;P621S;H655Y;N679K;P681R;N764K;D796Y;S939F;Q954H;N969K;V1104L;P1143L|""""",51,51,KP.2,5,5,2024,3,11
EPI_ISL_19192582,"T19I;R21T;P26N;A27S;S50L;V127F;G142D;L212I;V213G;L216F;H245N;A264D;I332V;G339H;R346T;K356T;S371F;S373P;S375F;T376A;R403K;D405N;R408S;K417N;N440K;V445H;G446S;N450D;L452W;L455S;F456L;N460K;S477N;T478K;N481K;E484K;F486P;Q498R;N501Y;Y505H;E554K;A570V;D614G;P621S;H655Y;N679K;P681R;N764K;D796Y;S939F;Q954H;N969K;K1086R;V1104L;P1143L|""""",55,51,KP.2,1,1,2024,3,11
EPI_ISL_19192547,"T19I;R21T;S50L;S60P;V127F;G142D;K187R;L212I;V213G;L216F;H245N;A264D;I332V;G339H;R346T;K356T;S371F;S373P;S375F;T376A;R403K;D405N;R408S;K417N;N440K;V445H;G446S;N450D;L452W;L455S;F456L;N460K;S477N;T478K;N481K;E484K;F486P;Q498R;N501Y;Y505H;E554K;A570V;D614G;P621S;H655Y;N679K;P681R;N764K;D796Y;S939F;Q954H;N969K;V1104L;P1143L|""""",54,51,KP.2,1,1,2024,3,11
EPI_ISL_18990748,T19I;R21T;L24-;P25-;P26-;A27S;S50L;H69-;V70-;G142D;Y145-;F157S;R158G;N211-;L212I;V213G;L216F;H245N;A264D;I332V;G339H;R346T;K356T;S371F;S373P;S375F;T376A;R403K;D405N;R408S;K417N;N440K;V445H;G446S;N450D;L452W;L455S;F456L;N460K;S477N;T478K;N481K;V483-;E484K;F486P;Q498R;N501Y;Y505H;E554K;A570V;D614G;P621S;H655Y;N679K;P681R;N764K;D796Y;S939F;Q954H;N969K;V1104L;P1143L|16MPLF17,62,51,KP.2,1,1,2024,3,11
EPI_ISL_19082553,"T19I;R21T;L24-;P25-;P26-;A27S;S31-;S50L;H69-;V70-;V127F;G142D;Y145-;H146Q;F157S;R158G;N211-;L212I;V213G;L216F;H245N;A264D;I332V;G339H;R346T;K356T;S371F;S373P;S375F;T376A;R403K;D405N;R408S;K417N;N440K;V445H;G446S;N450D;L452W;L455S;F456L;N460K;S477N;T478K;N481K;V483-;E484K;F486P;Q498R;N501Y;Y505H;E554K;A570V;D614G;P621S;H655Y;N679K;P681R;N764K;D796Y;S939F;Q954H;N969K;V1104L;P1143L|""""",65,51,KP.2,46,2,2024,3,11
EPI_ISL_19190424,"T19I;R21T;S50L;V127F;G142D;K182N;V213G;L216F;H245N;A264D;I332V;G339H;R346T;K356T;S371F;S373P;S375F;T376A;R403K;D405N;R408S;K417N;N440K;V445H;G446S;N450D;L452W;L455S;F456L;N460K;S477N;T478K;N481K;E484K;F486P;Q498R;N501Y;Y505H;E554K;A570V;D614G;P621S;H655Y;N679K;P681R;N764K;D796Y;S939F;Q954H;N969K;K1086R;V1104L;P1143L|""""",53,51,KP.2,1,1,2024,3,11
EPI_ISL_19190409,"T19I;R21T;S50L;V127F;G142D;H146Q;V213G;L216F;H245N;A264D;I332V;G339H;R346T;K356T;S371F;S373P;S375F;T376A;R403K;D405N;R408S;K417N;N440K;V445H;G446S;N450D;L452W;L455S;F456L;N460K;S477N;T478K;N481K;E484K;F486P;Q498R;N501Y;Y505H;E554K;A570V;D614G;P621S;H655Y;N679K;P681R;N764K;D796Y;S939F;Q954H;N969K;V1104L;P1143L|""""",52,51,KP.2,1,1,2024,3,11
EPI_ISL_19192548,"T19I;R21T;P26H;S50L;V70L;V127F;G142D;K187R;V213G;L216F;H245N;A264D;I332V;G339H;R346T;K356T;S371F;S373P;S375F;T376A;R403K;D405N;R408S;K417N;N440K;V445H;G446S;N450D;L452W;L455S;F456L;N460K;S477N;T478K;N481K;E484K;F486P;Q498R;N501Y;Y505H;E554K;A570V;D614G;P621S;H655Y;N679K;P681R;N764K;D796Y;S939F;Q954H;N969K;V1104L;P1143L|""""",54,51,KP.2,1,1,2024,3,12
EPI_ISL_19192560,"T19I;R21T;P26H;S50L;V127F;G142D;V213G;L216F;H245N;A264D;I332V;G339H;R346T;K356T;S371F;S373P;S375F;T376A;R403K;D405N;R408S;K417N;N440K;V445H;G446S;N450D;L452W;L455S;F456L;N460K;S477N;T478K;N481K;E484K;F486P;Q498R;N501Y;Y505H;E554K;A570V;D614G;P621S;H655Y;P681R;N764K;D796Y;S939F;Q954H;N969K;V1104L;P1143L|""""",51,51,KP.2,1,1,2024,3,12
EPI_ISL_19192550,"T19I;R21T;S50L;V127F;G142D;K187R;V213G;L216F;H245N;A264D;I332V;G339H;R346T;K356T;S371F;S373P;S375F;T376A;R403K;D405N;R408S;K417N;N440K;V445H;G446S;N450D;L452W;L455S;F456L;N460K;S477N;T478K;N481K;E484K;F486P;Q498R;N501Y;Y505H;E554K;A570V;D614G;P621S;H655Y;N679K;P681R;N764K;D796Y;S939F;Q954H;N969K;V1104L;P1143L|""""",52,51,KP.2,3,3,2024,3,12
EPI_ISL_19025746,"T19I;R21T;L24-;P25-;P26-;A27S;S31F;S50L;H69-;V70-;V127F;G142D;Y145-;F157S;R158G;N185-;F186I;N211-;L212I;V213G;L216F;H245N;A264D;I332V;G339H;R346T;K356T;S371F;S373P;S375F;T376A;R403K;D405N;R408S;K417N;N440K;V445H;G446S;N450D;L452W;L455S;F456L;N460K;S477N;T478K;N481K;V483-;E484K;F486P;Q498R;N501Y;Y505H;E554K;A570V;D614G;P621S;H655Y;N679K;P681R;N764K;D796Y;S939F;Q954H;N969K;K1086R;V1104L;P1143L|""""",67,51,KP.2,1,1,2024,3,12
EPI_ISL_19190425,"T19I;R21T;P26H;S50L;V70I;V127F;G142D;V213G;L216F;H245N;A264D;I332V;G339H;R346T;K356T;S371F;S373P;S375F;T376A;R403K;D405N;R408S;K417N;N440K;V445H;G446S;N450D;L452W;L455S;F456L;N460K;S477N;T478K;N481K;E484K;F486P;Q498R;N501Y;Y505H;E554K;A570V;D614G;P621S;H655Y;N679K;P681R;N764K;D796Y;S939F;Q954H;N969K;V1104L;P1143L|""""",53,51,KP.2,1,1,2024,3,12
EPI_ISL_19029777,T19I;R21T;L24-;P25-;P26-;A27S;S50L;H69-;V70-;V127F;G142D;Y145-;F157S;R158G;N211-;L212I;V213G;L216F;H245N;A264D;I332V;G339H;R346T;K356T;S371F;S373P;S375F;T376A;R403K;D405N;R408S;K417N;N440K;V445H;G446S;N450D;L452W;L455S;F456L;N460K;S477N;T478K;N481K;V483-;E484K;F486P;Q498R;N501Y;Y505H;E554K;A570V;D614G;P621S;H655Y;N679K;P681R;N764K;D796Y;S939F;Q954H;N969K;V1104L;P1143L;V1176F|16MPLF17,64,51,KP.2,44,2,2024,3,12
EPI_ISL_19024975,T19I;R21T;L24-;P25-;P26-;A27S;S50L;H69-;V70-;V127F;G142D;H146-;F157S;R158G;N211-;L212I;V213G;L216F;H245N;A264D;I332V;G339H;R346T;K356T;S371F;S373P;S375F;T376A;R403K;D405N;R408S;K417N;N440K;V445H;G446S;N450D;L452W;L455S;F456L;N460K;S477N;T478K;N481K;V483-;E484K;F486P;Q498R;N501Y;Y505H;E554K;A570V;D614G;P621S;H655Y;N679K;P681R;N764K;D796Y;S939F;Q954H;N969K;V1104L;P1143L|16MPLF17,63,51,KP.2,21,7,2024,3,12
EPI_ISL_19031365,"T19I;R21T;L24-;P25-;P26-;A27S;S50L;H69-;V70-;V127F;G142D;Y145-;F157S;R158G;G181E;K182N;N211-;L212I;V213G;L216F;H245N;A264D;I332V;G339H;R346T;K356T;S371F;S373P;S375F;T376A;R403K;D405N;R408S;K417N;N440K;V445H;G446S;N450D;L452W;L455S;F456L;N460K;S477N;T478K;N481K;V483-;E484K;F486P;Q498R;N501Y;Y505H;E554K;A570V;D614G;P621S;H655Y;N679K;P681R;N764K;D796Y;S939F;Q954H;N969K;K1086R;V1104L;P1143L|""""",66,51,KP.2,1,1,2024,3,13
EPI_ISL_19043926,T19I;R21T;L24-;P25-;P26-;A27S;S50L;H69-;V70-;V127F;G142D;Y145-;F157S;R158G;N211-;L212I;V213G;L216F;H245N;A264D;I332V;G339H;R346T;K356T;S371F;S373P;S375F;T376A;R403K;D405N;R408S;K417N;N440K;V445Y;G446S;N450D;L452W;L455S;F456L;N460K;S477N;T478K;N481K;V483-;E484K;F486P;Q498R;N501Y;Y505H;E554K;A570V;D614G;P621S;H655Y;N679K;P681R;N764K;D796Y;S939F;Q954H;N969K;K1086R;V1104L;P1143L|16MPLF17,64,51,KP.2,1,1,2024,3,13
EPI_ISL_19035459,"T19I;R21T;L24-;P25-;P26-;A27S;S50L;F59L;H69-;V70-;V127F;G142D;Y145-;F157S;R158G;N211-;L212I;V213G;L216F;H245N;A264D;I332V;G339H;R346T;K356T;S371F;S373P;S375F;T376A;R403K;D405N;R408S;K417N;N440K;V445H;G446S;N450D;L452W;L455S;F456L;N460K;S477N;T478K;N481K;V483-;E484K;F486P;Q498R;N501Y;Y505H;E554K;A570V;D614G;P621S;H655Y;N679K;P681R;N764K;D796Y;S939F;Q954H;N969K;V1104L;P1143L;K1266R|""""",65,51,KP.2,29,2,2024,3,13
EPI_ISL_19192583,"T19I;R21T;P26H;S50L;V127F;G142D;H146Q;L212I;V213G;L216F;H245N;A264D;I332V;G339H;R346T;K356T;S371F;S373P;S375F;T376A;R403K;D405N;R408S;K417N;N440K;V445H;G446S;N450D;L452W;L455S;F456L;N460K;S477N;T478K;N481K;E484K;F486P;Q498R;N501Y;Y505H;E554K;A570V;D614G;P621S;H655Y;N679K;P681R;N764K;D796Y;S939F;Q954H;N969K;V1104L;P1143L|""""",54,51,KP.2,1,1,2024,3,13
EPI_ISL_19192584,"T19I;R21T;P26N;S50L;V127F;G142D;K182E;V213G;L216F;H245N;A264D;I332V;G339H;R346T;K356T;S371F;S373P;S375F;T376A;R403K;D405N;R408S;K417N;N440K;V445H;G446S;N450D;L452W;L455S;F456L;N460K;S477N;T478K;N481K;E484K;F486P;Q498R;N501Y;Y505H;E554K;A570V;D614G;P621S;H655Y;N679K;P681R;N764K;E780Q;D796Y;S939F;Q954H;N969K;V1104L;P1143L|""""",54,51,KP.2,1,1,2024,3,14
EPI_ISL_18999183,L5F;T19I;R21T;L24-;P25-;P26-;A27S;S50L;H69-;V70-;V127F;G142D;Y145-;F157S;R158G;K182N;N211-;L212I;V213G;L216F;H245N;A264D;I332V;G339H;R346T;K356T;S371F;S373P;S375F;T376A;R403K;D405N;R408S;K417N;N440K;V445H;G446S;N450D;L452W;L455S;F456L;N460K;S477N;T478K;N481K;V483-;E484K;F486P;Q498R;N501Y;Y505H;E554K;A570V;D614G;P621S;H655Y;N679K;P681R;N764K;D796Y;S939F;Q954H;N969K;K1086R;V1104L;P1143L|16MPLF17,66,51,KP.2,1,1,2024,3,14
EPI_ISL_19190431,"T19I;R21T;P26H;S50L;V70I;V127F;G142D;K182N;L212I;V213G;L216F;H245N;A264D;I332V;G339H;R346T;K356T;S371F;S373P;S375F;T376A;R403K;D405N;R408S;K417N;N440K;V445H;G446S;N450D;L452W;L455S;F456L;N460K;S477N;T478K;N481K;E484K;F486P;Q498R;N501Y;Y505H;E554K;A570V;D614G;P621S;H655Y;N679K;P681R;N764K;D796Y;S939F;Q954H;N969K;K1086R;V1104L;P1143L|""""",56,51,KP.2,1,1,2024,3,14
EPI_ISL_19106216,"T19I;R21T;L24-;P25-;P26-;A27S;S50L;H69-;V70-;V127F;G142D;Y145-;F157S;R158G;N211-;L212I;V213G;L216F;H245N;A264D;I332V;G339H;R346T;K356T;S371F;S373P;S375F;T376A;R403K;D405N;R408S;K417N;N440K;V445H;G446S;N450D;L452W;L455S;F456L;N460K;S477N;T478K;N481K;V483-;E484K;F486P;Q498R;N501Y;Y505H;E554K;A570V;D614G;P621S;H655Y;N679K;P681R;N764K;D796Y;S939F;Q954H;N969K;V1104L;P1143L;Q1201K|""""",64,51,KP.2,12,1,2024,3,14
EPI_ISL_19046846,T19I;R21T;L24-;P25-;P26-;A27S;S50L;H69-;V70-;V127F;G142D;Y145-;F157S;R158G;N211-;L212I;V213G;L216F;H245N;A264D;I332V;G339H;R346T;K356T;S371F;S373P;S375F;T376A;R403K;D405N;R408S;K417N;N440K;V445H;G446S;N450D;L452W;L455S;F456L;N460K;S477N;T478K;N481K;V483-;E484K;F486P;Q498R;N501Y;Y505H;E554K;A570V;D614G;P621S;H655Y;N679K;P681R;N764K;D796Y;A871V;S939F;Q954H;N969K;K1086R;V1104L;P1143L|16MPLF17,65,51,KP.2,1,1,2024,3,15
EPI_ISL_19114554,T19I;R21T;L24-;P25-;P26-;A27S;S50L;H69-;V70-;V127F;G142D;Y145-;F157S;R158G;N211-;L212I;V213G;L216F;H245N;T250N;A264D;I332V;G339H;R346T;K356T;S371F;S373P;S375F;T376A;R403K;D405N;R408S;K417N;N440K;V445H;G446S;N450D;L452W;L455S;F456L;N460K;S477N;T478K;N481K;V483-;E484K;F486P;Q498R;N501Y;Y505H;E554K;A570V;D614G;P621S;H655Y;N679K;P681R;R683Q;N764K;D796Y;S939F;Q954H;N969K;V1104L;P1143L|16MPLF17,65,51,KP.2,1,1,2024,3,15
EPI_ISL_19008167,T19I;R21T;L24-;P25-;P26-;A27P;S50L;H69-;V70-;V127F;G142D;Y145-;F157S;R158G;N211-;L212I;V213G;L216F;H245N;A264D;I332V;G339H;R346T;K356T;S371F;S373P;S375F;T376A;R403K;D405N;R408S;K417N;N440K;V445H;G446S;N450D;L452W;L455S;F456L;N460K;S477N;T478K;N481K;V483-;E484K;F486P;Q498R;N501Y;Y505H;E554K;A570V;D614G;P621S;H655Y;N679K;P681R;N764K;D796Y;S939F;Q954H;N969K;V1104L;P1143L|16MPLF17,63,51,KP.2,2,1,2024,3,15
EPI_ISL_19044814,T19I;R21T;L24-;P25-;P26-;A27S;S50L;H69-;V70-;V127F;G142D;Y145-;F157S;R158G;N211-;L212I;V213G;L216F;H245N;A264D;I332V;G339H;R346T;K356T;S371F;S373P;S375F;T376A;R403K;D405N;R408S;K417N;N440K;V445H;G446S;N450D;L452W;L455S;F456L;N460K;S477N;T478K;N481K;V483-;E484K;F486P;Q498R;N501Y;Y505H;E554K;A570V;D614G;P621S;H655Y;N679K;P681R;N764K;D796Y;S939F;Q954H;N969K;V1104L;P1143L;K1266R|16MPLF17,64,51,KP.2,8,1,2024,3,15
EPI_ISL_19010994,T19I;R21T;L24-;P25-;P26-;A27S;S50L;H69-;V70-;V127F;G142D;Y145-;F157S;R158G;N211-;L212I;V213G;L216F;H245N;A264D;I332V;G339H;R346T;K356T;S371F;S373P;S375F;T376A;R403K;D405N;R408S;K417N;N440K;V445H;G446S;N450D;L452W;L455S;F456L;N460K;S477N;T478K;N481K;V483-;E484K;F486P;Q498R;N501Y;Y505H;E554K;A570V;D614G;P621S;H655Y;N679K;N764K;D796Y;S939F;Q954H;N969K;V1104L;P1143L|16MPLF17,62,51,KP.2,1,1,2024,3,15
EPI_ISL_19044166,L5F;T19I;R21T;L24-;P25-;P26-;A27S;S50L;H69-;V70-;V127F;G142D;Y145-;F157S;R158G;N211-;L212I;V213G;L216F;H245N;A264D;I332V;G339H;R346T;K356T;S371F;S373P;S375F;T376A;R403K;D405N;R408S;K417N;N440K;V445H;G446S;N450D;L452W;L455S;F456L;N460K;S477N;T478K;N481K;V483-;E484K;F486P;Q498R;N501Y;Y505H;E554K;A570V;D614G;P621S;H655Y;N679K;P681R;N764K;D796Y;S939F;Q954H;N969K;V1104L;P1143L|16MPLF17,64,51,KP.2,4,1,2024,3,16
EPI_ISL_19192536,"T19I;R21T;P26H;S50L;V127F;G142D;L212I;V213G;L216F;H245N;A264D;I332V;G339H;R346T;K356T;S371F;S373P;S375F;T376A;R403K;D405N;R408S;K417N;N440K;V445H;G446S;N450D;L452W;L455S;F456L;N460K;S477N;T478K;N481K;E484K;F486P;Q498R;N501Y;Y505H;E554K;A570V;D614G;P621S;H655Y;N679K;P681R;Y707-;N764K;D796Y;S939F;Q954H;N969K;V1104L;P1143L|""""",54,51,KP.2,1,1,2024,3,16
EPI_ISL_19044059,T19I;R21T;L24-;P25-;P26-;A27S;S31F;S50L;H69-;V70-;V127F;G142D;Y145-;F157S;R158G;N211-;L212I;V213G;L216F;H245N;A264D;I332V;G339H;R346T;K356T;S371F;S373P;S375F;T376A;R403K;D405N;R408S;K417N;N440K;V445H;G446S;N450D;L452W;L455S;F456L;N460K;S477N;T478K;N481K;V483-;E484K;F486P;Q498R;N501Y;Y505H;E554K;A570V;D614G;P621S;H655Y;N679K;P681R;N764K;D796Y;S939F;Q954H;N969K;V1104L;P1143L|16MPLF17,64,51,KP.2,11,1,2024,3,16
EPI_ISL_19044151,T19I;R21T;L24-;P25-;P26-;A27S;S50L;H69-;V70-;V127F;G142D;Y145-;F157S;R158G;N211-;L212I;V213G;L216F;H245N;A264D;I332V;G339H;R346T;K356T;S371F;S373P;S375F;T376A;R403K;D405N;R408S;K417N;N440K;V445H;G446S;N450D;L452W;L455S;F456L;N460K;S477N;T478K;N481K;V483-;E484K;F486P;Q498R;N501Y;Y505H;E554K;A570V;D614G;P621S;H655Y;N679K;P681R;N764K;D796Y;S939F;Q954H;N969K;V1104L;P1143L;I1216V|16MPLF17,64,51,KP.2,3,2,2024,3,16
EPI_ISL_19056045,T19I;R21T;L24-;P25-;P26-;A27S;S50L;H69-;V70-;V127F;G142D;Y145-;F157S;R158G;N211-;L212I;V213G;L216F;H245N;A264D;I332V;G339H;R346T;K356T;S371F;S373P;S375F;T376A;R403K;D405N;R408S;K417N;N440K;V445H;G446S;N450D;L452W;L455S;F456L;N460K;S477N;T478K;N481K;V483-;E484K;F486P;Q498R;N501Y;Y505H;E554K;A570V;D614G;P621S;H655Y;N679K;P681R;N764K;D796Y;S939F;Q954H;N969K;H1058Y;V1104L;P1143L|16MPLF17,64,51,KP.2,6,6,2024,3,18
EPI_ISL_19054797,T19I;R21T;L24-;P25-;P26-;A27S;S31-;S50L;H69-;V70-;V127F;G142D;Y145-;F157S;R158G;N211-;L212I;V213G;L216F;H245N;A264D;I332V;G339H;R346T;K356T;S371F;S373P;S375F;T376A;R403K;D405N;R408S;K417N;N440K;V445H;G446S;N450D;L452W;L455S;F456L;N460K;S477N;T478K;N481K;V483-;E484K;F486P;Q498R;N501Y;Y505H;E554K;A570V;D614G;P621S;H655Y;N679K;P681R;N764K;D796Y;S939F;Q954H;N969K;K1086R;V1104L;P1143L|16MPLF17,65,51,KP.2,96,2,2024,3,18
EPI_ISL_19056060,T19I;R21T;L24-;P25-;P26-;A27S;S50L;H69-;V70-;V127F;G142D;Y145-;F157S;R158G;N211-;L212I;V213G;L216F;H245N;W258R;A264D;I332V;G339H;R346T;K356T;S371F;S373P;S375F;T376A;R403K;D405N;R408S;K417N;N440K;V445H;G446S;N450D;L452W;L455S;F456L;N460K;S477N;T478K;N481K;V483-;E484K;F486P;Q498R;N501Y;Y505H;E554K;A570V;D614G;P621S;H655Y;N679K;P681R;N764K;D796Y;S939F;Q954H;N969K;V1104L;P1143L|16MPLF17,64,51,KP.2,3,2,2024,3,18
EPI_ISL_19010556,T19I;R21T;L24-;P25-;P26-;A27S;S50L;H69-;V70-;V127F;G142D;Y145-;F157S;R158G;N211-;L212I;V213G;L216F;H245N;A264D;I332V;G339H;R346T;K356T;S371F;S373P;S375F;T376A;R403K;D405N;R408S;K417N;N440K;V445H;G446S;N450D;L452W;L455S;F456L;N460K;S477N;T478K;N481K;V483-;E484K;F486P;Q498R;N501Y;Y505H;A570V;D614G;P621S;H655Y;N679K;P681R;N764K;D796Y;S939F;Q954H;N969K;V1104L;P1143L|16MPLF17,62,51,KP.2,8,1,2024,3,18
EPI_ISL_19061633,T19I;R21T;L24-;P25-;P26-;A27S;S50L;H69-;V70-;V127F;G142D;Y145-;F157S;R158G;N211-;L212I;V213E;L216F;H245N;A264D;I332V;G339H;R346T;K356T;S371F;S373P;S375F;T376A;R403K;D405N;R408S;K417N;N440K;V445H;G446S;N450D;L452W;L455S;F456L;N460K;S477N;T478K;N481K;V483-;E484K;F486P;Q498R;N501Y;Y505H;E554K;A570V;D614G;P621S;H655Y;N679K;P681R;N764K;D796Y;S939F;Q954H;N969K;V1104L;P1143L|16MPLF17,63,51,KP.2,1,1,2024,3,18
EPI_ISL_19062416,T19I;R21T;L24-;P25-;P26-;A27S;S50L;H69-;V70-;V127F;G142D;Y145-;F157S;R158G;N211-;L212I;V213G;L216F;H245N;A264D;E324A;I332V;G339H;R346T;K356T;S371F;S373P;S375F;T376A;R403K;D405N;R408S;K417N;N440K;V445H;G446S;N450D;L452W;L455S;F456L;N460K;S477N;T478K;N481K;V483-;E484K;F486P;Q498R;N501Y;Y505H;E554K;A570V;D614G;P621S;H655Y;N679K;P681R;N764K;D796Y;S939F;Q954H;N969K;V1104L;P1143L|16MPLF17,64,51,KP.2,1,1,2024,3,19
EPI_ISL_19044171,T19I;R21T;L24-;P25-;P26-;A27S;S31F;S50L;H69-;V70-;V127F;G142D;Y145-;F157S;R158G;Q173R;N211-;L212I;V213G;L216F;H245N;A264D;I332V;G339H;R346T;K356T;S371F;S373P;S375F;T376A;R403K;D405N;R408S;K417N;N440K;V445H;G446S;N450D;L452W;L455S;F456L;N460K;S477N;T478K;N481K;V483-;E484K;F486P;Q498R;N501Y;Y505H;E554K;A570V;D614G;P621S;H655Y;N679K;P681R;N764K;D796Y;S939F;Q954H;N969K;V1104L;P1143L|16MPLF17,65,51,KP.2,2,2,2024,3,19
EPI_ISL_19065403,"T19I;R21T;L24-;P25-;P26-;A27S;S50L;H69-;V70-;V127F;G142D;Y145-;F157S;R158G;N211-;L212I;V213G;L216F;H245N;A264D;I332V;G339H;R346T;K356T;S371F;S373P;S375F;T376A;R403K;D405N;R408S;K417N;N440K;V445H;G446S;N450D;L452W;L455S;F456L;N460K;S477N;T478K;N481K;V483-;E484K;F486P;Q498R;N501Y;Y505H;E554K;A570V;D614G;P621S;H655Y;N679K;P681R;N764K;D796Y;S939F;Q954H;N969K;K1086R;V1104L;P1143L;P1162S|""""",65,51,KP.2,3,1,2024,3,19
EPI_ISL_19115923,T19I;R21T;L24-;P25-;P26-;A27S;S50L;H69-;V70-;V127F;G142D;Y145-;F157S;R158G;L176F;N211-;L212I;V213G;L216F;H245N;A264D;I332V;G339H;R346T;K356T;S371F;S373P;S375F;T376A;R403K;D405N;R408S;K417N;N440K;V445H;G446S;N450D;L452W;L455S;F456L;N460K;S477N;T478K;N481K;V483-;E484K;F486P;Q498R;N501Y;Y505H;E554K;A570V;D614G;P621S;H655Y;N679K;P681R;N764K;D796Y;S939F;Q954H;N969K;V1104L;P1143L|16MPLF17,64,51,KP.2,2,1,2024,3,20
EPI_ISL_19042495,T19I;R21T;L24-;P25-;P26-;A27S;S50L;H69F;V70-;S71-;V127F;G142D;Y145-;F157S;R158G;K182N;N211-;L212I;V213G;L216F;H245N;A264D;I332V;G339H;R346T;K356T;S371F;S373P;S375F;T376A;R403K;D405N;R408S;K417N;N440K;V445H;G446S;N450D;L452W;L455S;F456L;N460K;S477N;T478K;N481K;V483-;E484K;F486P;Q498R;N501Y;Y505H;E554K;A570V;D614G;P621S;H655Y;N679K;P681R;N764K;D796Y;S939F;Q954H;N969K;K1086R;V1104L;P1143L|16MPLF17,66,51,KP.2,1,1,2024,3,20
EPI_ISL_19080145,"T19I;L24-;P25-;P26-;A27S;S50L;H69-;V70-;V127F;G142D;Y145-;F157S;R158G;N211-;L212I;V213G;L216F;H245N;A264D;I332V;G339H;R346T;K356T;S371F;S373P;S375F;T376A;R403K;D405N;R408S;K417N;N440K;V445H;G446S;N450D;L452W;L455S;F456L;N460K;S477N;T478K;N481K;V483-;E484K;F486P;Q498R;N501Y;Y505H;E554K;A570V;D614G;P621S;H655Y;N679K;P681R;N764K;D796Y;S939F;Q954H;N969K;V1104L;P1143L|""""",62,51,KP.2,1,1,2024,3,20
EPI_ISL_19192464,"T19I;R21T;S50L;V127F;G142D;H146Q;V213G;L216F;H245N;A264D;I332V;G339H;R346T;K356T;S371F;S373P;S375F;T376A;R403K;D405N;R408S;K417N;N440K;V445H;G446S;N450D;L452W;L455S;F456L;N460K;S477N;T478K;N481K;E484K;F486P;Q498R;N501Y;Y505H;E554K;A570V;D614G;P621S;V622-;N679K;P681R;N764K;D796Y;S939F;Q954H;N969K;V1104L;P1143L|""""",52,51,KP.2,1,1,2024,3,20
EPI_ISL_19036979,T19I;R21T;L24-;P25-;P26-;A27S;S50L;H69-;V70-;V127F;G142D;Y145-;F157S;R158G;N211-;L212I;V213G;L216F;H245N;A264D;I332V;G339H;R346T;K356T;S371F;S373P;S375F;T376A;R403K;D405N;R408S;K417N;N440K;V445H;G446S;N450D;L452W;L455S;F456L;N460K;S477N;T478K;N481K;V483-;E484K;F486P;Q498R;N501Y;Y505H;E554K;A570V;D614G;P621S;H655Y;N679K;P681R;R683W;N764K;D796Y;S939F;Q954H;N969K;V1104L;P1143L|16MPLF17,64,51,KP.2,5,1,2024,3,21
EPI_ISL_19056050,T19I;R21T;L24-;P25-;P26-;A27S;S50L;H69-;V70-;G75V;V127F;G142D;Y145-;F157S;R158G;N211-;L212I;V213G;L216F;H245N;A264D;I332V;G339H;R346T;K356T;S371F;S373P;S375F;T376A;R403K;D405N;R408S;K417N;N440K;V445H;G446S;N450D;L452W;L455S;F456L;N460K;S477N;T478K;N481K;V483-;E484K;F486P;Q498R;N501Y;Y505H;E554K;A570V;D614G;P621S;H655Y;N679K;P681R;N764K;D796Y;S939F;Q954H;N969K;H1058Y;V1104L;P1143L|16MPLF17,65,51,KP.2,1,1,2024,3,21
EPI_ISL_19192568,"T19I;R21T;P26H;S50L;V127F;G142D;K182N;V213G;L216F;H245N;A264D;I332V;G339H;R346T;K356T;S371F;S373P;S375F;T376A;R403K;D405N;R408S;K417N;N440K;V445H;G446S;N450D;L452W;L455S;F456L;N460K;S477N;T478K;N481K;E484K;F486P;Q498R;N501Y;Y505H;E554K;A570V;D614G;P621S;H655Y;N679K;P681R;N764K;D796Y;S939F;Q954H;N969K;K1086R;V1104L;P1143L|""""",54,51,KP.2,1,1,2024,3,21
EPI_ISL_19022774,T19I;R21T;L24-;P25-;P26-;A27S;S50L;H69-;V70-;V127F;G142D;Y145-;F157S;R158G;N211-;L212I;V213G;L216F;H245N;A264D;I332V;G339H;R346T;K356T;S371F;S373P;S375F;T376A;R403K;D405N;N440K;V445H;G446S;N450D;L452W;L455S;F456L;N460K;S477N;T478K;N481K;V483-;E484K;F486P;Q498R;N501Y;Y505H;E554K;A570V;D614G;P621S;H655Y;N679K;P681R;N764K;D796Y;S939F;Q954H;N969K;V1104L;P1143L|16MPLF17,61,51,KP.2,1,1,2024,3,21
EPI_ISL_19044284,T19I;R21T;L24-;P25-;P26-;A27S;S50L;S60A;H69-;V70-;V127F;G142D;Y145-;F157S;R158G;N211-;L212I;V213G;L216F;H245N;A264D;I332V;G339H;R346T;K356T;S371F;S373P;S375F;T376A;R403K;D405N;R408S;K417N;N440K;V445H;G446S;N450D;L452W;L455S;F456L;N460K;S477N;T478K;N481K;V483-;E484K;F486P;Q498R;N501Y;Y505H;E554K;A570V;D614G;P621S;H655Y;N679K;P681R;N764K;D796Y;S939F;Q954H;N969K;V1104L;P1143L;Q1201K|16MPLF17,65,51,KP.2,1,1,2024,3,21
EPI_ISL_19032187,T19I;R21T;L24-;P25-;P26-;A27S;S50L;H69-;V70-;V127F;G142D;Y145-;F157S;R158G;N211-;L212I;V213G;L216F;H245N;A264D;I332V;G339H;R346T;K356T;S371F;S373P;S375F;T376A;R403K;D405N;R408S;K417N;N440K;V445H;G446S;N450D;L452W;L455S;F456L;N460K;S477N;T478K;N481K;V483-;E484K;F486P;Q498R;N501Y;Y505H;E554K;A570V;D614G;P621S;H655Y;N679K;P681R;A688V;N764K;D796Y;S939F;Q954H;N969K;V1104L;P1143L|16MPLF17,64,51,KP.2,5,1,2024,3,22
EPI_ISL_19055047,T19I;R21T;L24-;P25-;P26-;A27S;S50L;H69-;V70-;V127F;G142D;Y145-;F157S;R158G;N211-;L212I;V213G;L216F;H245N;A264D;I332V;G339H;R346T;K356T;S371F;S373P;S375F;T376A;R403K;D405N;R408S;K417N;N440K;V445H;G446S;N450D;L452W;L455S;F456L;N460K;S477N;T478K;N481K;V483-;E484K;F486P;Q498R;N501Y;Y505H;E554K;A570V;D614G;P621S;H655Y;N679K;P681R;S750N;N764K;D796Y;S939F;Q954H;N969K;V1104L;P1143L|16MPLF17,64,51,KP.2,1,1,2024,3,22
EPI_ISL_19044293,T19I;R21T;P25-;P26-;A27-;S50L;H69-;V70-;V127F;G142D;Y145-;F157S;R158G;N211-;L212I;V213G;L216F;H245N;A264D;I332V;G339H;R346T;K356T;S371F;S373P;S375F;T376A;R403K;D405N;R408S;K417N;N440K;V445H;G446S;N450D;L452W;L455S;F456L;N460K;S477N;T478K;N481K;V483-;E484K;F486P;Q498R;N501Y;Y505H;E554K;A570V;D614G;P621S;H655Y;N679K;P681R;N764K;D796Y;S939F;Q954H;N969K;K1086R;V1104L;P1143L|16MPLF17,63,51,KP.2,5,1,2024,3,22
EPI_ISL_19061603,T19I;R21T;L24-;P25-;P26-;A27S;S50L;H69-;V70-;V127F;G142D;Y145-;F157S;R158G;N211-;L212I;V213G;L216F;H245N;A264D;I332V;G339H;R346T;K356T;S371F;S373P;S375F;T376A;R403K;D405N;R408S;K417N;N440K;V445H;G446S;N450D;L452W;L455S;F456L;N460K;S477N;T478K;N481K;V483-;E484K;F486P;Q498R;N501Y;Y505H;E554K;A570V;D614G;P621S;H655Y;P681R;N764K;D796Y;S939F;Q954H;N969K;V1104L;P1143L|16MPLF17,62,51,KP.2,4,3,2024,3,23
EPI_ISL_19028021,T19I;R21T;L24-;P25-;P26-;A27S;S50L;H69-;V70-;V127F;G142D;Y145-;F157S;R158G;N211-;L212I;V213G;L216F;H245N;A264D;I332V;G339H;R346T;K356T;S371F;S373P;S375F;T376A;R403K;D405N;R408S;K417N;N440K;V445H;G446S;N450D;L452W;L455S;F456L;N460K;S477N;T478K;N481K;V483-;E484K;F486P;Q498R;N501Y;Y505H;E554K;A570V;T572I;D614G;P621S;H655Y;N679K;P681R;R683L;N764K;D796Y;S939F;Q954H;N969K;V1104L;P1143L|16MPLF17,65,51,KP.2,1,1,2024,3,23
EPI_ISL_19140435,T19I;R21T;L24-;P25-;P26-;A27S;S50L;A67V;H69-;V70-;V127F;G142D;Y145-;F157S;R158G;K187R;N211-;L212I;V213G;L216F;P217L;H245N;A264D;I332V;G339H;R346T;K356T;S371F;S373P;S375F;T376A;R403K;D405N;R408S;K417N;N440K;V445H;G446S;N450D;L452W;L455S;F456L;N460K;S477N;T478K;N481K;V483-;E484K;F486P;Q498R;N501Y;Y505H;E554K;A570V;D614G;P621S;H655Y;N679K;P681R;N764K;D796Y;S939F;Q954H;N969K;V1104L;P1143L;Q1201K|16MPLF17,67,51,KP.2,1,1,2024,3,24
EPI_ISL_19116048,T19I;R21T;L24-;P25-;P26-;A27S;S31-;S50L;H69-;V70-;V127F;G142D;Y145-;H146Q;F157S;R158G;N211-;L212I;V213G;L216F;H245N;A264D;N280S;I332V;G339H;R346T;K356T;S371F;S373P;S375F;T376A;R403K;D405N;R408S;K417N;N440K;V445H;G446S;N450D;L452W;L455S;F456L;N460K;S477N;T478K;N481K;V483-;E484K;F486P;Q498R;N501Y;Y505H;E554K;A570V;D614G;P621S;H655Y;N679K;P681R;N764K;D796Y;S939F;Q954H;N969K;V1104L;P1143L|16MPLF17,66,51,KP.2,1,1,2024,3,25
EPI_ISL_19081431,T19I;R21T;L24-;P25-;P26-;A27S;S50L;H69-;V70-;V127F;G142D;Y145-;F157S;R158G;N211-;L212I;V213G;L216F;H245N;A264D;I332V;G339H;R346T;K356T;S371F;S373P;S375F;T376A;R403K;D405N;R408S;K417N;N440K;V445H;G446S;N450D;L452W;L455S;F456L;N460K;S477N;T478K;N481K;V483-;E484K;F486P;Q498R;N501Y;Y505H;E554K;A570V;D614G;V615I;P621S;H655Y;N679K;P681R;N764K;D796Y;S939F;Q954H;N969K;V1104L;P1143L|16MPLF17,64,51,KP.2,1,1,2024,3,25
EPI_ISL_19056072,T19I;R21T;L24-;P25-;P26-;A27S;S50L;H69-;V70-;V127F;G142D;Y145-;F157S;R158G;G181V;N211-;L212I;V213G;L216F;H245N;A264D;I332V;G339H;R346T;K356T;S371F;S373P;S375F;T376A;R403K;D405N;R408S;K417N;N440K;V445H;G446S;N450D;L452W;L455S;F456L;N460K;S477N;T478K;N481K;V483-;E484K;F486P;Q498R;N501Y;Y505H;E554K;A570V;D614G;P621S;H655Y;N679K;P681R;N764K;D796Y;S939F;Q954H;N969K;V1104L;P1143L|16MPLF17,64,51,KP.2,5,1,2024,3,25
EPI_ISL_19170216,"R21T;L24-;P25-;P26-;A27S;S50L;H69-;V70-;V127F;G142D;Y145-;F157S;R158G;N211-;L212I;V213G;H245N;A264D;I332V;G339H;R346T;K356T;S371F;S373P;S375F;T376A;R403K;D405N;R408S;K417N;N440K;V445H;G446S;N450D;L452W;L455S;F456L;N460K;S477N;T478K;N481K;V483-;E484K;F486P;Q498R;N501Y;Y505H;E554K;A570V;D614G;P621S;H655Y;N679K;P681R;N764K;D796Y;S939F;Q954H;N969K;V1104L;P1143L|""""",61,51,KP.2,1,1,2024,3,25
EPI_ISL_19192570,"T19I;R21T;P26H;S50L;V70I;V127F;G142D;K187R;L212I;V213G;L216F;H245N;A262T;A264D;I332V;G339H;R346T;K356T;S371F;S373P;S375F;T376A;R403K;D405N;R408S;K417N;N440K;V445H;G446S;N450D;L452W;L455S;F456L;N460K;S477N;T478K;N481K;E484K;F486P;Q498R;N501Y;Y505H;E554K;A570V;D614G;P621S;H655Y;N679K;P681R;N764K;D796Y;S939F;Q954H;N969K;V1104L;P1143L|""""",56,51,KP.2,1,1,2024,3,25
EPI_ISL_19034383,"T19I;R21T;L24-;P25-;P26-;A27S;S50L;H69-;V70-;V127F;G142D;Y145-;F157S;R158G;N211-;L212I;V213G;L216F;H245N;W258R;I332V;G339H;R346T;K356T;S371F;S373P;S375F;T376A;R403K;D405N;R408S;K417N;N440K;V445H;G446S;N450D;L452W;L455S;F456L;N460K;S477N;T478K;N481K;V483-;E484K;F486P;N501Y;Y505H;E554K;A570V;D614G;P621S;H655Y;N679K;P681R;N764K;D796Y;Q954H;N969K;V1104L;P1143L|""""",61,51,KP.2,1,1,2024,3,26
EPI_ISL_19057587,T19I;R21T;L24-;P25-;P26-;A27S;S50L;H69-;V70-;V127F;G142D;Y145-;F157S;R158G;N211-;L212I;V213G;L216F;H245N;A264D;I332V;G339H;R346T;K356T;S371F;S373P;S375F;T376A;R403K;D405N;R408S;K417N;N440K;V445H;G446S;N450D;L452W;L455S;F456L;N460K;S477N;T478K;N481K;V483-;E484K;F486P;Q498R;N501Y;Y505H;E554K;A570V;D614G;P621S;H655Y;N679K;P681H;N764K;D796Y;S939F;Q954H;N969K;V1104L;P1143L|16MPLF17,63,51,KP.2,8,2,2024,3,26
EPI_ISL_19033739,"T19I;R21T;L24-;P25-;P26-;A27S;S50L;H69-;V70-;V127F;G142D;Y145-;F157S;R158G;N211-;L212I;V213G;L216F;H245N;A264D;I332V;G339H;R346T;K356T;S371F;S373P;S375F;T376A;R403K;D405N;R408S;K417N;N440K;V445H;G446S;N450D;L452W;L455S;F456L;N460K;S477N;T478K;N481K;V483-;E484K;F486P;Q498R;N501Y;Y505H;E554K;A570V;D614G;P621S;H655Y;N679K;P681R;N764K;D796Y;S939F;Q954H;N969K;V1104L;P1143L;Q1201K;G1251A|""""",65,51,KP.2,1,1,2024,3,26
EPI_ISL_19036797,T19I;R21T;L24-;P25-;P26-;A27S;S50L;H69-;V70-;V127F;G142D;Y145-;F157S;R158G;G184V;N211-;L212I;V213G;L216F;H245N;A264D;I332V;G339H;R346T;K356T;S371F;S373P;S375F;T376A;R403K;D405N;R408S;K417N;N440K;V445H;G446S;N450D;L452W;L455S;F456L;N460K;S477N;T478K;N481K;V483-;E484K;F486P;Q498R;N501Y;Y505H;E554K;A570V;D614G;P621S;H655Y;N679K;P681R;N764K;D796Y;S939F;Q954H;N969K;V1104L;P1143L|16MPLF17,64,51,KP.2,1,1,2024,3,26
EPI_ISL_19166476,T19I;R21T;L24-;P25-;P26-;A27S;S31F;S50L;H69-;V70-;V127F;G142D;Y145-;F157S;R158G;K187R;N211-;L212I;V213G;L216F;H245N;A264D;I332V;G339H;R346T;K356T;S371F;S373P;S375F;T376A;R403K;D405N;R408S;K417N;N440K;V445H;G446S;N450D;L452W;L455S;F456L;N460K;S477N;T478K;N481K;V483-;E484K;F486P;Q498R;N501Y;Y505H;E554K;A570V;D614G;P621S;H655Y;N679K;P681R;N764K;D796Y;S939F;Q954H;N969K;V1104L;P1143L|16MPLF17,65,51,KP.2,12,2,2024,3,27
EPI_ISL_19192494,"T19I;R21T;P26H;S50L;V70I;V127F;G142D;H146Q;V213G;L216F;H245N;A264D;I332V;G339H;R346T;K356T;S371F;S373P;S375F;T376A;R403K;D405N;R408S;K417N;N440K;V445H;G446S;N450D;L452W;L455S;F456L;N460K;S477N;T478K;N481K;E484K;F486P;Q498R;N501Y;Y505H;E554K;A570V;D614G;P621S;H655Y;N679K;P681R;N764K;D796Y;S939F;Q954H;N969K;V1104L;P1143L|""""",54,51,KP.2,1,1,2024,3,27
EPI_ISL_19032076,T19I;R21T;L24-;P25-;P26-;A27S;S50L;H69-;V70-;V127F;G142D;Y145-;F157S;R158G;N211-;L212I;V213G;L216F;H245N;W258L;A264D;I332V;G339H;R346T;K356T;S371F;S373P;S375F;T376A;R403K;D405N;R408S;K417N;N440K;V445H;G446S;N450D;L452W;L455S;F456L;N460K;E554K;A570V;D614G;P621S;H655Y;N679K;P681R;N764K;D796Y;S939F;Q954H;N969K;V1104L;P1143L|16MPLF17,55,51,KP.2,1,1,2024,3,27
EPI_ISL_19061492,L5F;T19I;R21T;L24-;P25-;P26-;A27S;S50L;H69-;V70-;V127F;G142D;Y145-;F157S;R158G;N211-;L212I;V213G;L216F;H245N;A264D;I332V;G339H;R346T;K356T;S371F;S373P;S375F;T376A;R403K;D405N;R408S;K417N;N440K;V445H;G446S;N450D;L452W;L455S;F456L;N460K;S477N;T478K;N481K;V483-;E484K;F486P;Q498R;N501Y;Y505H;E554K;A570V;D614G;P621S;H655Y;N679K;P681R;N764K;D796Y;S939F;Q954H;N969K;K1086R;V1104L;P1143L|16MPLF17,65,51,KP.2,35,1,2024,3,28
EPI_ISL_19086362,T19I;R21T;L24-;P25-;P26-;A27S;S50L;H69-;V70-;V127F;G142D;Y145-;F157S;R158G;N211-;L212I;V213G;L216F;H245N;A264D;I332V;G339H;R346T;K356T;S371F;S373P;S375F;T376A;R403K;D405N;R408S;K417N;N440K;V445H;G446S;N450D;L452W;L455S;F456L;N460K;S477N;T478K;N481K;V483-;E484K;F486P;Q498R;N501Y;Y505H;E554K;A570V;D614G;P621S;H655Y;N679K;P681R;N764K;D796Y;S939F;Q954H;N969K;K1086R;V1104L;P1143L;P1162S|16MPLF17,65,51,KP.2,25,9,2024,3,28
EPI_ISL_19059990,T19I;R21T;L24-;P25-;P26-;A27S;S50L;H69-;V70-;V127F;G142D;Y145-;F157S;R158G;N211-;L212I;V213G;L216F;H245N;G261V;A264D;I332V;G339H;R346T;K356T;S371F;S373P;S375F;T376A;R403K;D405N;R408S;K417N;N440K;V445H;G446S;N450D;L452W;L455S;F456L;N460K;S477N;T478K;N481K;V483-;E484K;F486P;Q498R;N501Y;Y505H;E554K;A570V;D614G;P621S;H655Y;N679K;P681R;N764K;D796Y;S939F;Q954H;N969K;V1104L;P1143L|16MPLF17,64,51,KP.2,1,1,2024,3,28
EPI_ISL_19164599,T19I;R21T;L24-;P25-;P26-;A27S;S50L;H69-;V70-;V127F;G142D;Y145-;F157S;R158G;N211-;L212I;V213G;L216F;H245N;D253A;A264D;I332V;G339H;R346T;K356T;S371F;S373P;S375F;T376A;R403K;D405N;R408S;K417N;N440K;V445H;G446S;N450D;L452W;L455S;F456L;N460K;S477N;T478K;N481K;V483-;E484K;F486P;Q498R;N501Y;Y505H;E554K;A570V;D614G;P621S;H655Y;N679K;P681R;N764K;D796Y;S939F;Q954H;N969K;V1104L;P1143L;F1156L|16MPLF17,65,51,KP.2,1,1,2024,3,28
EPI_ISL_19054309,T19I;R21T;L24-;P25-;P26-;A27S;S50L;H69-;V70-;V127F;G142D;Y145-;F157S;R158G;N211-;L212I;V213G;L216F;H245N;T250N;A264D;I332V;G339H;R346T;K356T;S371F;S373P;S375F;T376A;R403K;D405N;R408S;K417N;N440K;V445H;G446S;N450D;L452W;L455S;F456L;N460K;S477N;T478K;N481K;V483-;E484K;F486P;Q498R;N501Y;Y505H;E554K;A570V;D614G;P621S;H655Y;N679K;P681R;N764K;D796Y;S939F;Q954H;N969K;V1104L;P1143L|16MPLF17,64,51,KP.2,19,1,2024,3,28
EPI_ISL_19056084,T19I;R21T;L24-;P25-;P26-;A27S;S50L;F59S;H69-;V70-;V127F;G142D;Y145-;F157S;R158G;N211-;L212I;V213G;L216F;H245N;A264D;I332V;G339H;R346T;K356T;S371F;S373P;S375F;T376A;R403K;D405N;R408S;K417N;N440K;V445H;G446S;N450D;L452W;L455S;F456L;N460K;S477N;T478K;N481K;V483-;E484K;F486P;Q498R;N501Y;Y505H;E554K;A570V;D614G;P621S;H655Y;N679K;P681R;N764K;D796Y;S939F;Q954H;N969K;K1086R;V1104L;P1143L|16MPLF17,65,51,KP.2,6,1,2024,3,29
EPI_ISL_19075225,T19I;R21T;L24-;P25-;P26-;A27S;S50L;H69-;V70-;V127F;G142D;Y145-;F157S;R158G;N211-;L212I;V213G;L216F;H245N;A264D;I332V;G339H;R346T;K356T;S371F;S373P;S375F;T376A;R403K;D405N;R408S;K417N;N440K;V445H;G446S;N450D;L452W;L455S;F456L;N460K;S477N;T478K;N481K;V483-;E484K;F486P;Q498R;N501Y;Y505H;E554K;A570V;D614G;P621S;H655Y;N679K;P681R;N764K;Q779K;D796Y;S939F;Q954H;N969K;V1104L;P1143L|16MPLF17,64,51,KP.2,2,1,2024,3,29
EPI_ISL_19037182,T19I;R21T;L24-;P25-;P26-;A27S;S50L;S60P;H69-;V70-;V127F;G142D;Y145-;F157S;R158G;N211-;L212I;V213G;L216F;H245N;S255-;S256-;G257-;A264D;I332V;G339H;R346T;K356T;S371F;S373P;S375F;T376A;R403K;D405N;R408S;K417N;N440K;V445H;G446S;N450D;L452W;L455S;F456L;N460K;S477N;T478K;N481K;V483-;E484K;F486P;Q498R;N501Y;Y505H;E554K;A570V;D614G;P621S;H655Y;N679K;P681R;N764K;D796Y;S939F;Q954H;N969K;V1104L;P1143L|16MPLF17,67,51,KP.2,4,1,2024,3,29
EPI_ISL_19035367,T19I;R21T;L24-;P25-;P26-;A27S;S50L;H69-;V70-;V127F;G142D;Y145-;F157S;R158G;N211-;L212I;V213G;L216F;H245N;A264D;I332V;G339H;R346T;K356T;S371F;S373P;S375F;T376A;R403K;D405N;R408S;K417N;N440K;V445H;G446S;N450D;L452W;L455S;F456L;N460K;S477N;T478K;N481K;V483-;E484K;F486P;Q498R;N501Y;Y505H;E554K;A570V;D614G;P621S;H655Y;N679K;P681R;N764K;D796Y;S939F;Q954H;N969K;V1104L;P1143L;V1264L|16MPLF17,64,51,KP.2,4,2,2024,3,29
EPI_ISL_19037089,T19I;R21T;L24-;P25-;P26-;A27S;S50L;H69-;V70-;G142D;Y145-;F157S;R158G;N211-;L212I;V213G;L216F;H245N;A264D;I332V;G339H;R346T;K356T;S371F;S373P;S375F;T376A;R403K;D405N;R408S;K417N;N440K;V445H;G446S;N450D;L452W;L455S;F456L;N460K;S477N;T478K;N481K;V483-;E484K;F486P;Q498R;N501Y;Y505H;E554K;A570V;D614G;P621S;H655Y;N679K;P681R;N764K;D796Y;S939F;Q954H;N969K;K1086R;V1104L;P1143L|16MPLF17,63,51,KP.2,1,1,2024,3,30
EPI_ISL_19061511,T19I;R21T;L24-;P25-;P26-;A27S;S50L;H69-;V70-;V127F;G142D;H146-;F157S;R158G;N211-;L212I;V213G;L216F;H245N;A264D;I332V;G339H;R346T;K356T;S371F;S373P;S375F;T376A;R403K;D405N;R408S;K417N;N440K;V445H;G446S;N450D;L452W;L455S;F456L;N460K;S477N;T478K;N481K;V483-;E484K;F486P;Q498R;N501Y;Y505H;E554K;A570V;D614G;P621S;H655Y;N679K;P681R;N764K;D796H;S939F;Q954H;N969K;V1104L;P1143L|16MPLF17,63,51,KP.2,1,1,2024,3,30
EPI_ISL_19192478,"T19I;R21T;P26N;S50L;V127F;G142D;H146Q;V213G;L216F;H245N;A264D;I332V;G339H;R346T;K356T;S371F;S373P;S375F;T376A;R403K;D405N;R408S;K417N;N440K;V445H;G446S;N450D;L452W;L455S;F456L;N460K;S477N;T478K;N481K;E484K;F486P;Q498R;N501Y;Y505H;E554K;A570V;D614G;P621S;H655Y;N679K;P681R;N764K;D796Y;S939F;Q954H;N969K;V1104L;P1143L|""""",53,51,KP.2,1,1,2024,3,30
EPI_ISL_19114562,T19I;R21T;L24-;P25-;P26-;A27S;S50L;H69-;V70-;V127F;G142D;Y145-;F157S;R158G;N211-;L212I;V213G;L216F;H245N;A264D;I332V;G339H;R346T;K356T;S371F;S373P;S375F;T376A;R403K;D405N;R408S;K417N;N440K;V445H;G446S;N450D;L452W;L455S;F456L;N460K;S477N;T478K;N481K;V483-;E484K;F486P;Q498R;N501Y;Y505H;T547I;E554K;A570V;D614G;P621S;H655Y;N679K;P681R;N764K;D796Y;S939F;Q954H;N969K;V1104L;P1143L|16MPLF17,64,51,KP.2,1,1,2024,3,31
EPI_ISL_19044419,T19I;R21T;L24-;P25-;P26-;A27S;S50L;H69-;V70-;V127F;G142D;Y145-;F157S;R158G;N211-;L212I;V213G;L216F;H245N;A264D;I332V;G339H;R346T;K356T;S371F;S373P;S375F;T376A;R403K;D405N;R408S;K417N;N440K;V445H;G446S;N450D;L452W;L455S;F456L;N460K;S477N;T478K;N481K;V483-;E484K;F486P;Q498R;N501Y;Y505H;E554K;A570V;D614G;P621S;H655Y;N679K;P681R;D796Y;S939F;Q954H;N969K;V1104L;P1143L|16MPLF17,62,51,KP.2,1,1,2024,3,31
EPI_ISL_19177571,"T19I;R21T;L24-;P25-;P26-;A27S;S50L;H69-;V70-;V127F;G142D;Y145-;F157S;R158G;N211-;L212I;V213G;L216F;H245N;T250N;A264D;I332V;G339H;R346T;K356T;S371F;S373P;S375F;T376A;R403K;D405N;R408S;K417N;N440K;V445H;G446S;N450D;L452W;L455S;F456L;N460K;S477N;T478K;N481K;V483-;E484K;F486P;Q498R;N501Y;Y505H;E554K;A570V;D614G;P621S;H655Y;N679K;P681R;N764K;D796Y;S939F;Q954H;N969K;V1104L;P1143L|""""",64,51,KP.2,2,1,2024,3,31
EPI_ISL_19058372,T19I;R21T;L24-;P25-;P26-;A27S;S50L;H69-;V70-;V127F;G142D;Y145-;F157S;R158G;N211-;L212I;V213G;L216F;H245N;A264D;I332V;G339H;R346T;K356T;S371F;S373P;S375F;T376A;R403K;D405N;R408S;K417N;N440K;V445H;G446S;N450D;L452W;L455S;F456L;N460K;S477N;T478K;N481K;V483-;E484K;F486P;Q498R;N501Y;Y505H;E554K;A570V;T572I;D614G;P621S;H655Y;N679K;P681R;N764K;D796Y;I934V;S939F;Q954H;N969K;V1104L;P1143L|16MPLF17,65,51,KP.2,1,1,2024,3,31
EPI_ISL_19061746,T19I;R21T;L24-;P25-;P26-;A27S;S31-;S50L;H69-;V70-;V127F;G142D;Y145-;F157S;R158G;N211-;L212I;V213G;L216F;H245N;A264D;I332V;G339H;R346T;K356T;S371F;S373P;S375F;T376A;R403K;D405N;R408S;K417N;N440K;V445H;G446S;N450D;L452W;L455S;F456L;N460K;S477N;T478K;N481K;V483-;E484K;F486P;Q498R;N501Y;Y505H;E554K;A570V;D614G;P621S;H655Y;N679K;P681R;N764K;D796Y;S939F;Q954H;N969K;K1086R;V1104L;P1143L|16MPLF17,65,52,KP.2,96,24,2024,4,1
EPI_ISL_19035416,T19I;R21T;L24-;P25-;P26-;A27S;S50L;H69-;V70-;V127F;G142D;Y145-;F157S;R158G;N211-;L212I;V213G;L216F;H245N;A264D;I332V;G339H;R346T;K356T;S371F;S373P;S375F;T376A;R403K;D405N;R408S;K417N;N440K;V445H;G446S;N450D;L452W;L455S;F456L;N460K;S477N;T478K;N481K;V483-;E484K;F486P;Q498R;N501Y;Y505H;E554K;A570V;D614G;P621S;H655Y;N679K;P681R;N764K;D796Y;S939F;Q954H;N969K;V1104L;P1143L;V1264L|16MPLF17,64,52,KP.2,4,1,2024,4,1
EPI_ISL_19079975,"T19I;R21T;L24-;P25-;P26-;A27S;S31-;S50L;H69-;V70-;V127F;G142D;Y145-;F157S;R158G;N211-;L212I;V213G;L216F;H245N;A264D;I332V;G339H;R346T;K356T;S371F;S373P;S375F;T376A;R403K;D405N;R408S;K417N;N440K;V445H;G446S;N450D;L452W;L455S;F456L;N460K;S477N;T478K;N481K;V483-;E484K;F486P;Q498R;N501Y;Y505H;E554K;A570V;D614G;P621S;H655Y;N679K;P681R;N764K;D796Y;S939F;Q954H;N969K;K1086R;V1104L;P1143L|""""",65,52,KP.2,14,3,2024,4,1
EPI_ISL_19055759,T19I;R21T;L24-;P25-;P26-;A27S;S50L;S60P;H69-;V70-;V127F;G142D;Y145-;F157S;R158G;N211-;L212I;V213G;L216F;H245N;S255-;S256-;G257-;A264D;I332V;G339H;R346T;K356T;S371F;S373P;S375F;T376A;R403K;D405N;R408S;K417N;N440K;V445H;G446S;N450D;L452W;L455S;F456L;N460K;S477N;T478K;N481K;V483-;E484K;F486P;Q498R;N501Y;Y505H;E554K;A570V;D614G;P621S;H655Y;N679K;P681R;N764K;D796Y;S939F;Q954H;N969K;V1104L;P1143L|16MPLF17,67,52,KP.2,4,1,2024,4,1
EPI_ISL_19073841,T19I;R21T;L24-;P25-;P26-;A27S;S50L;H69-;V70-;V127F;G142D;Y145-;F157S;R158G;N211-;L212I;V213G;L216F;H245N;A264D;I332V;G339H;R346T;K356T;S371F;S373P;S375F;T376A;R403K;D405N;R408S;K417N;N440K;V445H;G446S;N450D;L452W;L455S;F456L;N460K;S477N;T478K;N481K;V483-;E484K;F486P;Q498R;N501Y;Y505H;E554K;A570V;D614G;P621S;H655Y;N679K;P681R;N764K;D796Y;S939F;Q954H;N969K;K1086R;V1104L;P1143L;P1162S|16MPLF17,65,52,KP.2,25,4,2024,4,1
EPI_ISL_19055018,T19I;R21T;L24-;P25-;P26-;A27S;S50L;H69-;V70-;V127F;G142D;Y145-;F157S;R158G;N211-;L212I;V213G;L216F;H245N;A264D;I332V;G339H;R346T;K356T;S371F;S373P;S375F;T376A;R403K;D405N;R408S;K417N;N440K;V445H;G446S;N450D;L452W;L455S;F456L;N460K;S477N;T478K;N481K;V483-;E484K;F486P;Q498R;N501Y;Y505H;E554K;A570V;D614G;P621S;H655Y;N679K;P681R;S704L;N764K;D796Y;S939F;Q954H;N969K;V1104L;P1143L|16MPLF17,64,52,KP.2,1,1,2024,4,1
EPI_ISL_19081401,T19I;R21T;L24-;P25-;P26-;A27S;S50L;H69-;V70-;V127F;G142D;Y145-;F157S;R158G;K182N;N211-;L212I;V213G;L216F;H245N;A264D;I332V;G339H;R346T;K356T;S371F;S373P;S375F;T376A;R403K;D405N;R408S;K417N;N440K;V445H;G446S;N450D;L452W;L455S;F456L;N460K;S477N;T478K;N481K;V483-;E484K;F486P;Q498R;N501Y;Y505H;E554K;A570V;D614G;P621S;H655Y;N679K;P681R;N764K;D796Y;S939F;Q954H;N969K;K1086R;V1104L;P1143L|16MPLF17,65,52,KP.2,228,101,2024,4,1
EPI_ISL_19055008,T19I;R21T;L24-;P25-;P26-;A27S;S50L;H69-;V70-;V127F;G142D;Y145-;F157S;R158G;N211-;L212I;V213G;L216F;H245N;A264D;I332V;G339H;R346T;K356T;S371F;S373P;S375F;T376A;R403K;D405N;R408S;K417N;N440K;V445H;G446S;N450D;L452W;L455S;F456L;N460K;S477N;T478K;N481K;V483-;E484K;F486P;Q498R;N501Y;Y505H;E554K;A570V;D614G;P621S;H655Y;N679K;P681R;N764K;D796Y;S939F;Q954H;N969K;K1086R;V1104L;P1143L|16MPLF17,64,52,KP.2,264,85,2024,4,1
EPI_ISL_19054168,T19I;R21T;L24-;P25-;P26-;A27S;S50L;H69-;V70-;V127F;G142D;Y145-;F157S;R158G;N211-;L212I;V213G;L216F;H245N;A264D;I332V;G339H;R346T;K356T;S371F;S373P;S375F;T376A;R403K;D405N;R408S;K417N;N440K;V445H;G446S;N450D;L452W;L455S;F456L;N460K;S477N;T478K;N481K;V483-;E484K;F486P;Q498R;N501Y;Y505H;E554K;A570V;D614G;P621S;H655Y;N679K;P681R;N764K;D796Y;S939F;Q954H;N969K;V1104L;P1143L;Q1201K|16MPLF17,64,52,KP.2,65,21,2024,4,1
EPI_ISL_19092680,"T19I;R21T;L24-;P25-;P26-;A27S;S50L;H69-;V70-;V127F;G142D;Y145-;F157S;R158G;N211-;L212I;V213G;L216F;H245N;A264D;I332V;G339H;R346T;K356T;S371F;S373P;S375F;T376A;R403K;D405N;R408S;K417N;N440K;V445H;G446S;N450D;L452W;L455S;F456L;N460K;S477N;T478K;N481K;V483-;E484K;F486P;Q498R;N501Y;Y505H;E554K;A570V;D614G;P621S;H655Y;N679K;P681R;N764K;D796Y;S939F;Q954H;N969K;K1086R;V1104L;P1143L|""""",64,52,KP.2,36,17,2024,4,1
EPI_ISL_19092684,"T19I;R21T;L24-;P25-;P26-;A27S;S50L;H69-;V70-;V127F;G142D;Y145-;F157S;R158G;N211-;L212I;V213G;L216F;H245N;A264D;I332V;G339H;R346T;K356T;S371F;S373P;S375F;T376A;R403K;D405N;R408S;K417N;N440K;V445H;G446S;N450D;L452W;L455S;F456L;N460K;S477N;T478K;N481K;V483-;E484K;F486P;Q498R;N501Y;Y505H;E554K;A570V;D614G;P621S;H655Y;N679K;P681R;N764K;D796Y;S939F;Q954H;N969K;V1104L;P1143L|""""",63,52,KP.2,128,71,2024,4,1
EPI_ISL_19060004,T19I;R21T;L24-;P25-;P26-;A27S;S50L;H69-;V70-;V127F;G142D;Y145-;F157S;R158G;N211-;L212I;V213G;L216F;H245N;A264D;I332V;G339H;R346T;K356T;S371F;S373P;S375F;T376A;R403K;D405N;R408S;K417N;N440K;V445H;G446S;N450D;L452W;L455S;F456L;N460K;S477N;T478K;N481K;V483-;E484K;F486P;Q498R;N501Y;Y505H;E554K;A570V;D614G;P621S;H655Y;N679K;P681R;N764K;D796Y;S939F;Q954H;N969K;V1104L;P1143L|16MPLF17,63,52,KP.2,1105,455,2024,4,1
EPI_ISL_19061543,T19I;R21T;L24-;P25-;P26-;A27S;S50L;H69-;V70-;V127F;G142D;Y145-;F157S;R158G;N185D;N211-;L212I;V213G;L216F;H245N;A264D;I332V;G339H;R346T;K356T;S371F;S373P;S375F;T376A;R403K;D405N;R408S;K417N;N440K;V445H;G446S;N450D;L452W;L455S;F456L;N460K;S477N;T478K;N481K;V483-;E484K;F486P;Q498R;N501Y;Y505H;E554K;A570V;D614G;P621S;H655Y;N679K;P681R;N764K;D796Y;S939F;Q954H;N969K;V1104L;P1143L|16MPLF17,64,52,KP.2,11,4,2024,4,1
EPI_ISL_19077620,"T19I;R21T;L24-;P25-;P26-;A27S;S50L;H69-;V70-;V127F;G142D;Y145-;F157S;R158G;V213G;L216F;H245N;A264D;I332V;G339H;R346T;K356T;S371F;S373P;S375F;T376A;R403K;D405N;R408S;K417N;N440K;V445H;G446S;N450D;L452W;L455S;F456L;N460K;S477N;T478K;N481K;V483-;E484K;F486P;Q498R;N501Y;Y505H;E554K;A570V;D614G;P621S;H655Y;N679K;P681R;N764K;D796Y;S939F;Q954H;N969K;V1104L;P1143L|""""",61,52,KP.2,17,7,2024,4,1
EPI_ISL_19090436,T19I;R21T;L24-;P25-;P26-;A27S;S50L;H69-;V70-;V127F;G142D;H146-;F157S;R158G;N211-;L212I;V213G;L216F;H245N;A264D;I332V;G339H;R346T;K356T;S371F;S373P;S375F;T376A;R403K;D405N;R408S;K417N;N440K;V445H;G446S;N450D;L452W;L455S;F456L;N460K;S477N;T478K;N481K;V483-;E484K;F486P;Q498R;N501Y;Y505H;E554K;A570V;D614G;P621S;H655Y;N679K;P681R;N764K;D796Y;S939F;Q954H;N969K;V1104L;P1143L|16MPLF17,63,52,KP.2,21,9,2024,4,1
EPI_ISL_19143380,T19I;R21T;L24-;P25-;P26-;A27S;S50L;F59L;H69-;V70-;V127F;G142D;Y145-;F157S;R158G;N211-;L212I;V213G;L216F;H245N;A264D;I332V;G339H;R346T;K356T;S371F;S373P;S375F;T376A;R403K;D405N;R408S;K417N;N440K;V445H;G446S;N450D;L452W;L455S;F456L;N460K;S477N;T478K;N481K;V483-;E484K;F486P;Q498R;N501Y;Y505H;E554K;A570V;D614G;P621S;H655Y;N679K;P681R;N764K;D796Y;S939F;Q954H;N969K;V1104L;P1143L;K1266R|16MPLF17,65,52,KP.2,143,41,2024,4,2
EPI_ISL_19044433,T19I;R21T;L24-;P25-;P26-;A27S;S50L;H69-;V70-;V127F;G142D;Y145-;F157S;R158G;N211-;L212I;V213G;L216F;H245N;A264D;I332V;G339H;R346T;K356T;S371F;S373P;S375F;T376A;R403K;D405N;R408S;K417N;N440K;V445H;G446S;N450D;L452W;L455S;F456L;N460K;S477N;T478K;N481K;V483-;E484K;F486P;Q498R;N501Y;Y505H;A570V;D614G;P621S;H655Y;N679K;P681R;N764K;D796Y;S939F;Q954H;N969K;V1104L;P1143L|16MPLF17,62,52,KP.2,8,6,2024,4,2
EPI_ISL_19087976,T19I;R21T;L24-;P25-;P26-;A27S;S50L;H69-;V70-;V127F;G142D;Y145-;F157S;R158G;N211-;L212I;V213G;L216F;H245N;A264D;I332V;G339H;R346T;K356T;S371F;S373P;S375F;T376A;R403K;D405N;R408S;K417N;N440K;V445H;G446S;N450D;L452W;L455S;F456L;N460K;S477N;T478K;N481K;V483-;E484K;F486P;Q498R;N501Y;Y505H;E554K;A570V;D614G;P621S;H655Y;N679K;P681R;N764K;Q779K;D796Y;S939F;Q954H;N969K;V1104L;P1143L|16MPLF17,64,52,KP.2,2,1,2024,4,2
EPI_ISL_19142846,T19I;R21T;L24-;P25-;P26-;A27S;S50L;H69-;V70-;V127F;G142D;Y145-;F157S;R158G;N211-;L212I;V213G;L216F;H245N;A264D;I332V;G339H;R346T;K356T;S371F;S373P;S375F;T376A;R403K;D405N;R408S;K417N;N440K;V445H;G446S;N450D;L452W;L455S;F456L;N460K;S477N;T478K;N481K;V483-;E484K;F486P;Q498R;N501Y;Y505H;E554K;A570V;D614G;P621S;H655Y;N679K;P681R;N764K;D796Y;S939F;Q954H;N969K;V1104L;P1143L;V1176F|16MPLF17,64,52,KP.2,44,31,2024,4,2
EPI_ISL_19082761,T19I;R21T;L24-;P25-;P26-;A27S;S50L;H69-;V70-;V127F;G142D;Y145-;F157S;R158G;N211-;L212I;V213G;L216F;H245N;A264D;I332V;G339H;R346T;K356T;S371F;S373P;S375F;T376A;R403K;D405N;R408S;K417N;N440K;V445H;G446S;N450D;L452W;L455S;F456L;N460K;S477N;T478K;N481K;V483-;E484K;F486P;Q498R;N501Y;Y505H;E554K;A570V;D614G;P621S;H655Y;N679K;P681R;N764K;D796Y;S939F;Q954H;N969K;V1104L;P1143L;E1150D|16MPLF17,64,52,KP.2,3,2,2024,4,2
EPI_ISL_19051320,T19I;R21T;L24-;P25-;P26-;A27S;S50L;H69-;V70-;V127F;G142D;Y145-;F157S;R158G;N211-;L212I;V213G;L216F;H245N;A264D;I332V;G339H;R346T;K356T;S371F;S373P;S375F;T376A;R403K;D405N;R408S;K417N;N440R;V445H;G446S;N450D;L452W;L455S;F456L;N460K;S477N;T478K;N481K;V483-;E484K;F486P;Q498R;N501Y;Y505H;E554K;A570V;D614G;P621S;H655Y;N679K;P681R;N764K;D796Y;S939F;Q954H;N969K;V1104L;P1143L|16MPLF17,63,52,KP.2,2,2,2024,4,2
EPI_ISL_19142905,T19I;R21T;L24-;P25-;P26-;A27S;S50L;H69-;V70-;V127F;G142D;Y145-;F157S;R158G;K187R;N211-;L212I;V213G;L216F;H245N;A264D;I332V;G339H;R346T;K356T;S371F;S373P;S375F;T376A;R403K;D405N;R408S;K417N;N440K;V445H;G446S;N450D;L452W;L455S;F456L;N460K;S477N;T478K;N481K;V483-;E484K;F486P;Q498R;N501Y;Y505H;E554K;A570V;D614G;P621S;H655Y;N679K;P681R;N764K;D796Y;S939F;Q954H;N969K;V1104L;P1143L|16MPLF17,64,52,KP.2,41,18,2024,4,2
EPI_ISL_19054214,T19I;R21T;L24-;P25-;P26-;A27S;S50L;H69-;V70-;V127F;G142D;Y145-;F157S;R158G;N211-;L212I;V213G;L216F;H245N;A264D;I332V;G339H;R346T;K356T;S371F;S373P;S375F;T376A;R403K;D405N;R408S;K417N;N440K;V445H;G446S;N450D;L452W;L455S;F456L;N460K;S477N;T478K;N481K;V483-;E484K;F486P;Q498R;N501Y;Y505H;E554K;N556S;A570V;D614G;P621S;H655Y;N679K;P681R;N764K;D796Y;S939F;Q954H;N969K;V1104L;P1143L|16MPLF17,64,52,KP.2,1,1,2024,4,2
EPI_ISL_19082294,"T19I;R21T;L24-;P25-;P26-;A27S;S31-;S50L;H69-;V70-;V127F;G142D;Y145-;H146Q;F157S;R158G;N211-;L212I;V213G;L216F;H245N;A264D;I332V;G339H;R346T;K356T;S371F;S373P;S375F;T376A;R403K;D405N;R408S;K417N;N440K;V445H;G446S;N450D;L452W;L455S;F456L;N460K;S477N;T478K;N481K;V483-;E484K;F486P;Q498R;N501Y;Y505H;E554K;A570V;D614G;P621S;H655Y;N679K;P681R;N764K;D796Y;S939F;Q954H;N969K;V1104L;P1143L|""""",65,52,KP.2,46,16,2024,4,3
EPI_ISL_19164612,"T19I;R21T;L24-;P25-;P26-;A27S;S50L;H69-;V70-;V127F;G142D;Y145-;F157S;R158G;K182N;V213G;L216F;H245N;A264D;I332V;G339H;R346T;K356T;S371F;S373P;S375F;T376A;R403K;D405N;R408S;K417N;N440K;V445H;G446S;N450D;L452W;L455S;F456L;N460K;S477N;T478K;N481K;V483-;E484K;F486P;Q498R;N501Y;Y505H;E554K;A570V;D614G;P621S;H655Y;N679K;P681R;N764K;D796Y;S939F;Q954H;N969K;K1086R;V1104L;P1143L|""""",63,52,KP.2,7,2,2024,4,3
EPI_ISL_19156619,T19I;R21T;L24-;P25-;P26-;A27S;S31-;S50L;H69-;V70-;V127F;G142D;Y145-;H146Q;F157S;R158G;N211-;L212I;V213G;L216F;H245N;A264D;I332V;G339H;R346T;K356T;S371F;S373P;S375F;T376A;R403K;D405N;R408S;K417N;N440K;V445H;G446S;N450D;L452W;L455S;F456L;N460K;S477N;T478K;N481K;V483-;E484K;F486P;Q498R;N501Y;Y505H;E554K;A570V;D614G;P621S;H655Y;N679K;P681R;N764K;D796Y;S939F;Q954H;N969K;V1104L;P1143L|16MPLF17,65,52,KP.2,219,43,2024,4,3
EPI_ISL_19073936,T19I;R21T;L24-;P25-;P26-;A27S;S50L;A67S;H69-;V70-;V127F;G142D;Y145-;F157S;R158G;N211-;L212I;V213G;L216F;H245N;A264D;I332V;G339H;R346T;K356T;S371F;S373P;S375F;T376A;R403K;D405N;R408S;K417N;N440K;V445H;G446S;N450D;L452W;L455S;F456L;N460K;S477N;T478K;N481K;V483-;E484K;F486P;Q498R;N501Y;Y505H;E554K;A570V;D614G;P621S;H655Y;N679K;P681R;N764K;D796Y;S939F;Q954H;N969K;K1086R;V1104L;P1143L|16MPLF17,65,52,KP.2,4,4,2024,4,4
EPI_ISL_19063242,T19I;R21T;L24-;P25-;P26-;A27S;S50L;H69-;V70-;V127F;G142D;Y145-;F157S;R158G;N211-;L212I;V213G;L216F;H245N;A264D;I332V;G339H;R346T;K356T;S371F;S373P;S375F;T376A;R403K;D405N;R408S;K417N;N440K;V445H;G446S;N450D;L452W;L455S;F456L;N460K;S477N;T478K;N481K;V483-;E484K;F486P;Q498R;N501Y;Y505H;E554K;A570V;D614G;P621S;H655Y;N679K;P681R;N764K;D796Y;A846V;S939F;Q954H;N969K;V1104L;P1143L|16MPLF17,64,52,KP.2,8,8,2024,4,4
EPI_ISL_19177253,T19I;R21T;L24-;P25-;P26-;A27S;S31F;S50L;H69-;V70-;V127F;G142D;Y145-;F157S;R158G;K187R;N211-;L212I;V213G;L216F;H245N;A264D;I332V;G339H;R346T;K356T;S371F;S373P;S375F;T376A;R403K;D405N;R408S;K417N;N440K;V445H;G446S;N450D;L452W;L455S;F456L;N460K;S477N;T478K;N481K;V483-;E484K;F486P;Q498R;N501Y;Y505H;E554K;A570V;D614G;P621S;H655Y;N679K;P681R;N764K;D796Y;S939F;Q954H;N969K;V1104L;P1143L|16MPLF17,65,52,KP.2,12,3,2024,4,4
EPI_ISL_19073969,T19I;R21T;L24-;P25-;P26-;A27S;S50L;H69-;V70-;V127F;G142D;Y145-;F157S;R158G;K182N;N211-;L212I;V213G;L216F;H245N;A264D;I332V;G339H;R346T;K356T;S371F;S373P;S375F;T376A;R403K;D405N;R408S;K417N;N440K;V445H;G446S;N450D;L452W;L455S;F456L;N460K;S477N;T478K;N481K;V483-;E484K;F486P;Q498R;N501Y;Y505H;E554K;A570V;D614G;P621S;H655Y;N679K;P681R;N764K;D796Y;S939F;Q954H;N969K;K1086R;V1104L;P1143L;E1207D|16MPLF17,66,52,KP.2,1,1,2024,4,4
EPI_ISL_19142801,T19I;R21T;P25-;P26-;A27-;S50L;H69-;V70-;V127F;G142D;Y145-;F157S;R158G;K182N;N211-;L212I;V213G;L216F;H245N;A264D;I332V;G339H;R346T;K356T;S371F;S373P;S375F;T376A;R403K;D405N;R408S;K417N;N440K;V445H;G446S;N450D;L452W;L455S;F456L;N460K;S477N;T478K;N481K;V483-;E484K;F486P;Q498R;N501Y;Y505H;E554K;A570V;D614G;P621S;H655Y;N679K;P681R;N764K;D796Y;S939F;Q954H;N969K;K1086R;V1104L;P1143L|16MPLF17,64,52,KP.2,1,1,2024,4,4
EPI_ISL_19053068,T19I;R21T;L24-;P25-;P26-;A27S;S50L;H69-;V70-;V127F;G142D;Y145-;F157S;R158G;K187R;N211-;L212I;V213G;L216F;H245N;A264D;I332V;G339H;R346T;K356T;S371F;S373P;S375F;T376A;R403K;D405N;K417N;N440K;V445H;G446S;N450D;L452W;L455S;F456L;N460K;S477N;T478K;N481K;V483-;E484K;F486P;Q498R;N501Y;Y505H;E554K;A570V;D614G;P621S;H655Y;N679K;P681R;N764K;D796Y;S939F;Q954H;N969K;V1104L;P1143L|16MPLF17,63,52,KP.2,2,2,2024,4,5
EPI_ISL_19146406,T19I;R21T;L24-;P25-;P26-;A27S;S50L;H69-;V70-;V127F;G142D;Y145-;F157S;R158G;N185-;F186I;N211-;L212I;V213G;L216F;H245N;A264D;I332V;G339H;R346T;K356T;S371F;S373P;S375F;T376A;R403K;D405N;R408S;K417N;N440K;V445H;G446S;N450D;L452W;L455S;F456L;N460K;S477N;T478K;N481K;V483-;E484K;F486P;Q498R;N501Y;Y505H;E554K;A570V;D614G;P621S;H655Y;N679K;P681R;N764K;D796Y;S939F;Q954H;N969K;K1086R;V1104L;P1143L|16MPLF17,66,52,KP.2,37,14,2024,4,5
EPI_ISL_19070055,T19I;R21T;L24-;P25-;P26-;A27S;S50L;H69-;V70-;V127F;G142D;Y145-;S155I;F157S;R158G;N211-;L212I;V213G;L216F;H245N;A264D;I332V;G339H;R346T;K356T;S371F;S373P;S375F;T376A;R403K;D405N;R408S;K417N;N440K;V445H;G446S;N450D;L452W;L455S;F456L;N460K;S477N;T478K;N481K;V483-;E484K;F486P;Q498R;N501Y;Y505H;E554K;A570V;D614G;P621S;H655Y;N679K;P681R;N764K;D796Y;S939F;Q954H;N969K;V1104L;P1143L|16MPLF17,64,52,KP.2,1,1,2024,4,5
EPI_ISL_19142800,T19I;R21T;L24-;P25-;P26-;A27S;S50L;H69-;V70-;V127F;G142D;Y145-;F157S;R158G;K182N;N211-;L212I;V213G;L216F;H245N;A264D;I332V;G339H;R346T;K356T;S371F;S373P;S375F;T376A;R403K;D405N;R408S;K417N;N440K;V445H;G446S;N450D;L452W;L455S;F456L;N460K;S477N;T478K;N481K;V483-;E484K;F486P;Q498R;N501Y;Y505H;E554K;A570V;D614G;P621S;H655Y;N679K;P681R;R683Q;N764K;D796Y;S939F;Q954H;N969K;K1086R;V1104L;P1143L|16MPLF17,66,52,KP.2,1,1,2024,4,5
EPI_ISL_19073080,"T19I;R21T;L24-;P25-;P26-;A27S;S31-;S50L;H69-;V70-;V127F;G142D;Y145-;F157S;R158G;N211-;L212I;V213G;L216F;H245N;A264D;I332V;G339H;R346T;K356T;S371F;S373P;S375F;T376A;R403K;D405N;R408S;K417N;N440K;V445H;G446S;N450D;L452W;L455S;F456L;N460K;S477N;T478K;N481K;V483-;E484K;F486P;Q498R;N501Y;Y505H;E554K;A570V;D614G;P621S;H655Y;N679K;P681R;N764K;D796Y;S939F;Q954H;N969K;V1104L;P1143L|""""",64,52,KP.2,9,4,2024,4,5
EPI_ISL_19051442,T19I;R21T;L24-;P25-;P26-;A27S;S50L;H69-;V70-;G75A;V127F;G142D;Y145-;F157S;R158G;K182N;N211-;L212I;V213G;L216F;H245N;A264D;I332V;G339H;R346T;K356T;S371F;S373P;S375F;T376A;R403K;D405N;R408S;K417N;N440K;V445H;G446S;N450D;L452W;L455S;F456L;N460K;S477N;T478K;N481K;V483-;E484K;F486P;Q498R;N501Y;Y505H;E554K;A570V;D614G;P621S;H655Y;N679K;P681R;N764K;D796Y;S939F;Q954H;N969K;K1086R;V1104L;P1143L|16MPLF17,66,52,KP.2,1,1,2024,4,5
EPI_ISL_19101017,T19I;R21T;L24-;P25-;P26-;A27S;S50L;H69-;V70-;V127F;G142D;Y145-;F157S;R158G;N211-;L212I;V213G;L216F;H245N;W258R;A264D;I332V;G339H;R346T;K356T;S371F;S373P;S375F;T376A;R403K;D405N;R408S;K417N;N440K;V445H;G446S;N450D;L452W;L455S;F456L;N460K;S477N;T478K;N481K;V483-;E484K;F486P;Q498R;N501Y;Y505H;E554K;A570V;D614G;P621S;H655Y;N679K;P681R;A701V;N764K;D796Y;S939F;Q954H;N969K;V1104L;P1143L|16MPLF17,65,52,KP.2,2,2,2024,4,5
EPI_ISL_19079528,"T19I;R21T;L24-;P25-;P26-;A27S;S50L;F59L;H69-;V70-;V127F;G142D;Y145-;F157S;R158G;N211-;L212I;V213G;L216F;H245N;A264D;I332V;G339H;R346T;K356T;S371F;S373P;S375F;T376A;R403K;D405N;R408S;K417N;N440K;V445H;G446S;N450D;L452W;L455S;F456L;N460K;S477N;T478K;N481K;V483-;E484K;F486P;Q498R;N501Y;Y505H;E554K;A570V;D614G;P621S;H655Y;N679K;P681R;N764K;D796Y;S939F;Q954H;N969K;V1104L;P1143L;K1266R|""""",65,52,KP.2,29,19,2024,4,5
EPI_ISL_19073034,"T19I;R21T;P25-;P26-;A27-;S50L;H69-;V70-;V127F;G142D;Y145-;F157S;R158G;N211-;L212I;V213G;L216F;H245N;A264D;I332V;G339H;R346T;K356T;S371F;S373P;S375F;T376A;R403K;D405N;R408S;K417N;N440K;V445H;G446S;N450D;L452W;L455S;F456L;N460K;S477N;T478K;N481K;V483-;E484K;F486P;Q498R;N501Y;Y505H;E554K;A570V;D614G;P621S;H655Y;N679K;P681R;N764K;D796Y;S939F;Q954H;N969K;V1104L;P1143L|""""",62,52,KP.2,2,2,2024,4,5
EPI_ISL_19182528,T19I;R21T;S50L;H69-;V70-;V127F;G142D;Y145-;F157S;R158G;N211-;L212I;V213G;L216F;H245N;A264D;I332V;G339H;R346T;K356T;S371F;S373P;S375F;T376A;R403K;D405N;R408S;K417N;N440K;V445H;G446S;N450D;L452W;L455S;F456L;N460K;S477N;T478K;N481K;F486P;Q498R;N501Y;Y505H;E554K;A570V;D614G;P621S;H655Y;N679K;P681R;N764K;D796Y;S939F;Q954H;N969K;K1086R;V1104L;P1143L|16MPLF17,58,52,KP.2,1,1,2024,4,5
EPI_ISL_19073967,T19I;R21T;L24-;P25-;P26-;A27S;S31P;S50L;H69-;V70-;V127F;G142D;Y145-;F157S;R158G;N211-;L212I;V213G;L216F;H245N;A264D;I332V;G339H;R346T;K356T;S371F;S373P;S375F;T376A;R403K;D405N;R408S;K417N;N440K;V445H;G446S;N450D;L452W;L455S;F456L;N460K;S477N;T478K;N481K;V483-;E484K;F486P;Q498R;N501Y;Y505H;E554K;A570V;D614G;P621S;H655Y;N679K;P681R;N764K;D796Y;S939F;Q954H;N969K;V1104L;P1143L;V1176F|16MPLF17,65,52,KP.2,1,1,2024,4,5
EPI_ISL_19070070,T19I;R21T;L24-;P25-;P26-;A27S;S31F;S50L;H69-;V70-;V127F;G142D;Y145-;F157S;R158G;N211-;L212I;V213G;L216F;H245N;A264D;I332V;G339H;R346T;K356T;S371F;S373P;S375F;T376A;R403K;D405N;R408S;K417N;N440K;V445H;G446S;N450D;L452W;L455S;F456L;N460K;S477N;T478K;N481K;V483-;E484K;F486P;Q498R;N501Y;Y505H;E554K;A570V;D614G;P621S;H655Y;N679K;P681R;N764K;D796Y;S939F;Q954H;N969K;V1104L;P1143L|16MPLF17,64,52,KP.2,11,3,2024,4,6
EPI_ISL_19073973,T19I;R21T;P25-;P26-;A27-;S50L;H69-;V70-;V127F;G142D;Y145-;F157S;R158G;N211-;L212I;V213G;L216F;H245N;A264D;I332V;G339H;R346T;K356T;S371F;S373P;S375F;T376A;R403K;D405N;R408S;K417N;N440K;V445H;G446S;N450D;L452W;L455S;F456L;N460K;S477N;T478K;N481K;V483-;E484K;F486P;Q498R;N501Y;Y505H;E554K;A570V;D614G;P621S;H655Y;N679K;P681R;N764K;D796Y;S939F;Q954H;N969K;K1086R;V1104L;P1143L|16MPLF17,63,52,KP.2,5,2,2024,4,6
EPI_ISL_19130025,T19I;R21T;L24-;P25-;P26-;A27S;S50L;H69-;V70-;D80Y;V127F;G142D;Y145-;F157S;R158G;K182N;N211-;L212I;V213G;L216F;H245N;A264D;I332V;G339H;R346T;K356T;S371F;S373P;S375F;T376A;R403K;D405N;R408S;K417N;N440K;V445H;G446S;N450D;L452W;L455S;F456L;N460K;S477N;T478K;N481K;V483-;E484K;F486P;Q498R;N501Y;Y505H;E554K;A570V;D614G;P621S;H655Y;N679K;P681R;N764K;D796Y;S939F;Q954H;N969K;K1086R;V1104L;P1143L|16MPLF17,66,52,KP.2,1,1,2024,4,6
EPI_ISL_19170219,"R21T;L24-;P25-;P26-;A27S;S50L;H69-;V70-;V127F;G142D;Y145-;F157S;R158G;N211-;L212I;V213G;H245N;A264D;I332V;G339H;R346T;K356T;S371F;S373P;S375F;T376A;R403K;D405N;R408S;K417N;V445H;G446S;L455S;F456L;N460K;S477N;T478K;N481K;V483-;E484K;F486P;N501Y;Y505H;E554K;A570V;D614G;P621S;H655Y;N679K;P681R;N764K;D796Y;Q954H;N969K;V1104L;P1143L|""""",56,52,KP.2,1,1,2024,4,6
EPI_ISL_19193552,T19I;R21T;L24-;P25-;P26-;A27S;S50L;H69-;V70-;V127F;G142D;Y145-;F157S;R158G;N211-;L212I;V213E;L216F;H245N;A264D;I332V;G339H;R346T;K356T;S371F;S373P;S375F;T376A;R403K;D405N;R408S;K417N;N440K;V445H;G446S;N450D;L452W;L455S;F456L;N460K;A475V;S477N;T478K;N481K;V483-;E484K;F486P;Q498R;N501Y;Y505H;E554K;A570V;D614G;P621S;H655Y;N679K;P681R;N764K;D796Y;S939F;Q954H;N969K;V1104L;P1143L|16MPLF17,64,52,KP.2,1,1,2024,4,7
EPI_ISL_19072444,T19I;R21T;L24-;P25-;P26-;A27S;S50L;H69-;V70-;V127F;G142D;Y145-;F157S;R158G;N211-;L212I;V213G;L216F;H245N;A264D;I332V;G339H;R346T;K356T;S371F;S373P;S375F;T376A;R403K;D405N;R408S;K417N;N440K;V445H;G446S;N450D;L452W;L455S;F456L;N460K;S477N;T478K;N481K;V483-;E484K;F486P;Q498R;N501Y;Y505H;L552F;E554K;A570V;D614G;P621S;H655Y;N679K;P681R;N764K;D796Y;S939F;Q954H;N969K;V1104L;P1143L|16MPLF17,64,52,KP.2,1,1,2024,4,7
EPI_ISL_19076486,L5F;T19I;R21T;L24-;P25-;P26-;A27S;S50L;H69-;V70-;V127F;G142D;Y145-;F157S;R158G;N211-;L212I;V213G;L216F;H245N;A264D;I332V;G339H;R346T;K356T;S371F;S373P;S375F;T376A;R403K;D405N;R408S;K417N;N440K;V445H;G446S;N450D;L452W;L455S;F456L;N460K;S477N;T478K;N481K;V483-;E484K;F486P;Q498R;N501Y;Y505H;E554K;A570V;D614G;P621S;H655Y;N679K;P681R;N764K;D796Y;S939F;Q954H;N969K;K1086R;V1104L;P1143L|16MPLF17,65,52,KP.2,35,6,2024,4,7
EPI_ISL_19072155,T19I;R21T;L24-;P25-;P26-;A27S;S50L;H69-;V70-;S98F;V127F;G142D;Y145-;F157S;R158G;K182N;N211-;L212I;V213G;L216F;H245N;A264D;I332V;G339H;R346T;K356T;S371F;S373P;S375F;T376A;R403K;D405N;R408S;K417N;N440K;V445H;G446S;N450D;L452W;L455S;F456L;N460K;S477N;T478K;N481K;V483-;E484K;F486P;Q498R;N501Y;Y505H;E554K;A570V;D614G;P621S;H655Y;N679K;P681R;N764K;D796Y;S939F;Q954H;N969K;K1086R;V1104L;P1143L|16MPLF17,66,52,KP.2,1,1,2024,4,8
EPI_ISL_19092866,"T19I;R21T;L24-;P25-;P26-;A27S;S50L;H69-;V70-;V127F;G142D;Y145-;F157S;R158G;N211-;L212I;V213G;L216F;H245N;A264D;I332V;G339H;R346T;K356T;S371F;S373P;S375F;T376A;R403K;D405N;R408S;K417N;N440K;V445H;G446S;N450D;L452W;L455S;F456L;N460K;S477N;T478K;N481K;V483-;E484K;F486P;Q498R;N501Y;Y505H;E554K;A570V;D614G;P621S;H655Y;N679K;P681R;N764K;D796Y;S939F;Q954H;N969K;K1086R;V1104L;P1143L;P1162S|""""",65,52,KP.2,3,2,2024,4,8
EPI_ISL_19071314,T19I;R21T;L24-;P25-;P26-;A27S;S31F;S50L;H69-;V70-;V127F;G142D;H146Q;F157S;R158G;N211-;L212I;V213G;L216F;H245N;A264D;I332V;G339H;R346T;K356T;S371F;S373P;S375F;T376A;R403K;D405N;R408S;K417N;N440K;V445H;G446S;N450D;L452W;L455S;F456L;N460K;S477N;T478K;N481K;V483-;F486P;Q498R;N501Y;Y505H;E554K;A570V;D614G;P621S;H655Y;N679K;P681R;N764K;D796Y;S939F;Q954H;N969K;V1104L;P1143L|16MPLF17,63,52,KP.2,1,1,2024,4,8
EPI_ISL_19073076,"T19I;R21T;L24-;P25-;P26-;A27S;S50L;H69-;V70-;V127F;G142D;H146-;F157S;R158G;N211-;L212I;V213G;L216F;H245N;A264D;I332V;G339H;R346T;K356T;S371F;S373P;S375F;T376A;R403K;D405N;R408S;K417N;N440K;V445H;G446S;N450D;L452W;L455S;F456L;N460K;S477N;T478K;N481K;V483-;E484K;F486P;Q498R;N501Y;Y505H;E554K;A570V;D614G;P621S;H655Y;N679K;P681R;N764K;D796Y;S939F;Q954H;N969K;V1104L;P1143L|""""",63,52,KP.2,5,4,2024,4,8
EPI_ISL_19062864,T19I;R21T;L24-;P25-;P26-;A27S;S50L;H69-;V70-;V127F;G142D;Y145-;F157S;R158G;G181V;N211-;L212I;V213G;L216F;H245N;A264D;I332V;G339H;R346T;K356T;S371F;S373P;S375F;T376A;R403K;D405N;R408S;K417N;N440K;V445H;G446S;N450D;L452W;L455S;F456L;N460K;S477N;T478K;N481K;V483-;E484K;F486P;Q498R;N501Y;Y505H;E554K;A570V;D614G;P621S;H655Y;N679K;P681R;N764K;D796Y;S939F;Q954H;N969K;V1104L;P1143L|16MPLF17,64,52,KP.2,5,1,2024,4,8
EPI_ISL_19073078,"T19I;R21T;L24-;P25-;P26-;A27S;S31F;S50L;H69-;V70-;V127F;G142D;Y145-;F157S;R158G;N211-;L212I;V213G;L216F;H245N;A264D;I332V;G339H;R346T;K356T;S371F;S373P;S375F;T376A;R403K;D405N;R408S;K417N;N440K;V445H;G446S;N450D;L452W;L455S;F456L;N460K;S477N;T478K;N481K;V483-;E484K;F486P;Q498R;N501Y;Y505H;E554K;A570V;D614G;P621S;H655Y;N679K;P681R;N764K;D796Y;S939F;Q954H;N969K;V1104L;P1143L|""""",64,52,KP.2,4,4,2024,4,8
EPI_ISL_19134455,T19I;R21T;L24-;P25-;P26-;A27S;S50L;H69-;V70-;V127F;G142D;Y145-;F157S;R158G;N211-;L212I;V213G;L216F;H245N;A264D;I332V;G339H;R346T;K356T;S371F;S373P;S375F;T376A;R403K;D405N;R408S;K417N;N440K;V445H;G446S;N450D;L452W;L455S;F456L;N460K;S477N;T478E;N481K;V483-;E484K;F486P;Q498R;N501Y;Y505H;E554K;A570V;D614G;P621S;H655Y;N679K;P681R;N764K;D796Y;S939F;Q954H;N969K;V1104L;P1143L|16MPLF17,63,52,KP.2,24,5,2024,4,8
EPI_ISL_19094375,T19I;R21T;L24-;P25-;P26-;A27S;S50L;F59S;H69-;V70-;V127F;G142D;Y145-;F157S;R158G;N211-;L212I;V213G;L216F;H245N;A264D;I332V;G339H;R346T;K356T;S371F;S373P;S375F;T376A;R403K;D405N;R408S;K417N;N440K;V445H;G446S;N450D;L452W;L455S;F456L;N460K;S477N;T478K;N481K;V483-;E484K;F486P;Q498R;N501Y;Y505H;E554K;A570V;D614G;P621S;H655Y;N679K;P681R;N764K;D796Y;S939F;Q954H;N969K;V1104L;P1143L|16MPLF17,64,52,KP.2,8,4,2024,4,8
EPI_ISL_19092633,"T19I;R21T;L24-;P25-;P26-;A27S;S50L;S60C;H69-;V70-;V127F;G142D;Y145-;F157S;R158G;N211-;L212I;V213G;L216F;H245N;A264D;I332V;G339H;R346T;K356T;S371F;S373P;S375F;T376A;R403K;D405N;R408S;K417N;N440K;V445H;G446S;N450D;L452W;L455S;F456L;N460K;S477N;T478K;N481K;V483-;E484K;F486P;Q498R;N501Y;Y505H;E554K;A570V;D614G;P621S;H655Y;N679K;P681R;N764K;D796Y;S939F;Q954H;N969K;V1104L;P1143L|""""",64,52,KP.2,1,1,2024,4,8
EPI_ISL_19076472,T19I;R21T;L24-;P25-;P26-;A27S;S50L;H69-;V70-;V127F;G142D;Y145-;F157S;R158G;K187R;N211G;L212-;V213-;L216F;H245N;A264D;I332V;G339H;R346T;K356T;S371F;S373P;S375F;T376A;R403K;D405N;R408S;K417N;N440K;V445H;G446S;N450D;L452W;L455S;F456L;N460K;S477N;T478K;N481K;V483-;E484K;F486P;Q498R;N501Y;Y505H;E554K;A570V;D614G;P621S;H655Y;N679K;P681R;N764K;D796Y;S939F;Q954H;N969K;V1104L;P1143L|16MPLF17,64,52,KP.2,4,2,2024,4,8
EPI_ISL_19086399,T19I;R21T;L24-;P25-;P26-;A27S;S50L;F59L;H69-;V70-;V127F;G142D;Y145-;F157S;R158G;N211-;L212I;V213G;L216F;H245N;A264D;I332V;G339H;R346T;K356T;S371F;S373P;S375F;T376A;R403K;D405N;R408S;K417N;N440K;V445H;G446S;N450D;L452W;L455S;F456L;N460K;S477N;T478K;N481K;V483-;E484K;F486P;Q498R;N501Y;Y505H;E554K;A570V;D614G;P621S;H655Y;N679K;P681R;N764K;D796Y;S939F;Q954H;N969K;A1078T;V1104L;P1143L;K1266R|16MPLF17,66,52,KP.2,1,1,2024,4,9
EPI_ISL_19088250,T19I;R21T;L24-;P25-;P26-;A27S;S50L;H69-;V70-;V127F;G142D;Y145-;F157S;R158G;N211-;L212I;V213G;L216F;H245N;A264D;I332V;P337S;G339H;R346T;K356T;S371F;S373P;S375F;T376A;R403K;D405N;R408S;K417N;N440K;V445H;G446S;N450D;L452W;L455S;F456L;N460K;S477N;T478K;N481K;V483-;E484K;F486P;Q498R;N501Y;Y505H;E554K;A570V;D614G;P621S;H655Y;N679K;P681R;N764K;D796Y;A831V;S939F;Q954H;N969K;V1104L;P1143L|16MPLF17,65,52,KP.2,1,1,2024,4,9
EPI_ISL_19073063,"T19I;R21T;L24-;P25-;P26-;A27S;S31-;S50L;H69-;V70-;R78M;V127F;G142D;Y145-;F157S;R158G;N211-;L212I;V213G;L216F;H245N;A264D;I332V;G339H;R346T;K356T;S371F;S373P;S375F;T376A;R403K;D405N;R408S;K417N;N440K;V445H;G446S;N450D;L452W;L455S;F456L;N460K;S477N;T478K;N481K;V483-;E484K;F486P;Q498R;N501Y;Y505H;E554K;A570V;D614G;P621S;H655Y;N679K;P681R;N764K;D796Y;S939F;Q954H;N969K;V1104L;P1143L|""""",65,52,KP.2,1,1,2024,4,9
EPI_ISL_19134136,T19I;R21T;L24-;P25-;P26-;A27S;S50L;H69-;V70-;V127F;G142D;Y145-;F157S;R158G;N185D;N211-;L212I;V213G;L216F;H245N;A264D;I332V;G339H;R346T;K356T;S371F;S373P;S375F;T376A;R403K;D405N;R408S;K417N;N440K;V445H;G446S;N450D;L452W;L455S;F456L;N460K;S477N;T478K;N481K;V483-;E484K;F486P;Q498R;N501Y;Y505H;E554K;A570V;D614G;P621S;H655Y;N679K;P681R;N764K;D796Y;S939F;Q954H;N969K;K1086R;V1104L;P1143L|16MPLF17,65,52,KP.2,4,4,2024,4,9
EPI_ISL_19063833,T19I;R21T;L24-;P25-;P26-;A27S;S31F;S50L;H69-;V70-;V127F;G142D;Y145-;F157S;R158G;N211-;L212I;V213G;L216F;H245N;A264D;I332V;G339H;R346T;K356T;S371F;S373P;S375F;T376A;R403K;D405N;R408S;K417N;N440K;V445H;G446S;N450D;L452W;L455S;F456L;N460K;S477N;T478K;N481K;V483-;E484K;F486P;Q498R;N501Y;Y505H;E554K;A570V;D614G;P621S;H655Y;N679K;P681R;N764K;D796Y;S939F;Q954H;N969K;K1086R;V1104L;P1143L;P1162S|16MPLF17,66,52,KP.2,1,1,2024,4,9
EPI_ISL_19091028,T19I;R21T;L24-;P25-;P26-;A27S;S50L;H69-;V70-;V127F;G142D;Y145-;F157S;R158G;K182N;N211-;L212I;V213G;L216F;H245N;A264D;I332V;G339H;R346T;K356T;S371F;S373P;S375F;T376A;R403K;D405N;R408S;K417N;N440K;V445H;G446S;N450D;L452W;L455S;F456L;N460K;S477N;T478K;N481K;V483-;E484K;F486P;Q498R;N501Y;Y505H;E554K;A570V;D614G;P621S;H655Y;N679K;P681R;R683L;N764K;D796Y;S939F;Q954H;N969K;K1086R;V1104L;P1143L|16MPLF17,66,52,KP.2,5,2,2024,4,9
EPI_ISL_19135488,"T19I;R21T;L24-;P25-;P26-;A27S;S50L;H69-;V70-;V127F;G142D;Y145-;F157S;R158G;K187R;N211-;L212I;V213G;L216F;H245N;A264D;I332V;G339H;R346T;K356T;S371F;S373P;S375F;T376A;R403K;D405N;R408S;K417N;N440K;V445H;G446S;N450D;L452W;L455S;F456L;N460K;S477N;T478K;N481K;V483-;E484K;F486P;Q498R;N501Y;Y505H;E554K;A570V;D614G;P621S;H655Y;N679K;P681R;A684V;N764K;D796Y;S939F;Q954H;N969K;V1104L;P1143L|""""",65,52,KP.2,2,2,2024,4,9
EPI_ISL_19053131,T19I;R21T;L24-;P25-;P26-;A27S;S50L;H69-;V70-;V127F;G142D;Y145-;F157S;R158G;N211-;L212I;V213G;L216F;H245N;A264D;I332V;G339H;R346T;K356T;S371F;S373P;S375F;T376A;R403K;D405N;K417N;N440K;V445H;G446S;N450D;L452W;L455S;F456L;N460K;S477N;T478K;N481K;V483-;E484K;F486P;Q498R;N501Y;Y505H;E554K;A570V;D614G;P621S;H655Y;N679K;P681R;N764K;D796Y;S939F;Q954H;N969K;V1104L;P1143L|16MPLF17,62,52,KP.2,11,5,2024,4,9
EPI_ISL_19081737,"T19I;R21T;L24-;P25-;P26-;A27S;S50L;H69-;V70-;V127F;G142D;Y145-;F157S;R158G;G181V;N211-;L212I;V213G;L216F;H245N;A264D;I332V;G339H;R346T;K356T;S371F;S373P;S375F;T376A;R403K;D405N;R408S;K417N;N440K;V445H;G446S;N450D;L452W;L455S;F456L;N460K;S477N;T478K;N481K;V483-;E484K;F486P;Q498R;N501Y;Y505H;E554K;A570V;D614G;P621S;H655Y;N679K;P681R;N764K;D796Y;S939F;Q954H;N969K;V1104L;P1143L|""""",64,52,KP.2,4,2,2024,4,10
EPI_ISL_19179838,T19I;R21T;L24-;P25-;P26-;A27S;S50L;L56V;H69-;V70-;V127F;G142D;Y145-;F157S;R158G;N211-;L212I;V213G;L216F;H245N;A264D;I332V;G339H;R346T;K356T;S371F;S373P;S375F;T376A;R403K;D405N;R408S;K417N;N440K;V445H;G446S;N450D;L452W;L455S;F456L;N460K;S477N;T478K;N481K;V483-;E484K;F486P;Q498R;N501Y;Y505H;E554K;A570V;D614G;P621S;H655Y;N679K;P681R;N764K;D796Y;S939F;Q954H;N969K;V1104L;P1143L|16MPLF17,64,52,KP.2,3,1,2024,4,10
EPI_ISL_19142484,T19I;R21T;L24-;P25-;P26-;A27S;S50L;H69-;V70-;V127F;G142D;Y145-;F157S;R158G;N211-;L212I;V213G;L216F;H245N;A264D;I332V;G339H;R346T;K356T;S371F;S373P;S375F;T376A;R403K;D405N;R408S;K417N;N440K;L441V;V445H;G446S;N450D;L452W;L455S;F456L;N460K;S477N;T478K;N481K;V483-;E484K;F486P;Q498R;N501Y;Y505H;E554K;A570V;D614G;P621S;H655Y;N679K;P681R;N764K;D796Y;S939F;Q954H;N969K;V1104L;P1143L|16MPLF17,64,52,KP.2,11,4,2024,4,10
EPI_ISL_19062847,T19I;R21T;L24-;P25-;P26-;A27S;S50L;H69-;V70-;V127F;G142D;Y145-;F157S;R158G;N211-;L212I;V213G;L216F;H245N;A264D;I332V;G339H;R346T;K356T;S371F;S373P;S375F;T376A;R403K;D405N;R408S;K417N;N440K;V445H;G446S;N450D;L452W;L455S;F456L;N460K;S477N;T478K;N481K;V483-;E484K;F486P;Q498R;N501Y;Y505H;E554K;A570V;D614G;P621S;H655Y;N679K;P681R;A688V;N764K;D796Y;S939F;Q954H;N969K;V1104L;P1143L|16MPLF17,64,52,KP.2,5,3,2024,4,10
EPI_ISL_19110365,T19I;R21T;L24-;P25-;P26-;A27S;S50L;H69-;V70-;V127F;G142D;Y145-;F157S;R158G;N211-;L212I;V213G;L216F;H245N;A264D;I332V;G339H;R346T;K356T;S371F;S373P;S375F;T376A;R403K;D405N;R408S;K417N;N440K;V445H;G446S;N450D;L452W;L455S;F456L;N460K;S477N;T478K;N481K;V483-;E484K;F486P;Q498R;N501Y;Y505H;E554K;A570V;D614G;P621S;H655Y;N679K;P681H;N764K;D796Y;S939F;Q954H;N969K;V1104L;P1143L|16MPLF17,63,52,KP.2,8,2,2024,4,10
EPI_ISL_19081739,"T19I;R21T;L24-;P25-;P26-;A27S;S50L;S60P;H69-;V70-;V127F;G142D;Y145-;F157S;R158G;N211-;L212I;V213G;L216F;H245N;A264D;I332V;G339H;R346T;K356T;S371F;S373P;S375F;T376A;R403K;D405N;R408S;K417N;N440K;V445H;G446S;N450D;L452W;L455S;F456L;N460K;S477N;T478K;N481K;V483-;E484K;F486P;Q498R;N501Y;Y505H;E554K;A570V;D614G;P621S;H655Y;N679K;P681R;N764K;D796Y;S939F;Q954H;N969K;V1104L;P1143L|""""",64,52,KP.2,5,1,2024,4,10
EPI_ISL_19067751,T19I;R21T;L24-;P25-;P26-;A27S;S50L;H69-;V70-;V127F;G142D;Y145-;F157S;R158G;K187R;N211-;L212I;V213G;L216F;H245N;G257R;A264D;I332V;G339H;R346T;K356T;S371F;S373P;S375F;T376A;R403K;D405N;R408S;K417N;N440K;V445H;G446S;N450D;L452W;L455S;F456L;N460K;S477N;T478K;N481K;V483-;E484K;F486P;Q498R;N501Y;Y505H;E554K;A570V;D614G;P621S;H655Y;N679K;P681R;N764K;D796Y;S939F;Q954H;N969K;V1104L;P1143L|16MPLF17,65,52,KP.2,6,6,2024,4,10
EPI_ISL_19192476,"T19I;R21T;S50L;V127F;G142D;N211-;L212I;V213G;L216F;H245N;A264D;I332V;G339H;R346T;K356T;S371F;S373P;S375F;T376A;R403K;D405N;R408S;K417N;N440K;V445H;G446S;N450D;L452W;L455S;F456L;N460K;S477N;T478K;N481K;E484K;F486P;Q498R;N501Y;Y505H;E554K;A570V;D614G;P621S;H655Y;N679K;P681R;N764K;D796Y;S939F;Q954H;N969K;K1086R;V1104L;P1143L|""""",54,52,KP.2,1,1,2024,4,10
EPI_ISL_19070204,T19I;R21T;L24-;P25-;P26-;A27S;S50L;H69-;V70-;V127F;G142D;Y145-;F157S;R158G;N211-;L212I;V213G;L216F;H245N;A264D;I332V;G339H;R346T;K356T;S371F;S373P;S375F;T376A;R403K;D405N;R408S;K417N;N440K;V445H;G446S;N450D;L452W;L455S;F456L;N460K;S477N;T478K;N481K;V483-;E484K;F486P;Q498R;N501Y;Y505H;E554K;A570V;T572I;D614G;P621S;H655Y;N679K;P681R;N764K;D796Y;S939F;Q954H;N969K;V1104L;P1143L|16MPLF17,64,52,KP.2,20,8,2024,4,10
EPI_ISL_19060077,T19I;R21T;L24-;P25-;P26-;A27S;S50L;H69-;V70-;V127F;G142D;Y145-;F157S;R158G;G184S;N211-;L212I;V213G;L216F;H245N;A264D;I332V;G339H;R346T;K356T;S371F;S373P;S375F;T376A;R403K;D405N;R408S;K417N;N440K;V445H;G446S;N450D;L452W;L455S;F456L;N460K;S477N;T478K;N481K;V483-;E484K;F486P;Q498R;N501Y;Y505H;E554K;A570V;D614G;P621S;H655Y;N679K;P681R;N764K;D796Y;S939F;Q954H;N969K;V1104L;P1143L|16MPLF17,64,52,KP.2,2,1,2024,4,10
EPI_ISL_19053114,T19I;R21T;L24-;P25-;P26-;A27S;S50L;H69-;V70-;V127F;G142D;Y145-;F157S;R158G;K182N;N211-;L212I;V213G;L216F;H245N;A264D;I332V;G339H;R346T;K356T;S371F;S373P;S375F;T376A;R403K;D405N;K417N;N440K;V445H;G446S;N450D;L452W;L455S;F456L;N460K;S477N;T478K;N481K;V483-;E484K;F486P;Q498R;N501Y;Y505H;E554K;A570V;D614G;P621S;H655Y;N679K;P681R;N764K;D796Y;S939F;Q954H;N969K;V1104L;P1143L|16MPLF17,63,52,KP.2,1,1,2024,4,10
EPI_ISL_19067792,T19I;R21T;L24-;P25-;P26-;A27S;S50L;H69-;V70-;V127F;G142D;Y145-;F157L;R158G;N211-;L212I;V213G;L216F;H245N;A264D;I332V;G339H;R346T;K356T;S371F;S373P;S375F;T376A;R403K;D405N;R408S;K417N;N440K;V445H;G446S;N450D;L452W;L455S;F456L;N460K;S477N;T478K;N481K;V483-;E484K;F486P;Q498R;N501Y;Y505H;E554K;A570V;D614G;P621S;H655Y;N679K;P681R;N764K;D796Y;S939F;Q954H;N969K;V1104L;P1143L|16MPLF17,63,52,KP.2,1,1,2024,4,10
EPI_ISL_19164570,T19I;R21T;L24-;P25-;P26-;A27S;S50L;H69-;V70-;S98F;V127F;G142D;Y145-;F157S;R158G;N211-;L212I;V213G;L216F;H245N;A264D;I332V;G339H;R346T;K356T;S371F;S373P;S375F;T376A;R403K;D405N;R408S;K417N;N440K;V445H;G446S;N450D;L452W;L455S;F456L;N460K;S477N;T478K;N481K;V483-;E484K;F486P;Q498R;N501Y;Y505H;E554K;A570V;D614G;P621S;H655Y;N679K;P681R;N764K;D796Y;S939F;Q954H;N969K;V1104L;P1143L|16MPLF17,64,52,KP.2,1,1,2024,4,11
EPI_ISL_19164580,T19I;R21T;L24-;P25-;P26-;A27S;S50L;H69-;V70-;V127F;G142D;Y145-;F157S;R158G;N185D;N211-;L212I;V213G;L216F;H245N;A264D;I332V;G339H;R346T;K356T;S371F;S373P;S375F;R403K;D405N;R408S;K417N;N440K;V445H;G446S;N450D;L452W;L455S;F456L;N460K;S477N;T478K;N481K;V483-;E484K;F486P;Q498R;N501Y;Y505H;E554K;A570V;D614G;P621S;H655Y;N679K;P681R;N764K;D796Y;S939F;Q954H;N969K;V1104L;P1143L|16MPLF17,63,52,KP.2,1,1,2024,4,11
EPI_ISL_19144326,"T19I;R21T;L24-;P25-;P26-;A27S;S50L;H69-;V70-;V127F;G142D;Y145-;F157S;R158G;N211-;L212I;V213G;L216F;H245N;A264D;I332V;G339H;R346T;K356T;S371F;S373P;S375F;T376A;R403K;D405N;R408S;K417N;N440K;V445H;G446S;N450D;L452W;L455S;F456L;N460K;S477N;T478K;N481K;V483-;E484K;F486P;Q498R;N501Y;Y505H;E554K;A570V;D614G;P621S;H655Y;N679K;P681R;N764K;D796Y;S939F;Q954H;N969K;V1104L;P1143L;Q1201K|""""",64,52,KP.2,12,4,2024,4,11
EPI_ISL_19164578,T19I;R21T;L24-;P25-;P26-;A27S;S50L;S60P;H69-;V70-;V127F;G142D;Y145-;F157S;R158G;N211-;L212I;V213G;L216F;H245N;A264D;I332V;G339H;R346T;K356T;S371F;S373P;S375F;T376A;R403K;D405N;R408S;K417N;N440K;V445H;G446S;N450D;L452W;L455S;F456L;N460K;S477N;T478K;N481K;V483-;E484K;F486P;Q498R;N501Y;Y505H;E554K;A570V;D614G;P621S;H655Y;N679K;P681R;N764K;D796Y;S939F;Q954H;N969K;V1104L;P1143L|16MPLF17,64,52,KP.2,10,3,2024,4,11
EPI_ISL_19067793,T19I;R21T;L24-;P25-;P26-;A27S;S50L;H69-;V70-;V127F;D138H;G142D;Y145-;F157S;R158G;N211-;L212I;V213G;L216F;H245N;A264D;I332V;G339H;R346T;K356T;S371F;S373P;S375F;T376A;R403K;D405N;R408S;K417N;N440K;V445H;G446S;N450D;L452W;L455S;F456L;N460K;S477N;T478K;N481K;V483-;E484K;F486P;Q498R;N501Y;Y505H;E554K;A570V;D614G;P621S;H655Y;N679K;P681R;N764K;D796Y;S939F;Q954H;N969K;V1104L;P1143L|16MPLF17,64,52,KP.2,4,1,2024,4,12
EPI_ISL_19142682,T19I;R21T;L24-;P25-;P26-;A27S;S31-;S50L;H69-;V70-;E96G;V127F;G142D;Y145-;F157S;R158G;N211-;L212I;V213G;L216F;H245N;A264D;I332V;G339H;R346T;K356T;S371F;S373P;S375F;T376A;R403K;D405N;R408S;K417N;N440K;V445H;G446S;N450D;L452W;L455S;F456L;N460K;S477N;T478K;N481K;V483-;E484K;F486P;Q498R;N501Y;Y505H;E554K;A570V;D614G;P621S;H655Y;N679K;P681R;N764K;D796Y;S939F;Q954H;N969K;K1086R;V1104L;P1143L|16MPLF17,66,52,KP.2,1,1,2024,4,12
EPI_ISL_19088386,T19I;R21T;L24-;P25-;P26-;A27S;S50L;H69-;V70-;V127F;G142D;Y145-;F157S;R158G;N211-;L212I;V213G;L216F;H245N;A264D;I332V;G339H;R346T;K356T;S371F;S373P;S375F;T376A;R403K;D405N;R408S;K417N;N440K;K444R;V445H;G446S;N450D;L452W;L455S;F456L;N460K;S477N;T478K;N481K;V483-;E484K;F486P;Q498R;N501Y;Y505H;E554K;A570V;D614G;P621S;H655Y;N679K;P681R;N764K;D796Y;S939F;Q954H;N969K;V1104L;P1143L|16MPLF17,64,52,KP.2,1,1,2024,4,12
EPI_ISL_19142752,T19I;R21T;L24-;P25-;P26-;A27S;S50L;H69-;V70-;V127F;G142D;Y145-;F157S;R158G;N211-;L212I;V213G;L216F;H245N;S254F;A264D;I332V;G339H;R346T;K356T;S371F;S373P;S375F;T376A;R403K;D405N;R408S;K417N;N440K;V445H;G446S;N450D;L452W;L455S;F456L;N460K;S477N;T478K;N481K;V483-;E484K;F486P;Q498R;N501Y;Y505H;E554K;A570V;D614G;P621S;H655Y;N679K;P681R;N764K;D796Y;S939F;Q954H;N969K;V1104L;P1143L|16MPLF17,64,52,KP.2,1,1,2024,4,13
EPI_ISL_19086501,T19I;R21T;L24-;P25-;P26-;A27S;S50L;H69-;V70-;V127F;G142D;Y145-;F157S;R158G;N211-;L212I;V213G;L216F;H245N;A264D;I332V;G339H;R346T;K356T;S371F;S373P;S375F;T376A;R403K;D405N;R408S;K417N;N440K;V445H;G446S;N450D;L452W;L455S;F456L;N460K;S477N;T478K;N481K;V483-;E484K;F486P;Q498R;N501Y;Y505H;E554K;A570V;D614G;P621S;H655Y;N679K;P681R;N764K;D796Y;S939F;Q954H;N969K;V1104L;I1114T;P1143L;Q1201K|16MPLF17,65,52,KP.2,4,3,2024,4,14
EPI_ISL_19060298,T19I;R21T;L24-;P25-;P26-;A27S;S31-;S50L;H69-;V70-;V127F;G142D;Y145-;H146Q;F157S;R158G;N211-;L212I;V213G;L216F;H245N;A264D;I332V;G339H;R346T;K356T;S371F;S373P;S375F;T376A;R403K;D405N;R408S;K417N;N440K;V445H;G446S;N450D;L452W;L455S;F456L;N460K;A475V;S477N;T478K;N481K;V483-;E484K;F486P;Q498R;N501Y;Y505H;E554K;A570V;D614G;P621S;H655Y;N679K;P681R;N764K;D796Y;S939F;Q954H;N969K;V1104L;P1143L|16MPLF17,66,52,KP.2,4,3,2024,4,14
EPI_ISL_19146024,"T19I;R21T;L24-;P25-;P26-;A27S;S50L;H69-;V70-;V127F;G142D;Y145-;F157S;R158G;K187R;N211-;L212I;V213G;L216F;H245N;A264D;I332V;G339H;R346T;K356T;S371F;S373P;S375F;T376A;R403K;D405N;R408S;K417N;N440K;V445H;G446S;N450D;L452W;L455S;F456L;N460K;S477N;T478K;N481K;V483-;E484K;F486P;Q498R;N501Y;Y505H;E554K;A570V;D614G;P621S;H655Y;N679K;P681R;N764K;D796Y;S939F;Q954H;N969K;V1104L;P1143L|""""",64,52,KP.2,5,2,2024,4,15
EPI_ISL_19081696,T19I;R21T;L24-;P25-;P26-;A27S;S50L;H69-;V70-;V127F;G142D;Y145-;F157S;R158G;N211-;L212I;V213G;L216F;H245N;A264D;I332V;G339H;R346T;K356T;S371F;S373P;S375F;T376A;R403K;D405N;R408S;K417N;N440K;V445H;G446S;N450D;L452W;L455S;F456L;N460K;S477N;T478K;N481K;V483-;E484K;F486P;Q498R;N501Y;Y505H;E554K;A570V;D614G;P621S;H655Y;N679K;P681R;R683W;N764K;D796Y;S939F;Q954H;N969K;V1104L;P1143L;Q1201K|16MPLF17,65,52,KP.2,1,1,2024,4,15
EPI_ISL_19142086,T19I;R21T;L24-;P25-;P26-;A27S;S50L;H69-;V70-;V127F;G142D;Y145-;F157S;R158G;K187R;N211-;L212I;V213G;L216F;H245N;A264D;I332V;G339H;R346T;K356T;S371F;S373P;S375F;T376A;R403K;D405N;R408S;K417N;T430I;N440K;V445H;G446S;N450D;L452W;L455S;F456L;N460K;S477N;T478K;N481K;V483-;E484K;F486P;Q498R;N501Y;Y505H;E554K;A570V;D614G;P621S;H655Y;N679K;P681R;N764K;D796Y;S939F;Q954H;N969K;V1104L;P1143L|16MPLF17,65,52,KP.2,1,1,2024,4,15
EPI_ISL_19081702,R21T;L24-;P25-;P26-;A27S;S50L;F59L;H69-;V70-;V127F;G142D;Y145-;F157S;R158G;N211-;L212I;V213G;L216F;H245N;A264D;I332V;G339H;R346T;K356T;S371F;S373P;S375F;T376A;R403K;D405N;R408S;K417N;N440K;V445H;G446S;N450D;L452W;L455S;F456L;N460K;S477N;T478K;N481K;V483-;E484K;F486P;Q498R;N501Y;Y505H;E554K;A570V;D614G;P621S;H655Y;N679K;P681R;N764K;D796Y;S939F;Q954H;N969K;V1104L;P1143L;K1266R|16MPLF17,64,52,KP.2,1,1,2024,4,15
EPI_ISL_19140954,"T19I;L24-;P25-;P26-;A27S;S50L;H69-;V70-;V127F;G142D;F157S;R158G;N211-;L212I;V213G;L216F;H245N;A264D;I332V;G339H;R346T;K356T;S371F;S373P;S375F;T376A;R403K;D405N;R408S;K417N;N440K;V445H;G446S;N450D;L452W;L455S;F456L;N460K;S477N;T478K;N481K;E484K;F486P;Q498R;N501Y;Y505H;E554K;A570V;D614G;P621S;H655Y;N679K;P681R;N764K;D796Y;S939F;Q954H;N969K;V1104L;P1143L|""""",60,52,KP.2,1,1,2024,4,15
EPI_ISL_19130405,"T19I;R21T;L24-;P25-;P26-;A27S;F32L;S50L;F59I;H69-;V70-;V127F;G142D;Y145-;F157S;R158G;K187R;N211-;L212I;V213G;L216F;H245N;A264D;I332V;G339H;R346T;K356T;S371F;S373P;S375F;T376A;R403K;D405N;R408S;K417N;N440K;V445H;G446S;N450D;L452W;L455S;F456L;N460K;S477N;T478K;N481K;V483-;E484K;F486P;Q498R;N501Y;Y505H;E554K;A570V;D614G;P621S;H655Y;N679K;P681H;N764K;D796Y;S939F;Q954H;N969K;V1104L;P1143L;E1144Q|""""",67,52,KP.2,1,1,2024,4,15
EPI_ISL_19068830,T19I;R21T;L24-;P25-;P26-;A27S;S50L;H69-;V70-;V127F;G142D;Y145-;F157S;R158G;N211-;L212I;V213G;L216F;H245N;A264D;I332V;G339H;R346T;K356T;S371F;S373P;S375F;T376A;R403K;D405N;K417N;N440K;V445H;G446S;N450D;L452W;L455S;F456L;N460K;S477N;T478K;N481K;V483-;E484K;F486P;Q498R;N501Y;Y505H;E554K;A570V;D614G;P621S;H655Y;N679K;P681R;N764K;D796Y;S939F;Q954H;N969K;K1086R;V1104L;P1143L|16MPLF17,63,52,KP.2,1,1,2024,4,15
EPI_ISL_19175547,T19I;R21T;L24-;P25-;P26-;A27S;S50L;H69-;V70-;V127F;G142D;Y145-;F157S;R158G;N211-;L212I;V213G;L216F;H245N;A264D;I332V;G339H;R346T;K356T;S371F;S373P;S375F;T376A;D405N;R408S;K417N;N440K;V445H;G446S;N450D;L452W;L455S;F456L;N460K;S477N;T478K;N481K;V483-;E484K;F486P;Q498R;N501Y;Y505H;E554K;A570V;D614G;P621S;H655Y;N679K;P681R;A688V;N764K;D796Y;S939F;Q954H;N969K;K1086R;V1104L;P1143L|16MPLF17,64,52,KP.2,1,1,2024,4,15
EPI_ISL_19140564,T19I;R21T;L24-;P25-;P26-;A27S;S50L;H69-;V70-;V127F;G142D;Y145-;F157S;R158G;N211-;L212I;V213G;L216F;H245N;A264D;I332V;G339H;R346T;K356T;S371F;S373P;S375F;T376A;R403K;D405N;R408S;K417N;N440K;V445H;G446S;N450D;L452W;L455S;F456L;N460K;S477N;T478K;P479L;N481K;V483-;E484K;F486P;Q498R;N501Y;Y505H;E554K;A570V;D614G;P621S;H655Y;N679K;P681R;N764K;D796Y;S939F;Q954H;N969K;V1104L;P1143L|16MPLF17,64,52,KP.2,1,1,2024,4,15
EPI_ISL_19164572,T19I;R21T;L24-;P25-;P26-;A27S;S50L;H69-;V70-;V127F;G142D;Y145-;F157S;R158G;N211-;L212I;V213G;L216F;H245N;A264D;I332V;R346T;K356T;S371F;S373P;S375F;T376A;R403K;D405N;R408S;K417N;N440K;V445H;G446S;N450D;L452W;L455S;F456L;N460K;S477N;T478K;N481K;V483-;E484K;F486P;Q498R;N501Y;Y505H;E554K;A570V;D614G;P621S;H655Y;N679K;P681R;N764K;D796Y;S939F;Q954H;N969K;V1104L;P1143L|16MPLF17,62,52,KP.2,1,1,2024,4,15
EPI_ISL_19166039,T19I;R21T;L24-;P25-;P26-;A27S;S50L;H69-;V70-;V127F;G142D;Y145-;F157S;R158G;N211-;L212I;V213G;L216F;H245N;A264D;I332V;G339H;R346T;K356T;S371F;S373P;S375F;T376A;R403K;D405N;R408S;K417N;N440K;V445H;G446S;N450D;L452W;L455S;F456L;N460K;S477N;T478K;N481K;V483-;E484K;F486P;Q498R;N501Y;Y505H;E554K;A570V;D614G;P621S;H655Y;P681R;N764K;D796Y;S939F;Q954H;N969K;V1104L;P1143L|16MPLF17,62,52,KP.2,4,1,2024,4,15
EPI_ISL_19164571,T19I;R21T;L24-;P25-;P26-;A27S;S50L;H69-;V70-;V127F;G142D;Y145-;F157S;R158G;N211-;L212I;V213G;L216F;H245N;A264D;I332V;G339H;R346T;K356T;S371F;S373P;S375F;T376A;R403K;D405N;R408S;K417N;N440K;V445H;G446S;N450D;L452W;L455S;F456L;N460K;S477N;T478R;N481K;V483-;E484K;F486P;Q498R;N501Y;Y505H;E554K;A570V;D614G;P621S;H655Y;N679K;P681R;N764K;D796Y;S939F;Q954H;N969K;V1104L;P1143L|16MPLF17,63,52,KP.2,1,1,2024,4,15
EPI_ISL_19159921,T19I;R21T;L24-;P25-;P26-;A27S;S50L;F59L;H69-;V70-;V127F;G142D;Y145-;F157S;R158G;N211-;L212I;V213G;L216F;H245N;A264D;I332V;G339H;R346T;K356T;S371F;S373P;S375F;T376A;R403K;D405N;R408S;K417N;N440K;V445H;G446S;N450D;L452W;L455S;F456L;N460K;S477N;T478K;N481K;V483-;E484K;F486P;Q498R;N501Y;Y505H;E554K;A570V;D614G;P621S;H655Y;N679K;P681R;N764K;D796Y;S939F;Q954H;N969K;V1104L;P1143L;E1202K;K1266R|16MPLF17,66,52,KP.2,2,2,2024,4,15
EPI_ISL_19130270,T19I;R21T;L24-;P25-;P26-;A27S;S50L;H69-;V70-;R78K;V127F;G142D;Y145-;F157S;R158G;N211-;L212I;V213G;L216F;H245N;A264D;I332V;G339H;R346T;K356T;S371F;S373P;S375F;T376A;R403K;D405N;R408S;K417N;N440K;V445H;G446S;N450D;L452W;L455S;F456L;N460K;S477N;T478K;N481K;V483-;E484K;F486P;Q498R;N501Y;Y505H;E554K;A570V;D614G;P621S;H655Y;N679K;P681R;N764K;D796Y;S939F;Q954H;N969K;V1104L;P1143L|16MPLF17,64,52,KP.2,1,1,2024,4,16
EPI_ISL_19175149,T19I;R21T;L24-;P25-;P26-;A27S;S31-;S50L;H69-;V70-;V127F;G142D;Y145-;F157S;R158G;N211-;L212I;V213G;L216F;H245N;A264D;I332V;G339H;R346T;K356T;S371F;S373P;S375F;T376A;R403K;D405N;R408S;K417N;N440K;V445H;G446S;N450D;L452W;L455S;F456L;N460K;S477N;T478K;N481K;V483-;E484K;F486P;Q498R;N501Y;Y505H;E554K;A570V;D614G;P621S;H655Y;N679K;P681R;N764K;D796Y;S939F;Q954H;N969K;V1104L;P1143L|16MPLF17,64,52,KP.2,32,1,2024,4,16
EPI_ISL_19189252,T19I;R21T;L24-;P25-;P26-;A27S;S50L;H69-;V70-;V127F;G142D;Y145-;F157S;R158G;N211-;L212I;V213G;L216F;H245N;A264D;I332V;G339H;R346T;K356T;S371F;S373P;S375F;T376A;R403K;D405N;R408S;K417N;N440K;V445H;G446S;N450D;L452W;L455S;F456L;N460K;S477N;T478K;N481K;V483-;E484K;F486P;Q498R;N501Y;Y505H;E554K;A570V;D614G;H655Y;N679K;P681R;N764K;D796Y;S939F;Q954H;N969K;V1104L;P1143L|16MPLF17,62,52,KP.2,1,1,2024,4,16
EPI_ISL_19090819,T19I;R21T;L24-;P25-;P26-;A27S;S31-;S50L;A67V;H69-;V70-;V127F;G142D;Y145-;H146Q;F157S;R158G;N211-;L212I;V213G;L216F;H245N;A264D;I332V;G339H;R346T;K356T;S371F;S373P;S375F;T376A;R403K;D405N;R408S;K417N;N440K;V445H;G446S;N450D;L452W;L455S;F456L;N460K;S477N;T478K;N481K;V483-;E484K;F486P;Q498R;N501Y;Y505H;E554K;A570V;D614G;P621S;H655Y;N679K;P681R;N764K;D796Y;S939F;Q954H;N969K;V1104L;P1143L|16MPLF17,66,52,KP.2,1,1,2024,4,16
EPI_ISL_19090461,T19I;R21T;L24-;P25-;P26-;A27S;S50L;H69-;V70-;V127F;G142D;Y145-;F157S;R158G;N211-;L212I;V213G;L216F;H245N;T250N;A264D;I332V;G339H;R346T;K356T;S371F;S373P;S375F;T376A;R403K;D405N;R408S;K417N;N440K;V445H;G446S;N450D;L452W;L455S;F456L;N460K;S477N;T478K;N481K;V483-;E484K;F486P;Q498R;N501Y;Y505H;E554K;A570V;D614G;P621S;H655Y;N679K;P681R;N764K;D796Y;S939F;Q954H;N969K;V1104L;P1143L|16MPLF17,64,52,KP.2,19,4,2024,4,16
EPI_ISL_19126125,T19I;R21T;L24-;P25-;P26-;A27S;S50L;H69-;V70-;V127F;G142D;Y145-;F157S;R158G;N211-;L212I;V213G;L216F;H245N;A264D;I332V;G339H;R346T;K356T;S371F;S373P;S375F;T376A;R403K;D405N;R408S;K417N;N440K;V445H;G446S;N450D;L452W;L455S;F456L;N460K;S477N;T478K;N481K;V483-;E484K;F486P;Q498R;N501Y;Y505H;E554K;A570V;D614G;P621S;H655Y;N679K;P681R;N764K;D796Y;S939F;Q954H;N969K;V1104L;P1143L;K1266R|16MPLF17,64,52,KP.2,8,4,2024,4,17
EPI_ISL_19145861,T19I;R21T;L24-;P25-;P26-;A27S;S50L;H69-;V70-;V127F;G142D;Y145-;F157S;R158G;N211-;L212I;V213G;L216F;H245N;A264D;I332V;G339H;R346T;K356T;S371F;S373P;S375F;T376A;R403K;D405N;R408S;K417N;N440K;V445H;G446S;N450D;L452W;L455S;F456L;N460K;S477N;T478K;N481K;V483-;E484K;F486P;Q498R;N501Y;Y505H;E554K;A570V;D614G;P621S;H655Y;N679K;S680F;P681R;N764K;D796Y;S939F;Q954H;N969K;V1104L;P1143L|16MPLF17,64,52,KP.2,6,4,2024,4,17
EPI_ISL_19082199,"L5F;T19I;R21T;L24-;P25-;P26-;A27S;S50L;H69-;V70-;V127F;G142D;Y145-;F157S;R158G;N211-;L212I;V213G;L216F;H245N;A264D;I332V;G339H;R346T;K356T;S371F;S373P;S375F;T376A;R403K;D405N;R408S;K417N;N440K;V445H;G446S;N450D;L452W;L455S;F456L;N460K;S477N;T478K;N481K;V483-;E484K;F486P;Q498R;N501Y;Y505H;E554K;A570V;D614G;P621S;H655Y;N679K;P681R;N764K;D796Y;S939F;Q954H;N969K;K1086R;V1104L;P1143L|""""",65,52,KP.2,1,1,2024,4,17
EPI_ISL_19119409,T19I;R21T;L24-;P25-;P26-;A27S;S50L;H69-;V70-;V127F;G142D;Y145-;F157S;R158G;N211-;L212I;V213G;L216F;H245N;A264D;I332V;G339H;R346T;K356T;S371F;S373P;S375F;T376A;R403K;D405N;R408S;K417N;N440K;V445H;G446S;N450D;L452W;L455S;F456L;N460K;L461I;S477N;T478K;N481K;V483-;E484K;F486P;Q498R;N501Y;Y505H;E554K;A570V;D614G;P621S;H655Y;N679K;P681R;N764K;D796Y;S939F;Q954H;N969K;V1104L;P1143L|16MPLF17,64,52,KP.2,1,1,2024,4,17
EPI_ISL_19143813,"T19I;R21T;L24-;P25-;P26-;A27S;S50L;F59I;H69-;V70-;V127F;G142D;Y145-;F157S;R158G;K187R;N211-;L212I;V213G;L216F;H245N;A264D;I332V;G339H;R346T;K356T;S371F;S373P;S375F;T376A;R403K;D405N;R408S;K417N;N440K;V445H;G446S;N450D;L452W;L455S;F456L;N460K;S477N;T478K;N481K;V483-;E484K;F486P;Q498R;N501Y;Y505H;E554K;A570V;D614G;P621S;H655Y;N679K;P681R;N764K;D796Y;S939F;Q954H;N969K;V1104L;V1133A;P1143L|""""",66,52,KP.2,1,1,2024,4,17
EPI_ISL_19188647,"T19I;R21T;L24-;P25-;P26-;A27S;S50L;H69-;V70-;V127F;G142D;Y145-;F157S;R158G;N211-;L212I;V213G;L216F;H245N;A264D;I332V;G339H;R346T;K356T;S371F;S373P;S375F;T376A;R403K;D405N;R408S;K417N;N440K;V445H;G446S;N450D;L452W;L455S;F456L;N460K;S477N;T478K;N481K;V483-;E484K;F486P;Q498R;N501Y;Y505H;E554K;A570V;T572I;D614G;P621S;H655Y;N679K;P681R;N764K;D796Y;S939F;Q954H;N969K;V1104L;P1143L|""""",64,52,KP.2,2,2,2024,4,17
EPI_ISL_19074829,T19I;R21T;L24-;P25-;P26-;A27S;S50L;H69-;V70-;V127F;G142D;Y145-;F157S;R158G;N211-;L212I;V213G;L216F;H245N;A264D;I332V;G339H;R346T;K356T;S371F;S373P;S375F;T376A;R403K;D405N;R408S;K417N;N440K;V445H;G446S;N450D;L452W;L455S;F456L;N460K;S477N;T478K;N481K;V483-;E484K;F486P;Q498R;N501Y;Y505H;E554K;A570V;D614G;P621S;H655Y;N679K;P681R;N764K;D796Y;D843G;S939F;Q954H;N969K;V1104L;P1143L;S1252P|16MPLF17,65,52,KP.2,1,1,2024,4,17
EPI_ISL_19153818,T19I;R21T;L24-;P25-;P26-;A27S;S31F;S50L;H69-;V70-;V127F;G142D;Y145-;F157S;R158G;G184V;N211-;L212I;V213G;L216F;H245N;A264D;I332V;G339H;R346T;K356T;S371F;S373P;S375F;T376A;R403K;D405N;R408S;K417N;N440K;V445H;G446S;N450D;L452W;L455S;F456L;N460K;S477N;T478K;N481K;V483-;E484K;F486P;Q498R;N501Y;Y505H;E554K;A570V;D614G;P621S;H655Y;N679K;P681R;N764K;D796Y;S939F;Q954H;N969K;V1104L;P1143L|16MPLF17,65,52,KP.2,1,1,2024,4,17
EPI_ISL_19165393,"T19I;R21T;L24-;P25-;P26-;A27S;S50L;F59L;H69-;V70-;V127F;G142D;Y145-;F157S;R158G;V213G;L216F;H245N;A264D;I332V;G339H;R346T;K356T;S371F;S373P;S375F;T376A;R403K;D405N;R408S;K417N;N440K;V445H;G446S;N450D;L452W;L455S;F456L;N460K;S477N;T478K;N481K;V483-;E484K;F486P;Q498R;N501Y;Y505H;E554K;A570V;D614G;P621S;H655Y;N679K;P681R;N764K;D796Y;S939F;Q954H;N969K;V1104L;P1143L;K1266R|""""",63,52,KP.2,2,1,2024,4,18
EPI_ISL_19157650,T19I;R21T;L24-;P25-;P26-;A27S;S50L;H69-;V70-;F86L;D88V;V90D;V127F;G142D;Y145-;H146Q;F157S;R158G;N211-;L212I;V213G;L216F;H245N;A264D;I332V;G339H;R346T;K356T;S371F;S373P;S375F;T376A;R403K;D405N;R408S;K417N;N440K;V445H;G446S;N450D;L452W;L455S;F456L;N460K;S477N;T478K;N481K;V483-;E484K;F486P;Q498R;N501Y;Y505H;E554K;A570V;D614G;P621S;H655Y;N679K;P681R;N764K;D796Y;S939F;Q954H;N969K;V1104L;P1143L|16MPLF17,67,52,KP.2,1,1,2024,4,18
EPI_ISL_19100320,T19I;R21T;L24-;P25-;P26-;A27S;F32S;S50L;H69-;V70-;V127F;G142D;Y145-;F157S;R158G;N211-;L212I;V213G;L216F;H245N;A264D;I332V;G339H;R346T;K356T;S371F;S373P;S375F;T376A;R403K;D405N;R408S;K417N;N440K;V445H;G446S;N450D;L452W;L455S;F456L;N460K;S477N;T478K;N481K;G482-;E484K;F486P;Q498R;N501Y;Y505H;E554K;A570V;D614G;P621S;H655Y;N679K;P681R;T732I;N764K;D796Y;S939F;Q954H;N969K;V1104L;P1143L;Q1201K|16MPLF17,66,52,KP.2,1,1,2024,4,18
EPI_ISL_19095922,T19I;R21T;L24-;P25-;P26-;A27S;S50L;H69-;V70-;V127F;G142D;Y145-;F157S;R158G;N211-;L212I;V213G;L216F;H245N;A264D;I332V;G339H;R346T;K356T;S371F;S373P;S375F;T376A;R403K;D405N;R408S;K417N;N440K;V445H;G446S;N450D;L452W;L455S;F456L;N460K;S477N;T478K;N481K;V483-;F486P;Q498R;N501Y;Y505H;E554K;A570V;D614G;P621S;H655Y;N679K;P681R;N764K;D796Y;S939F;Q954H;N969K;V1104L;P1143L|16MPLF17,62,52,KP.2,1,1,2024,4,18
EPI_ISL_19189253,T19I;R21T;L24-;P25-;P26-;A27S;S50L;F59L;H69-;V70-;V127F;G142D;Y145-;F157S;R158G;N211-;L212I;V213G;L216F;H245N;A264D;I332V;G339H;R346T;K356T;S371F;S373P;S375F;T376A;R403K;D405N;R408S;K417N;N440K;V445H;G446S;N450D;L452W;L455S;F456L;N460K;S477N;T478K;N481K;V483-;E484K;F486P;Q498R;N501Y;Y505H;E554K;A570V;D614G;H655Y;N679K;P681R;N764K;D796Y;S939F;Q954H;N969K;V1104L;P1143L;K1266R|16MPLF17,64,52,KP.2,1,1,2024,4,18
EPI_ISL_19130372,"T19I;R21T;L24-;P25-;P26-;A27S;S50L;F59L;H69-;V70-;V127F;G142D;Y145-;F157S;R158G;N211-;L212I;V213G;L216F;H245N;A264D;I332V;G339H;R346T;K356T;S371F;S373P;S375F;T376A;R403K;D405N;R408S;K417N;N440K;V445H;G446S;N450D;L452W;L455S;F456L;N460K;S477N;T478K;N481K;V483-;E484K;F486P;Q498R;N501Y;Y505H;E554K;A570V;D614G;P621S;H655Y;N679K;P681R;N764K;T778I;D796Y;S939F;Q954H;N969K;V1104L;P1143L;K1266R|""""",66,52,KP.2,1,1,2024,4,18
EPI_ISL_19142597,"N17M;L18P;T19L;T20F;R21N;T22L;Q23T;L24T;P25T;P26Q;A27S;S50L;H69-;V70-;V127F;G142D;Y145-;F157S;R158G;K182N;N211-;L212I;V213G;L216F;H245N;A264D;I332V;G339H;R346T;K356T;S371F;S373P;S375F;T376A;R403K;D405N;R408S;K417N;N440K;V445H;G446S;N450D;L452W;L455S;F456L;N460K;S477N;T478K;N481K;V483-;E484K;F486P;Q498R;N501Y;Y505H;E554K;A570V;D614G;P621S;H655Y;N679K;P681R;N764K;D796Y;S939F;Q954H;N969K;K1086R;V1104L;P1143L|""""",70,52,KP.2,1,1,2024,4,18
EPI_ISL_19144308,"T19I;R21T;L24-;P25-;P26-;A27S;S50L;H69-;V70-;V127F;G142D;Y145-;F157S;R158G;N211-;L212I;V213G;L216F;H245N;A264D;T323I;I332V;G339H;R346T;K356T;S371F;S373P;S375F;T376A;R403K;D405N;R408S;K417N;N440K;V445H;G446S;N450D;L452W;L455S;F456L;N460K;S477N;T478K;N481K;V483-;E484K;F486P;Q498R;N501Y;Y505H;E554K;A570V;D614G;P621S;H655Y;N679K;P681R;N764K;D796Y;S939F;Q954H;N969K;V1104L;P1143L;Q1201K|""""",65,52,KP.2,1,1,2024,4,18
EPI_ISL_19108210,T19I;R21T;L24-;P25-;P26-;A27S;S31-;S50L;H69-;V70-;V127F;G142D;Y145-;H146Q;F157S;R158G;N211-;L212I;V213G;L216F;H245N;A264D;I332V;G339H;R346T;K356T;S371F;S373P;S375F;T376A;R403K;D405N;R408S;K417N;N440K;V445H;G446S;N450D;L452W;L455S;F456L;N460K;S477N;T478K;N481K;V483-;E484K;F486P;Q498R;N501Y;Y505H;E554K;P561H;A570V;D614G;P621S;H655Y;N679K;P681R;N764K;D796Y;S939F;Q954H;N969K;V1104L;P1143L|16MPLF17,66,52,KP.2,1,1,2024,4,19
EPI_ISL_19101050,T19I;R21T;L24-;P25-;P26-;A27S;S50L;H69-;V70-;V127F;G142D;Y145-;F157S;R158G;N211-;L212I;V213G;L216F;H245N;A264D;I332V;G339H;R346T;K356T;S371F;S373P;S375F;T376A;R403K;D405N;R408S;K417N;N440K;V445H;G446S;N450D;L452W;L455S;F456L;N460K;E554K;A570V;D614G;P621S;H655Y;N679K;P681R;N764K;D796Y;S939F;Q954H;N969K;V1104L;P1143L|16MPLF17,54,52,KP.2,1,1,2024,4,19
EPI_ISL_19144291,"T19I;R21T;L24-;P25-;P26-;A27S;S50L;H69-;V70-;V127F;G142D;Y145-;F157S;R158G;K182N;N211-;L212I;V213G;L216F;H245N;A264D;I332V;G339H;R346T;K356T;S371F;S373P;S375F;T376A;R403K;D405N;R408S;K417N;N440K;V445H;G446S;N450D;L452W;L455S;F456L;N460K;S477N;T478K;N481K;V483-;E484K;F486P;Q498R;N501Y;Y505H;E554K;A570V;D614G;P621S;H655Y;N679K;P681R;N764K;D796Y;S939F;Q954H;N969K;K1086R;V1104L;P1143L|""""",65,52,KP.2,11,5,2024,4,19
EPI_ISL_19126163,T19I;R21T;L24-;P25-;P26-;A27S;N30-;S31T;S50L;H69-;V70-;V127F;G142D;Y145-;F157S;R158G;N211-;L212I;V213G;L216F;H245N;A264D;I332V;G339H;R346T;K356T;S371F;S373P;S375F;T376A;R403K;D405N;R408S;K417N;N440K;V445H;G446S;N450D;L452W;L455S;F456L;N460K;S477N;T478K;N481K;V483-;E484K;F486P;Q498R;N501Y;Y505H;E554K;A570V;D614G;P621S;H655Y;N679K;P681R;N764K;D796Y;S939F;Q954H;N969K;V1104L;P1143L|16MPLF17,65,52,KP.2,2,1,2024,4,19
EPI_ISL_19091396,"T19I;R21T;L24-;P25-;P26-;A27S;S50L;F59S;H69-;V70-;V127F;G142D;Y145-;F157S;R158G;K187S;N211-;L212I;V213G;L216F;H245N;A264D;I332V;G339H;R346T;K356T;S371F;S373P;S375F;T376A;R403K;D405N;R408S;K417N;N440K;V445H;G446S;N450D;L452W;L455S;F456L;N460K;S477N;T478K;N481K;V483-;E484K;F486P;Q498R;N501Y;Y505H;E554K;A570V;D614G;P621S;H655Y;N679K;P681R;N764K;D796Y;S939F;Q954H;N969K;V1104L;P1143L|""""",65,52,KP.2,1,1,2024,4,19
EPI_ISL_19141751,L5F;T19I;R21T;L24-;P25-;P26-;A27S;S50L;H69-;V70-;V127F;G142D;Y145-;F157S;R158G;N211-;L212I;V213G;L216F;H245N;A264D;I332V;G339H;R346T;K356T;S371F;S373P;S375F;T376A;R403K;D405N;R408S;K417N;N440K;V445H;G446S;N450D;L452W;L455S;F456L;N460K;S477N;T478K;N481K;V483-;E484K;F486P;Q498R;N501Y;Y505H;E554K;A570V;D614G;P621S;H655Y;N679K;P681R;N764K;D796Y;S939F;Q954H;N969K;V1104L;P1143L;Q1201K|16MPLF17,65,52,KP.2,4,3,2024,4,19
EPI_ISL_19162819,"T19I;R21T;L24-;P25-;P26-;A27S;S50L;H69-;V70-;V127F;G142D;Y145-;F157S;R158G;N211-;L212I;V213G;L216F;H245N;W258R;A264D;I332V;G339H;R346T;K356T;S371F;S373P;S375F;T376A;R403K;D405N;R408S;K417N;N440K;V445H;G446S;N450D;L452W;L455S;F456L;N460K;S477N;T478K;N481K;V483-;E484K;F486P;Q498R;N501Y;Y505H;E554K;A570V;D614G;P621S;H655Y;N679K;P681R;N764K;D796Y;S939F;Q954H;N969K;V1104L;P1143L|""""",64,52,KP.2,3,3,2024,4,19
EPI_ISL_19084528,T19I;R21T;L24-;P25-;P26-;A27S;S50L;H69-;V70-;V127F;G142D;Y145-;F157S;R158G;N211-;L212I;V213G;L216F;H245N;A264D;I332V;G339H;R346T;K356T;S371F;S375F;T376A;R403K;D405N;K417N;N440K;V445H;G446S;N450D;L452W;L455S;F456L;N460K;S477N;T478K;N481K;V483-;E484K;F486P;Q498R;N501Y;Y505H;E554K;A570V;D614G;P621S;H655Y;N679K;P681R;N764K;D796Y;S939F;Q954H;N969K;V1104L;P1143L;Q1201K|16MPLF17,62,52,KP.2,1,1,2024,4,19
EPI_ISL_19122349,T19I;R21T;L24-;P25-;P26-;A27S;S50L;H69-;V70-;V127F;G142D;Y145-;F157S;R158G;K182N;N211-;L212I;V213G;L216F;H245N;A264D;I332V;G339H;R346T;K356T;S371F;S373P;S375F;T376A;R403K;D405N;R408S;K417N;N440K;V445H;G446S;N450D;L452W;L455S;F456L;N460K;S477N;T478K;N481K;V483-;E484K;F486P;Q498R;N501Y;Y505H;E554K;A570V;T572I;D614G;P621S;H655Y;N679K;P681R;N764K;D796Y;S939F;Q954H;N969K;K1086R;V1104L;P1143L|16MPLF17,66,52,KP.2,2,2,2024,4,19
EPI_ISL_19183041,"V16F;T19I;R21T;L24-;P25-;P26-;A27S;S50L;H69-;V70-;V127F;G142D;Y145-;F157S;R158G;K182N;N211-;L212I;V213G;L216F;H245N;A264D;I332V;G339H;R346T;K356T;S371F;S373P;S375F;T376A;R403K;D405N;R408S;K417N;N440K;V445H;G446S;N450D;L452W;L455S;F456L;N460K;S477N;T478K;N481K;V483-;E484K;F486P;Q498R;N501Y;Y505H;E554K;A570V;D614G;P621S;H655Y;N679K;P681R;N764K;D796Y;S939F;Q954H;N969K;K1086R;V1104L;P1143L|""""",66,52,KP.2,1,1,2024,4,19
EPI_ISL_19095497,T19I;R21T;L24-;P25-;P26-;A27S;S50L;H69-;V70-;V127F;G142D;Y145-;F157S;R158G;N211-;L212I;V213G;L216F;H245N;A264D;I332V;G339H;R346T;K356T;S371F;S373P;S375F;T376A;R403K;D405N;R408S;K417N;N440K;V445H;G446S;N450D;L452W;L455S;F456L;N460K;S477N;T478K;N481K;V483-;E484K;F486P;Q498R;N501Y;Y505H;E554K;A570V;D614G;P621S;H655Y;Q677H;N679K;P681R;N764K;D796Y;S939F;Q954H;N969K;V1104L;P1143L;Q1201K|16MPLF17,65,52,KP.2,1,1,2024,4,20
EPI_ISL_19100293,T19I;R21T;L24-;P25-;P26-;A27S;S50L;H69-;V70-;V127F;G142D;Y145-;F157S;R158G;N211-;L212I;V213G;L216F;H245N;W258C;A264D;I332V;G339H;R346T;K356T;S371F;S373P;S375F;T376A;R403K;D405N;R408S;K417N;N440K;V445H;G446S;N450D;L452W;L455S;F456L;N460K;S477N;T478K;N481K;V483-;E484K;F486P;Q498R;N501Y;Y505H;E554K;A570V;D614G;P621S;H655Y;N679K;P681R;N764K;D796Y;S939F;Q954H;N969K;V1104L;P1143L|16MPLF17,64,52,KP.2,1,1,2024,4,20
EPI_ISL_19084166,T19I;R21T;L24-;P25-;P26-;A27S;S50L;H69-;V70-;V127F;G142D;Y145-;F157S;R158G;D178Y;K182N;N211-;L212I;V213G;L216F;H245N;A264D;I332V;G339H;R346T;K356T;S371F;S373P;S375F;T376A;R403K;D405N;R408S;K417N;N440K;V445H;G446S;N450D;L452W;L455S;F456L;N460K;S477N;T478K;N481K;V483-;E484K;F486P;Q498R;N501Y;Y505H;E554K;A570V;D614G;P621S;H655Y;N679K;P681R;N764K;D796Y;S939F;Q954H;N969K;K1086R;V1104L;P1143L|16MPLF17,66,52,KP.2,1,1,2024,4,20
EPI_ISL_19126181,T19I;R21T;L24-;P25-;P26-;A27S;S50L;H69-;V70-;V127F;G142D;Y145-;F157S;R158G;N211-;L212I;V213G;L216F;H245N;A264D;I332V;G339H;R346T;K356T;S371F;S373P;S375F;T376A;R403K;D405N;R408S;K417N;N440K;V445H;G446S;N450D;L452W;L455S;F456L;N460K;S477N;T478K;N481K;V483-;E484K;F486P;Q498R;N501Y;Y505H;T547K;E554K;A570V;D614G;P621S;H655Y;N679K;P681R;N764K;D796Y;S939F;Q954H;N969K;V1104L;P1143L;H1159R|16MPLF17,65,52,KP.2,2,2,2024,4,20
EPI_ISL_19188718,"T19I;R21T;L24-;P25-;P26-;A27S;S50L;H69-;V70-;V127F;G142D;Y145-;F157S;R158G;N211-;L212I;V213G;L216F;H245N;A264D;I332V;G339H;R346T;K356T;S371F;S373P;S375F;T376A;R403K;D405N;R408S;K417N;N440K;V445H;G446S;N450D;L452W;L455S;F456L;N460K;S477N;T478K;N481K;V483-;E484K;F486P;Q498R;N501Y;Y505H;E554K;A570V;D614G;P621S;H655Y;N679K;P681R;N764K;D796Y;S939F;A942S;Q954H;N969K;V1104L;P1143L|""""",64,52,KP.2,1,1,2024,4,20
EPI_ISL_19100294,L5F;T19I;R21T;L24-;P25-;P26-;A27S;S50L;H69-;V70-;V127F;G142D;Y145-;F157S;R158G;N211-;L212I;V213G;L216F;H245N;T250N;A264D;I332V;G339H;R346T;K356T;S371F;S373P;S375F;T376A;R403K;D405N;R408S;K417N;N440K;V445H;G446S;N450D;L452W;L455S;F456L;N460K;A475V;S477N;T478K;N481K;V483-;E484K;F486P;Q498R;N501Y;Y505H;E554K;A570V;D614G;P621S;H655Y;N679K;P681R;N764K;D796Y;S939F;Q954H;N969K;V1104L;P1143L;D1165G|16MPLF17,67,52,KP.2,1,1,2024,4,20
EPI_ISL_19100319,T19I;R21T;L24-;P25-;P26-;A27S;S31-;S50L;H69-;V70-;V127F;G142D;Y145-;H146Q;F157S;R158G;N211-;L212I;V213G;L216F;H245N;R246K;A264D;I332V;G339H;R346T;K356T;S371F;S373P;S375F;T376A;R403K;D405N;R408S;K417N;N440K;V445H;G446S;N450D;L452W;L455S;F456L;N460K;S477N;T478K;N481K;V483-;E484K;F486P;Q498R;N501Y;Y505H;E554K;A570V;D614G;P621S;H655Y;N679K;P681R;N764K;D796Y;S939F;Q954H;N969K;V1104L;P1143L|16MPLF17,66,52,KP.2,4,1,2024,4,20
EPI_ISL_19189251,T19I;R21T;L24-;P25-;P26-;A27S;S31-;S50L;H69-;V70-;V127F;G142D;Y145-;H146Q;F157S;R158G;N211-;L212I;V213G;L216F;H245N;A264D;I332V;G339H;R346T;K356T;S371F;S373P;S375F;T376A;R403K;D405N;R408S;K417N;N440K;V445H;G446S;N450D;L452W;L455S;F456L;N460K;S477N;T478K;N481K;V483-;E484K;F486P;Q498R;N501Y;Y505H;E554K;A570V;D614G;H655Y;N679K;P681R;N764K;D796Y;S939F;Q954H;N969K;V1104L;P1143L|16MPLF17,64,52,KP.2,1,1,2024,4,20
EPI_ISL_19109622,T19I;R21T;L24-;P25-;P26-;A27S;S31-;S50L;H69-;V70-;R102G;V127F;G142D;Y145-;F157S;R158G;N211-;L212I;V213G;L216F;H245N;A264D;I332V;G339H;R346T;K356T;S371F;S373P;S375F;T376A;R403K;D405N;R408S;K417N;N440K;V445H;G446S;N450D;L452W;L455S;F456L;N460K;S477N;T478K;N481K;V483-;E484K;F486P;Q498R;N501Y;Y505H;E554K;A570V;D614G;P621S;H655Y;N679K;P681R;N764K;D796Y;S939F;Q954H;N969K;K1086R;V1104L;P1143L|16MPLF17,66,52,KP.2,1,1,2024,4,20
EPI_ISL_19084536,T19I;R21T;L24-;P25-;P26-;A27S;S50L;H69-;V70-;V127F;G142D;Y145-;F157S;R158G;Q173R;N211-;L212I;V213G;L216F;H245N;A264D;I332V;G339H;R346T;K356T;S371F;S373P;S375F;T376A;R403K;D405N;R408S;K417N;N440K;V445H;G446S;N450D;L452W;L455S;F456L;N460K;S477N;T478K;N481K;V483-;E484K;F486P;Q498R;N501Y;Y505H;E554K;A570V;D614G;P621S;H655Y;N679K;P681R;N764K;D796Y;S939F;Q954H;N969K;K1086R;V1104L;P1143L|16MPLF17,65,52,KP.2,1,1,2024,4,21
EPI_ISL_19100321,T19I;R21T;L24-;P25-;P26-;A27S;S31F;S50L;H69-;V70-;V127F;G142D;Y145-;F157S;R158G;N211-;L212I;V213G;L216F;H245N;A264D;I332V;G339H;R346T;K356T;S371F;S373P;S375F;T376A;R403K;D405N;R408S;K417N;N440K;V445H;G446S;N450D;L452W;L455S;F456L;N460K;S477N;T478K;N481K;V483-;E484K;F486P;Q498R;N501Y;Y505H;E554K;A570V;D614G;P621S;H655Y;P681R;N764K;D796Y;S939F;Q954H;N969K;V1104L;P1143L|16MPLF17,63,52,KP.2,1,1,2024,4,21
EPI_ISL_19116156,T19I;R21T;L24-;P25-;P26-;A27S;S31-;S50L;H69-;V70-;L118F;V127F;G142D;Y145-;H146Q;F157S;R158G;N211-;L212I;V213G;L216F;H245N;A264D;I332V;G339H;R346T;K356T;S371F;S373P;S375F;T376A;R403K;D405N;R408S;K417N;N440K;V445H;G446S;N450D;L452W;L455S;F456L;N460K;S477N;T478K;N481K;V483-;E484K;F486P;Q498R;N501Y;Y505H;E554K;A570V;D614G;P621S;H655Y;N679K;P681R;N764K;D796Y;S939F;Q954H;N969K;V1104L;P1143L|16MPLF17,66,52,KP.2,1,1,2024,4,21
EPI_ISL_19164593,T19I;R21T;L24-;P25-;P26-;A27S;N30Y;S50L;H69-;V70-;V127F;G142D;Y145-;F157S;R158G;N211-;L212I;V213G;L216F;H245N;A264D;I332V;G339H;R346T;K356T;S371F;S373P;S375F;T376A;R403K;D405N;R408S;K417N;N440K;V445H;G446S;N450D;L452W;L455S;F456L;N460K;S477N;T478K;N481K;V483-;E484K;F486P;Q498R;N501Y;Y505H;E554K;A570V;D614G;P621S;H655Y;N679K;P681R;N764K;D796Y;S939F;Q954H;N969K;K1086R;V1104L;P1143L|16MPLF17,65,52,KP.2,1,1,2024,4,21
EPI_ISL_19169550,T19I;R21T;L24-;P25-;P26-;A27S;S50L;H69-;V70-;V127F;G142D;F157S;R158G;N211-;L212I;V213G;L216F;H245N;A264D;I332V;G339H;R346T;K356T;S371F;S373P;S375F;T376A;R403K;D405N;R408S;K417N;N440K;V445H;G446S;N450D;L452W;L455S;F456L;N460K;S477N;T478K;N481K;V483-;E484K;F486P;Q498R;N501Y;Y505H;E554K;A570V;D614G;P621S;H655Y;N679K;P681R;N764K;D796Y;S939F;Q954H;N969K;K1086R;V1104L;P1143L|16MPLF17,63,52,KP.2,1,1,2024,4,22
EPI_ISL_19188629,"T19I;R21T;L24-;P25-;P26-;A27S;S50L;H69-;V70-;V127F;G142D;Y145-;F157S;R158G;N211-;L212I;V213G;L216F;H245N;A264D;I332V;G339H;R346T;K356T;S371F;S373P;S375F;T376A;R403K;D405N;R408S;K417N;N440K;V445H;G446S;N450D;L452W;L455S;F456L;N460K;S477N;T478K;N481K;V483-;E484K;F486P;Q498R;N501Y;Y505H;E554K;A570V;D614G;P621S;H655Y;N679K;S680F;P681R;N764K;D796Y;S939F;Q954H;N969K;K1086R;V1104L;P1143L|""""",65,52,KP.2,1,1,2024,4,22
EPI_ISL_19108601,T19I;R21T;L24-;P25-;P26-;A27S;S50L;H69-;V70-;V127F;G142D;Y145-;F157S;R158G;N211-;L212I;V213G;L216F;H245N;A264D;I332V;G339H;R346T;K356T;S371F;S373P;S375F;T376A;R403K;D405N;R408S;K417N;N440K;V445H;G446S;N450D;L452W;L455S;F456L;N460K;S477N;T478K;N481K;V483-;E484K;F486P;Q498R;N501Y;Y505H;E554K;A570V;D614G;P621S;H655Y;N679K;P681R;N764K;P793S;D796Y;S939F;Q954H;N969K;V1104L;P1143L|16MPLF17,64,52,KP.2,5,1,2024,4,22
EPI_ISL_19143603,"T19I;R21T;L24-;P25-;P26-;A27S;S50L;H69-;V70-;V127F;G142D;Y145-;F157S;R158G;N211-;L212I;V213G;L216F;H245N;A264D;I332V;G339H;R346T;K356T;S371F;S373P;S375F;T376A;R403K;D405N;R408S;K417N;N440K;V445H;G446S;N450D;L452W;L455S;F456L;N460K;S477N;T478K;N481K;V483-;E484K;F486P;Q498R;N501Y;Y505H;E554K;A570V;D614G;P621S;H655Y;I664M;N679K;P681R;N764K;D796Y;S939F;Q954H;N969K;V1104L;P1143L|""""",64,52,KP.2,1,1,2024,4,22
EPI_ISL_19143596,"T19I;R21T;L24-;P25-;P26-;A27S;S50L;L54F;H69-;V70-;V127F;G142D;Y145-;F157S;R158G;N211-;L212I;V213G;L216F;H245N;A264D;I332V;G339H;R346T;K356T;S371F;S373P;S375F;T376A;R403K;D405N;R408S;K417N;N440K;V445H;G446S;N450D;L452W;L455S;F456L;N460K;S477N;T478K;N481K;V483-;E484K;F486P;Q498R;N501Y;Y505H;E554K;A570V;D614G;P621S;H655Y;N679K;P681R;N764K;D796Y;S939F;Q954H;N969K;V1104L;P1143L|""""",64,52,KP.2,1,1,2024,4,22
EPI_ISL_19116162,T19I;R21T;L24-;P25-;P26-;A27S;S50L;H69-;V70-;V127F;G142D;Y145-;F157S;R158G;N211-;L212I;V213G;L216F;H245N;A264D;I332V;G339H;R346T;K356T;S371F;S373P;S375F;T376A;R403K;D405N;R408S;K417N;N440K;V445H;G446S;N450D;L452W;L455S;F456L;N460K;S477N;T478K;N481K;V483-;E484K;F486P;Q498R;N501Y;Y505H;E554K;A570V;D614G;P621S;H655Y;N679K;P681R;N764K;D796Y;S939F;Q954H;N969K;V1104L;P1143L;D1163Y|16MPLF17,64,52,KP.2,1,1,2024,4,22
EPI_ISL_19155526,T19I;R21T;L24-;P25-;P26-;A27S;S50L;H69-;V70-;V127F;G142D;Y145-;F157S;R158G;N211-;L212I;V213G;L216F;H245N;A264D;I332V;G339H;R346T;K356T;S371F;S373P;S375F;T376A;D405N;R408S;K417N;N440K;L441V;V445H;G446S;N450D;L452W;L455S;F456L;N460K;S477N;T478K;N481K;V483-;E484K;F486P;Q498R;N501Y;Y505H;E554K;A570V;D614G;P621S;H655Y;N679K;P681R;N764K;D796Y;S939F;Q954H;N969K;V1104L;P1143L|16MPLF17,63,52,KP.2,1,1,2024,4,22
EPI_ISL_19155799,T19I;R21T;L24-;P25-;P26-;A27S;S50L;H69-;V70-;V127F;G142D;Y145-;F157S;R158G;K182N;N211-;L212I;V213G;L216F;H245N;A264D;I332V;G339Y;R346T;K356T;S371F;S373P;S375F;T376A;R403K;D405N;R408S;K417N;N440K;V445H;G446S;N450D;L452W;L455S;F456L;N460K;S477N;T478K;N481K;V483-;E484K;F486P;Q498R;N501Y;Y505H;E554K;A570V;D614G;P621S;H655Y;N679K;P681R;N764K;D796Y;S939F;Q954H;N969K;K1086R;V1104L;P1143L|16MPLF17,65,52,KP.2,1,1,2024,4,22
EPI_ISL_19074584,T19I;R21T;L24-;P25-;P26-;A27S;S50L;S60P;H69-;V70-;V127F;G142D;Y145-;F157S;R158G;N211-;L212I;V213G;L216F;H245N;A264D;I332V;G339H;R346T;K356T;S371F;S373P;S375F;T376A;R403K;D405N;R408S;K417N;N440K;V445H;G446S;N450D;L452W;L455S;F456L;N460K;S477N;T478K;N481K;V483-;E484K;F486P;Q498R;N501Y;Y505H;E554K;A570V;D614G;P621S;H655Y;N679K;P681R;N764K;D796Y;S939F;Q954H;N969K;K1086R;V1104L;P1143L|16MPLF17,65,52,KP.2,1,1,2024,4,22
EPI_ISL_19157153,T19I;R21T;L24-;P25-;P26-;A27S;S50L;H69-;V70-;V127F;G142D;Y145-;F157S;R158G;N211-;L212I;V213G;L216F;H245N;A264D;I332V;G339H;R346T;K356T;S371F;S373P;S375F;T376A;R403K;D405N;R408S;K417N;N440K;V445H;G446S;N450D;L452W;L455S;F456L;N460K;S477N;T478K;N481K;V483-;E484K;F486P;Q498R;N501Y;Y505H;E554K;A570V;D614G;P621S;H655Y;N679K;P681R;N764K;D796Y;S939F;Q954H;N969K;V1104L;P1143L;Q1201K;M1233I|16MPLF17,65,52,KP.2,1,1,2024,4,23
EPI_ISL_19142349,L5F;T19I;R21T;L24-;P25-;P26-;A27S;S50L;H69-;V70-;V127F;G142D;Y145-;F157S;R158G;N211-;L212I;V213G;L216F;H245N;A264D;I332V;G339H;R346T;K356T;S371F;S373P;S375F;T376A;R403K;D405N;R408S;K417N;A435S;N440K;V445H;G446S;N450D;L452W;L455S;F456L;N460K;S477N;T478K;N481K;V483-;E484K;F486P;Q498R;N501Y;Y505H;E554K;A570V;D614G;P621S;H655Y;N679K;P681R;N764K;D796Y;S939F;Q954H;N969K;V1104L;P1143L|16MPLF17,65,52,KP.2,1,1,2024,4,23
EPI_ISL_19143830,"T19I;R21T;L24-;P25-;P26-;A27S;T29I;S50L;H69-;V70-;V127F;G142D;Y145-;F157S;R158G;N185-;F186I;N211-;L212I;V213G;L216F;H245N;A264D;I332V;G339H;R346T;K356T;S371F;S373P;S375F;T376A;R403K;D405N;R408S;K417N;N440K;V445H;G446S;N450D;L452W;L455S;F456L;N460K;S477N;T478K;N481K;V483-;E484K;F486P;Q498R;N501Y;Y505H;E554K;A570V;D614G;P621S;H655Y;N679K;P681R;N764K;D796Y;S939F;Q954H;N969K;K1086R;V1104L;P1143L|""""",67,52,KP.2,1,1,2024,4,23
EPI_ISL_19143823,"T19I;R21T;L24-;P25-;P26-;A27S;S50L;H69-;V70-;V127F;G142D;Y145-;F157S;R158G;K182R;N211-;L212I;V213G;L216F;H245N;A264D;I332V;G339H;R346T;K356T;S371F;S373P;S375F;T376A;R403K;D405N;R408S;K417N;N440K;V445H;G446S;N450D;L452W;L455S;F456L;N460K;S477N;T478K;N481K;V483-;E484K;F486P;Q498R;N501Y;Y505H;E554K;A570V;D614G;P621S;H655Y;N679K;P681R;N764K;D796Y;S939F;Q954H;N969K;V1104L;P1143L|""""",64,52,KP.2,1,1,2024,4,23
EPI_ISL_19148663,T19I;R21T;L24-;P25-;P26-;A27S;S50L;H69-;V70-;V127F;G142D;Y145-;F157S;R158G;N211-;L212I;V213G;L216F;H245N;A264D;I332V;G339H;R346T;K356T;S371F;S373P;S375F;T376A;R403K;D405N;R408S;K417N;N440K;V445H;G446S;N450D;L452W;L455S;F456L;N460K;S477N;T478K;N481K;V483-;E484K;F486P;Q498R;N501Y;Y505H;E554K;A570V;D614G;P621S;H655Y;N679K;P681R;N764K;D796Y;S939F;Q954H;N969K;V1104L;P1143F|16MPLF17,63,52,KP.2,1,1,2024,4,23
EPI_ISL_19116184,T19I;R21T;L24-;P25-;P26-;A27S;S50L;H69-;V70-;V127F;G142D;Y145-;F157S;R158G;N211-;L212I;V213G;L216F;H245N;S256L;A264D;I332V;G339H;R346T;K356T;S371F;S373P;S375F;T376A;R403K;D405N;R408S;K417N;N440K;V445H;G446S;N450D;L452W;L455S;F456L;N460K;S477N;T478K;N481K;V483-;E484K;F486P;Q498R;N501Y;Y505H;E554K;A570V;D614G;P621S;H655Y;N679K;P681R;N764K;D796Y;S939F;Q954H;N969K;V1104L;P1143L|16MPLF17,64,52,KP.2,1,1,2024,4,23
EPI_ISL_19141722,T19I;R21T;L24-;P25-;P26-;A27S;S50L;H69-;V70-;V127F;G142D;Y145-;F157S;R158G;N211-;L212I;V213G;L216F;H245N;A264D;I332V;G339H;R346T;K356T;S371F;S373P;S375F;T376A;R403K;D405N;R408S;K417N;N440K;V445H;G446S;N450D;L452W;L455S;F456L;N460K;S477N;T478K;N481K;V483-;E484K;F486P;Q498R;N501Y;Y505H;E554K;A570V;D614G;P621S;H655Y;N679K;P681R;R683W;N764K;D796Y;S939F;Q954H;N969K;V1104L;P1143L|16MPLF17,64,52,KP.2,5,1,2024,4,23
EPI_ISL_19154063,T19I;R21T;L24-;P25-;P26-;A27S;S50L;H69-;V70-;V127F;G142D;Y145-;F157S;R158G;N211-;L212I;V213G;L216F;H245N;A260G;A264D;I332V;G339H;R346T;K356T;S371F;S373P;S375F;T376A;R403K;D405N;R408S;K417N;N440K;V445H;G446S;N450D;L452W;L455S;F456L;N460K;S477N;T478K;N481K;V483-;E484K;F486P;Q498R;N501Y;Y505H;E554K;A570V;D614G;P621S;H655Y;N679K;P681R;N764K;D796Y;S939F;Q954H;N969K;K1086R;V1104L;P1143L|16MPLF17,65,52,KP.2,5,2,2024,4,23
EPI_ISL_19084566,"N17M;L18P;T19L;T20F;R21N;T22L;Q23T;L24T;P25T;P26Q;A27S;S31F;S50L;H69-;V70-;V127F;G142D;Y145-;F157S;R158G;N211-;L212I;V213G;L216F;H245N;A264D;I332V;G339H;R346T;K356T;S371F;S373P;S375F;T376A;R403K;D405N;R408S;K417N;N440K;V445H;G446S;N450D;L452W;L455S;F456L;N460K;S477N;T478K;N481K;V483-;E484K;F486P;Q498R;N501Y;Y505H;E554K;A570V;D614G;P621S;H655Y;N679K;P681R;N764K;D796Y;S939F;Q954H;N969K;V1104L;P1143L|""""",69,52,KP.2,2,1,2024,4,23
EPI_ISL_19155435,T19I;R21T;L24-;P25-;P26-;A27S;S50L;H69-;V70-;V127F;G142D;Y145-;F157S;R158G;N211-;L212I;V213G;L216F;H245N;A264D;L293F;I332V;G339H;R346T;K356T;S371F;S373P;S375F;T376A;R403K;D405N;R408S;K417N;N440K;V445H;G446S;N450D;L452W;L455S;F456L;N460K;S477N;T478K;N481K;V483-;E484K;F486P;Q498R;N501Y;Y505H;E554K;A570V;D614G;P621S;H655Y;N679K;P681R;N764K;D796Y;S939F;Q954H;N969K;V1104L;P1143L;E1150D|16MPLF17,65,52,KP.2,3,3,2024,4,23
EPI_ISL_19096147,T19I;R21T;L24-;P25-;P26-;A27S;H69-;V70-;V127F;G142D;Y145-;F157S;R158G;N211-;L212I;V213G;L216F;H245N;A264D;I332V;G339H;R346T;K356T;S371F;S373P;S375F;T376A;R403K;D405N;R408S;K417N;N440K;V445H;G446S;N450D;L452W;L455S;F456L;N460K;S477N;T478K;N481K;V483-;E484K;F486P;Q498R;N501Y;Y505H;E554K;A570V;D614G;P621S;H655Y;N679K;P681R;N764K;D796Y;S939F;Q954H;N969K;K1086R;V1104L;P1143L|16MPLF17,63,52,KP.2,5,1,2024,4,23
EPI_ISL_19096146,T19I;R21T;L24-;P25-;P26-;A27S;H69-;V70-;V127F;G142D;Y145-;F157S;R158G;K182N;N211-;L212I;V213G;L216F;H245N;A264D;I332V;G339H;R346T;K356T;S371F;S373P;S375F;T376A;R403K;D405N;R408S;K417N;N440K;V445H;G446S;N450D;L452W;L455S;F456L;N460K;S477N;T478K;N481K;V483-;E484K;F486P;Q498R;N501Y;Y505H;E554K;A570V;D614G;P621S;H655Y;N679K;P681R;N764K;D796Y;S939F;Q954H;N969K;K1086R;V1104L;P1143L|16MPLF17,64,52,KP.2,2,1,2024,4,23
EPI_ISL_19109635,T19I;R21T;L24-;P25-;P26-;A27S;S50L;H69-;V70-;V127F;G142D;Y145-;E156Q;F157S;R158G;K182-;N211-;L212I;V213G;L216F;H245N;A264D;I332V;G339H;R346T;K356T;S371F;S373P;S375F;T376A;R403K;D405N;R408S;K417N;N440K;V445H;G446S;N450D;L452W;L455S;F456L;N460K;S477N;T478K;N481K;V483-;E484K;F486P;Q498R;N501Y;Y505H;E554K;A570V;D614G;P621S;H655Y;N679K;P681R;N764K;D796Y;S939F;Q954H;N969K;V1104L;P1143L|16MPLF17,65,52,KP.2,1,1,2024,4,23
EPI_ISL_19084571,T19I;R21T;L24-;P25-;P26-;A27S;S50L;H69-;V70-;V127F;G142D;Y145-;F157S;R158G;N211-;L212I;V213G;L216F;H245N;I332V;G339H;R346T;K356T;S371F;S373P;S375F;T376A;R403K;D405N;R408S;K417N;N440K;V445H;G446S;N450D;L452W;L455S;F456L;N460K;S477N;T478K;N481K;V483-;E484K;F486P;Q498R;N501Y;Y505H;E554K;A570V;D614G;P621S;H655Y;N679K;P681R;N764K;D796Y;S939F;Q954H;N969K;V1104L;P1143L|16MPLF17,62,52,KP.2,1,1,2024,4,23
EPI_ISL_19126204,T19I;R21T;L24-;P25-;P26-;A27S;S50L;H69-;V70-;V127F;G142D;Y145-;F157S;R158G;N211-;L212I;V213G;L216F;T240I;H245N;A264D;I332V;G339H;R346T;K356T;S371F;S373P;S375F;T376A;R403K;D405N;R408S;K417N;N440K;V445H;G446S;N450D;L452W;L455S;F456L;N460K;S477N;T478K;N481K;V483-;E484K;F486P;Q498R;N501Y;Y505H;E554K;A570V;D614G;P621S;H655Y;N679K;P681R;N764K;D796Y;S939F;Q954H;N969K;V1104L;I1114T;P1143L|16MPLF17,65,52,KP.2,1,1,2024,4,23
EPI_ISL_19126206,T19I;R21T;L24-;P25-;P26-;A27S;S50L;H69-;V70-;V127F;G142D;Y145-;F157S;R158G;N211-;L212I;V213G;L216F;H245N;A264D;I332V;G339H;R346T;K356T;S371F;S373P;S375F;T376A;R403K;D405N;R408S;K417N;N440K;V445H;G446S;N450D;L452W;L455S;F456L;N460K;S477N;T478K;N481K;V483-;E484K;F486P;Q498R;N501Y;Y505H;E554K;A570V;D614G;P621S;H655Y;N679K;S680F;P681R;N764K;D796Y;S939F;Q954H;N969K;K1086R;V1104L;P1143L|16MPLF17,65,52,KP.2,2,2,2024,4,23
EPI_ISL_19110156,T19I;R21T;T22N;L24-;P25-;P26-;A27S;S31F;S50L;H69-;V70-;V127F;G142D;Y145-;F157S;R158G;G184V;N211-;L212I;V213G;L216F;H245N;A264D;I332V;G339H;R346T;K356T;S371F;S373P;S375F;T376A;R403K;D405N;R408S;K417N;N440K;V445H;G446S;N450D;L452W;L455S;F456L;N460K;S477N;T478K;N481K;V483-;E484K;F486P;Q498R;N501Y;Y505H;E554K;A570V;D614G;P621S;H655Y;N679K;P681R;N764K;D796Y;S939F;Q954H;N969K;V1104L;P1143L|16MPLF17,66,52,KP.2,13,3,2024,4,24
EPI_ISL_19141868,T19I;R21T;L24-;P25-;P26-;A27S;S50L;H69-;V70-;V127F;G142D;Y145-;F157S;R158G;M177K;N211-;L212I;V213G;L216F;H245N;A264D;I332V;G339H;R346T;K356T;S371F;S373P;S375F;T376A;R403K;D405N;R408S;K417N;N440K;V445H;G446S;N450D;L452W;L455S;F456L;N460K;S477N;T478K;N481K;V483-;E484K;F486P;Q498R;N501Y;Y505H;E554K;A570V;D614G;P621S;H655Y;N679K;P681R;N764K;D796Y;S939F;Q954H;N969K;V1104L;P1143L|16MPLF17,64,52,KP.2,1,1,2024,4,24
EPI_ISL_19186471,T19I;R21T;L24-;P25-;P26-;A27S;S50L;H69-;V70-;V127F;G142D;Y145-;F157S;R158G;G184D;N211-;L212I;V213G;L216F;H245N;A264D;I332V;G339H;R346T;K356T;S371F;S373P;S375F;T376A;R403K;D405N;R408S;K417N;N440K;V445H;G446S;N450D;L452W;L455S;F456L;N460K;S477N;T478K;N481K;V483-;E484K;F486P;Q498R;N501Y;Y505H;E554K;A570V;D614G;P621S;H655Y;N679K;P681R;N764K;D796Y;S939F;Q954H;N969K;K1086R;V1104L;P1143L|16MPLF17,65,52,KP.2,1,1,2024,4,24
EPI_ISL_19108630,T19I;R21T;L24-;P25-;P26-;A27S;S50L;H69-;V70-;T95I;V127F;G142D;Y145-;F157S;R158G;N211-;L212I;V213G;L216F;H245N;A264D;I332V;G339H;R346T;K356T;S371F;S373P;S375F;T376A;R403K;D405N;R408S;K417N;N440K;V445H;G446S;N450D;L452W;L455S;F456L;N460K;S477N;T478K;N481K;V483-;E484K;F486P;Q498R;N501Y;Y505H;E554K;A570V;D614G;P621S;H655Y;N679K;P681R;N764K;D796Y;S939F;Q954H;N969K;V1104L;P1143L|16MPLF17,64,52,KP.2,3,1,2024,4,24
EPI_ISL_19147017,T19I;R21T;L24-;P25-;P26-;A27S;S50L;H69-;V70-;V127F;G142D;Y145-;F157S;R158G;K182N;N211-;L212I;V213G;L216F;H245N;A264D;I332V;G339H;R346T;K356T;S371F;S373P;S375F;T376A;R403K;D405N;R408S;K417N;N440K;V445H;G446S;N450D;L452W;L455S;F456L;N460K;A475V;S477N;T478K;N481K;V483-;E484K;F486P;Q498R;N501Y;Y505H;E554K;A570V;D614G;P621S;H655Y;N679K;S680F;P681R;N764K;D796Y;S939F;Q954H;N969K;K1086R;V1104L;P1143L|16MPLF17,67,52,KP.2,1,1,2024,4,24
EPI_ISL_19136177,T19I;R21T;L24-;P25-;P26-;A27S;S50L;F59L;H69-;V70-;V127F;G142D;Y145-;M153V;F157S;R158G;N211-;L212I;V213G;L216F;H245N;A264D;I332V;G339H;R346T;K356T;S371F;S373P;S375F;T376A;R403K;D405N;R408S;K417N;N440K;V445H;G446S;N450D;L452W;L455S;F456L;N460K;S477N;T478K;N481K;V483-;E484K;F486P;Q498R;N501Y;Y505H;E554K;A570V;D614G;P621S;H655Y;N679K;P681R;N764K;D796Y;S939F;Q954H;N969K;V1104L;P1143L;K1266R|16MPLF17,66,52,KP.2,1,1,2024,4,24
EPI_ISL_19170222,"R21T;L24-;P25-;P26-;A27S;S31-;S50L;H69-;V70-;V127F;G142D;Y145-;F157S;R158G;N211-;L212I;H245N;A264D;I332V;G339H;R346T;K356T;S371F;S373P;S375F;T376A;R403K;D405N;R408S;K417N;N440K;V445H;G446S;N450D;L452W;L455S;F456L;N460K;S477N;T478K;N481K;V483-;E484K;F486P;Q498R;N501Y;Y505H;E554K;A570V;T572I;D614G;P621S;H655Y;N679K;P681R;N764K;D796Y;Q954H;N969K;V1104L;P1143L|""""",61,52,KP.2,1,1,2024,4,24
EPI_ISL_19170221,"T19I;R21T;L24-;P25-;P26-;A27S;S50L;H69-;V70-;V127F;G142D;Y145-;F157S;R158G;K187R;N211-;L212I;V213G;H245N;A264D;I332V;G339H;R346T;K356T;S373P;S375F;T376A;R403K;D405N;R408S;K417N;N440K;V445H;G446S;N450D;L452W;L455S;F456L;N460K;S477N;T478K;N481K;V483-;E484K;F486P;Q498R;N501Y;Y505H;E554K;A570V;D614G;P621S;H655Y;N679K;P681R;N764K;D796Y;Q954H;N969K;V1104L;P1143L|""""",61,52,KP.2,1,1,2024,4,24
EPI_ISL_19177527,"T19I;R21T;L24-;P25-;P26-;A27S;S50L;H69-;V70-;V127F;G142D;Y145-;F157S;R158G;N211-;L212I;V213G;L216F;H245N;A264D;A292S;I332V;G339H;R346T;K356T;S371F;S373P;S375F;T376A;R403K;D405N;R408S;K417N;N440K;V445H;G446S;N450D;L452W;L455S;F456L;N460K;S477N;T478K;N481K;V483-;E484K;F486P;Q498R;N501Y;Y505H;E554K;A570V;D614G;P621S;H655Y;N679K;P681R;N764K;D796Y;S939F;Q954H;N969K;V1104L;P1143L|""""",64,52,KP.2,1,1,2024,4,25
EPI_ISL_19166043,T19I;R21T;L24-;P25-;P26-;A27S;S50L;F59S;H69-;V70-;V127F;G142D;Y145-;F157S;R158G;N211-;L212I;V213G;L216F;H245N;A264D;I332V;G339H;R346T;K356T;S371F;S373P;S375F;T376A;R403K;D405N;R408S;K417N;N440K;V445H;G446S;N450D;L452W;L455S;F456L;N460K;S477N;T478K;N481K;V483-;E484K;F486P;Q498R;N501Y;Y505H;E554K;A570V;D614G;P621S;H655Y;N679K;P681R;N764K;D796Y;S939F;Q954H;N969K;K1086R;V1104L;P1143L|16MPLF17,65,52,KP.2,6,1,2024,4,25
EPI_ISL_19142279,T19I;R21T;L24-;P25-;P26-;A27S;S50L;H69-;V70-;V127F;G142D;Y145-;F157S;R158G;N185D;N211-;L212I;V213G;L216F;H245N;A264D;I332V;G339H;R346T;K356T;S371F;S373P;S375F;T376A;R403K;D405N;R408S;K417N;N440K;V445H;G446S;N450D;L452W;L455S;F456L;N460K;S477N;T478K;N481K;V483-;E484K;F486P;Q498R;N501Y;Y505H;E554K;A570V;D614G;P621S;H655Y;N679K;P681R;N764K;D796Y;S939F;Q954H;N969K;V1104L;P1143L;P1263Q|16MPLF17,65,52,KP.2,1,1,2024,4,25
EPI_ISL_19132757,"T19I;R21T;L24-;P25-;P26-;A27S;S50L;H69-;V70-;V127F;G142D;Y145-;F157S;R158G;N211-;L212I;V213G;L216F;H245N;A264D;I332V;G339H;R346T;K356T;S371F;S373P;S375F;T376A;R403K;D405N;R408S;K417N;N440K;V445H;G446S;N450D;L452W;L455S;F456L;N460K;S477N;T478K;N481K;V483-;E484K;F486P;Q498R;N501Y;Y505H;E554K;A570V;D614G;P621S;H655Y;N679K;P681R;N764K;D796Y;S939F;Q954H;N969K;V1104L;P1143L;P1263L|""""",64,52,KP.2,1,1,2024,4,25
EPI_ISL_19141845,T19I;R21T;L24-;P25-;P26-;A27S;S50L;H69-;V70-;V127F;G142D;Y145-;F157S;R158G;K182N;N211-;L212I;V213G;L216F;H245N;A264D;I332V;G339H;R346T;K356T;S371F;S373P;S375F;T376A;R403K;D405N;R408S;K417T;N440K;V445H;G446S;N450D;L452W;L455S;F456L;N460K;S477N;T478K;N481K;V483-;E484K;F486P;Q498R;N501Y;Y505H;E554K;A570V;D614G;P621S;H655Y;N679K;P681R;N764K;D796Y;S939F;Q954H;N969K;K1086R;V1104L;P1143L|16MPLF17,65,52,KP.2,18,1,2024,4,25
EPI_ISL_19188096,T19I;R21T;L24-;P25-;P26-;A27S;S50L;H69-;V70-;V127F;G142D;Y145-;F157S;R158G;G181V;N211-;L212I;V213G;L216F;H245N;A264D;I332V;G339H;R346T;K356T;S371F;S373P;S375F;T376A;D405N;R408S;K417N;N440K;V445H;G446S;N450D;L452W;L455S;F456L;N460K;S477N;T478K;N481K;V483-;E484K;F486P;Q498R;N501Y;Y505H;E554K;A570V;D614G;P621S;H655Y;N679K;P681R;N764K;D796Y;S939F;Q954H;N969K;V1104L;P1143L;L1224F|16MPLF17,64,52,KP.2,1,1,2024,4,25
EPI_ISL_19186356,"T19I;R21T;L24-;P25-;P26-;A27S;H69-;V70-;V127F;G142D;Y145-;F157S;R158G;N211-;L212I;V213G;L216F;H245N;A264D;I332V;G339H;R346T;K356T;S371F;S373P;S375F;T376A;R403K;D405N;R408S;K417N;N440K;V445H;G446S;N450D;L452W;L455S;F456L;N460K;S477N;T478K;N481K;V483-;E484K;F486P;Q498R;N501Y;Y505H;E554K;A570V;D614G;P621S;H655Y;N679K;P681R;N764K;D796Y;S939F;Q954H;N969K;V1104L;P1143L;Q1201K|""""",63,52,KP.2,3,1,2024,4,26
EPI_ISL_19188649,"T19I;R21T;L24-;P25-;P26-;A27S;S50L;F59S;H69-;V70-;V127F;G142D;Y145-;F157S;R158G;N211-;L212I;V213G;L216F;H245N;A264D;I332V;G339H;R346T;K356T;S371F;S373P;S375F;T376A;R403K;D405N;R408S;K417N;N440K;V445H;G446S;N450D;L452W;L455S;F456L;N460K;S477N;T478K;N481K;V483-;E484K;F486P;Q498R;N501Y;Y505H;E554K;A570V;D614G;P621S;F643L;H655Y;N679K;P681R;N764K;D796Y;S939F;Q954H;N969K;K1086R;V1104L;P1143L|""""",66,52,KP.2,1,1,2024,4,26
EPI_ISL_19126247,T19I;R21T;L24-;P25-;P26-;A27S;S50L;H69-;V70-;V127F;G142D;Y145-;F157S;R158G;N211-;L212I;V213G;L216F;H245N;A264D;I332V;G339H;R346T;K356T;S371F;S373P;S375F;T376A;R403K;D405N;R408S;K417N;N440K;V445H;G446S;N450D;L452W;L455S;F456L;N460K;S477N;T478K;N481K;V483-;E484K;F486P;Q498R;N501Y;Y505H;E554K;A570V;D614G;P621S;H655Y;N679K;P681R;N764K;D796H;S939F;Q954H;N969K;V1104L;P1143L|16MPLF17,63,52,KP.2,3,1,2024,4,26
EPI_ISL_19094360,T19I;R21T;L24-;P25-;P26-;A27S;S50L;H69-;V70-;V127F;G142D;Y145-;F157S;R158G;V213G;L216F;H245N;A264D;I332V;G339H;R346T;K356T;S371F;S373P;S375F;T376A;R403K;D405N;R408S;K417N;N440K;V445H;G446S;N450D;L452W;L455S;F456L;N460K;S477N;T478K;N481K;V483-;E484K;F486P;Q498R;E554K;A570V;D614G;P621S;H655Y;N679K;P681R;N764K;D796Y;S939F;Q954H;N969K;K1086R;V1104L;P1143L|16MPLF17,60,52,KP.2,1,1,2024,4,26
EPI_ISL_19141890,T19I;R21T;L24-;P25-;P26-;A27S;S31-;S50L;H69-;V70-;V127F;G142D;Y145-;F157S;R158G;Q183H;N211-;L212I;V213G;L216F;H245N;A264D;I332V;G339H;R346T;K356T;S371F;S373P;S375F;T376A;R403K;D405N;R408S;K417N;N440K;V445H;G446S;N450D;L452W;L455S;F456L;N460K;S477N;T478K;N481K;V483-;E484K;F486P;Q498R;N501Y;Y505H;E554K;A570V;D614G;P621S;H655Y;N679K;P681R;N764K;D796Y;S939F;Q954H;N969K;V1104L;P1143L|16MPLF17,65,52,KP.2,32,2,2024,4,26
EPI_ISL_19140135,T19I;R21T;L24-;P25-;P26-;A27S;S50L;H69-;V70-;V127F;G142D;Y145-;F157S;R158G;N211-;L212I;V213G;L216F;H245N;A264D;I332V;G339H;R346T;K356T;S371F;S373P;S375F;T376A;R403K;D405N;R408S;K417N;N440K;V445H;G446S;N450D;L452W;L455S;F456L;N460K;S477N;T478K;N481K;V483-;E484K;F486P;Q498R;N501Y;Y505H;E554K;A570V;D614G;P621S;H655Y;N679K;P681R;N764K;D796Y;S939F;Q954H;N969K;V1104L;P1143L;P1162L|16MPLF17,64,52,KP.2,1,1,2024,4,26
EPI_ISL_19108710,L5F;T19I;R21T;L24-;P25-;P26-;A27S;S50L;H69-;V70-;V127F;G142D;Y145-;F157S;R158G;N211-;L212I;V213G;L216F;H245N;A264D;I332V;G339H;R346T;K356T;S371F;S373P;S375F;T376A;R403K;D405N;K417N;N440K;V445H;G446S;N450D;L452W;L455S;F456L;N460K;S477N;T478K;N481K;V483-;E484K;F486P;Q498R;N501Y;Y505H;E554K;A570V;D614G;P621S;H655Y;N679K;P681R;N764K;D796Y;S939F;Q954H;N969K;K1086R;V1104L;P1143L|16MPLF17,64,52,KP.2,1,1,2024,4,26
EPI_ISL_19170223,"R21T;L24-;P25-;P26-;A27S;S50L;H69-;V70-;V127F;G142D;Y145-;F157S;R158G;K187R;N211-;L212I;V213G;H245N;A264D;I332V;G339H;R346T;K356T;S371F;S373P;S375F;T376A;R403K;D405N;R408S;K417N;N440K;V445H;G446S;N450D;L452W;L455S;F456L;N460K;S477N;T478K;N481K;V483-;E484K;F486P;Q498R;N501Y;Y505H;E554K;A570V;D614G;P621S;H655Y;N679K;P681R;N764K;D796Y;Q954H;N969K;V1104L;P1143L|""""",61,52,KP.2,1,1,2024,4,26
EPI_ISL_19166046,T19I;R21T;L24-;P25-;P26-;A27S;S50L;H69-;V70-;V127F;G142D;Y145-;F157S;R158G;Q173E;N211-;L212I;V213G;L216F;H245N;A264D;I332V;G339H;R346T;K356T;S371F;S373P;S375F;T376A;R403K;D405N;R408S;K417N;N440K;V445H;G446S;N450D;L452W;L455S;F456L;N460K;S477N;T478K;N481K;V483-;E484K;F486P;Q498R;N501Y;Y505H;E554K;A570V;D614G;P621S;H655Y;N679K;P681R;N764K;D796Y;S939F;Q954H;N969K;V1104L;P1143L|16MPLF17,64,52,KP.2,4,1,2024,4,26
EPI_ISL_19143285,T19I;R21T;L24-;P25-;P26-;A27S;S50L;H69-;V70-;I100L;V127F;G142D;Y145-;F157S;R158G;K182N;N211-;L212I;V213G;L216F;H245N;A264D;I332V;G339H;R346T;K356T;S371F;S373P;S375F;T376A;R403K;D405N;R408S;K417N;N440K;V445H;G446S;N450D;L452W;L455S;F456L;N460K;S477N;T478K;N481K;V483-;E484K;F486P;Q498R;N501Y;Y505H;E554K;A570V;T572I;D614G;P621S;H655Y;N679K;P681R;N764K;D796Y;S939F;Q954H;N969K;K1086R;V1104L;P1143L|16MPLF17,67,52,KP.2,3,1,2024,4,26
EPI_ISL_19164276,T19I;R21T;L24-;P25-;P26-;A27S;S50L;H69-;V70-;V127F;G142D;Y145-;H146Q;F157S;R158G;N211-;L212I;V213G;L216F;H245N;A264D;I332V;G339H;R346T;K356T;S371F;S373P;S375F;T376A;R403K;D405N;R408S;K417N;N440K;V445H;G446S;N450D;L452W;L455S;F456L;N460K;S477N;T478K;N481K;V483-;E484K;F486P;Q498R;N501Y;Y505H;E554K;A570V;T572I;D614G;P621S;H655Y;N679K;P681R;N764K;D796Y;S939F;Q954H;N969K;V1104L;P1143L|16MPLF17,65,52,KP.2,4,1,2024,4,27
EPI_ISL_19142352,T19I;R21T;L24-;P25-;P26-;A27S;S50L;H69-;V70-;P85S;V127F;G142D;Y145-;F157S;R158G;N211-;L212I;V213G;L216F;H245N;A264D;I332V;G339H;R346T;K356T;S371F;S373P;S375F;T376A;R403K;D405N;R408S;K417N;N440K;V445H;G446S;N450D;L452W;L455S;F456L;N460K;S477N;T478K;N481K;V483-;E484K;F486P;Q498R;N501Y;Y505H;E554K;A570V;D614G;P621S;H655Y;N679K;P681R;N764K;D796Y;S939F;Q954H;N969K;V1104L;P1143L|16MPLF17,64,52,KP.2,2,2,2024,4,27
EPI_ISL_19118208,T19I;R21T;L24-;P25-;P26-;A27S;S31Y;S50L;H69-;V70-;V127F;G142D;Y145-;F157S;R158G;N211-;L212I;V213G;L216F;H245N;A264D;I332V;G339H;R346T;K356T;S371F;S373P;S375F;T376A;R403K;D405N;R408S;K417N;N440K;V445H;G446S;N450D;L452W;L455S;F456L;N460K;S477N;T478K;N481K;V483-;E484K;F486P;Q498R;N501Y;Y505H;E554K;A570V;D614G;P621S;H655Y;N679K;P681R;N764K;D796Y;S939F;Q954H;N969K;K1086R;V1104L;P1143L|16MPLF17,65,52,KP.2,2,1,2024,4,28
EPI_ISL_19140216,T19I;R21T;L24-;P25-;P26-;A27S;S31-;S50L;H69-;V70-;V127F;G142D;Y145-;H146Q;F157S;R158G;N211-;L212I;V213G;L216F;H245N;A264D;T307I;I332V;G339H;R346T;K356T;S371F;S373P;S375F;T376A;R403K;D405N;R408S;K417N;N440K;V445H;G446S;N450D;L452W;L455S;F456L;N460K;S477N;T478K;N481K;V483-;E484K;F486P;Q498R;N501Y;Y505H;E554K;A570V;D614G;P621S;H655Y;N679K;P681R;N764K;D796Y;S939F;Q954H;N969K;V1104L;P1143L|16MPLF17,66,52,KP.2,1,1,2024,4,28
EPI_ISL_19140171,T19I;R21T;L24-;P25-;P26-;A27S;S31P;S50L;H69-;V70-;V127F;G142D;Y145-;F157S;R158G;K182N;N211-;L212I;V213G;L216F;H245N;A264D;I332V;G339H;R346T;K356T;S371F;S373P;S375F;T376A;R403K;D405N;R408S;K417N;N440K;V445H;G446S;N450D;L452W;L455S;F456L;N460K;S477N;T478K;N481K;V483-;E484K;F486P;Q498R;N501Y;Y505H;E554K;A570V;D614G;P621S;H655Y;N679K;P681R;N764K;D796Y;S939F;Q954H;N969K;K1086R;V1104L;P1143L|16MPLF17,66,52,KP.2,8,1,2024,4,28
EPI_ISL_19140175,T19I;R21T;L24-;P25-;P26-;A27S;S50L;H69-;V70-;V127F;G142D;Y145-;F157S;R158G;K182N;N211-;L212I;V213G;L216F;H245N;A264D;I332V;G339H;R346T;K356T;S371F;S373P;S375F;T376A;R403K;D405N;R408S;K417N;N440K;V445H;G446S;N450D;L452W;L455S;F456L;N460K;S477N;T478K;N481K;V483-;E484K;F486P;Q498R;N501Y;Y505H;E554K;A570V;D614G;P621S;H655Y;N679K;P681R;T732I;N764K;D796Y;S939F;Q954H;N969K;K1086R;V1104L;P1143L|16MPLF17,66,52,KP.2,1,1,2024,4,28
EPI_ISL_19155560,T19I;R21T;L24-;P25-;P26-;A27S;S50L;H69-;V70-;V127F;G142D;Y145-;F157S;R158G;N211-;L212I;V213G;L216F;H245N;A264D;I332V;G339H;R346T;K356T;S371F;S373P;S375F;T376A;R403K;D405N;R408S;K417N;N440K;V445H;G446S;N450D;L452W;L455S;F456L;N460K;S477N;T478K;N481K;V483-;E484K;F486P;Q498R;N501Y;Y505H;E554K;A570V;D614G;P621S;H655Y;N679K;P681R;N764K;D796Y;S939F;Q954H;N969K;V1104L;P1143L;C1248Y|16MPLF17,64,52,KP.2,1,1,2024,4,28
EPI_ISL_19188699,"T19I;R21T;L24-;P25-;P26-;A27S;S50L;H69-;V70-;V127F;G142D;Y145-;F157S;R158G;N185-;F186I;N211-;L212I;V213G;L216F;H245N;A264D;I332V;G339H;R346T;K356T;S371F;S373P;S375F;T376A;R403K;D405N;R408S;K417N;N440K;V445H;G446S;N450D;L452W;L455S;F456L;N460K;S477N;T478K;N481K;V483-;E484K;F486P;Q498R;N501Y;Y505H;E554K;A570V;D614G;P621S;H655Y;N679K;P681R;N764K;D796Y;S939F;Q954H;N969K;K1086R;V1104L;P1143L|""""",66,52,KP.2,3,1,2024,4,28
EPI_ISL_19161569,"T19I;R21T;L24-;P25-;P26-;A27S;S50L;H69-;V70-;V127F;G142D;Y145-;F157S;R158G;N211-;L212I;V213G;R214H;L216F;H245N;A264D;I332V;G339H;R346T;K356T;S371F;S373P;S375F;T376A;R403K;D405N;R408S;K417N;N440K;V445H;G446S;N450D;L452W;L455S;F456L;N460K;S477N;T478K;N481K;V483-;E484K;F486P;Q498R;N501Y;Y505H;E554K;A570V;D614G;P621S;H655Y;N679K;P681R;N764K;D796Y;S939F;Q954H;N969K;K1086R;V1104L;P1143L|""""",65,52,KP.2,1,1,2024,4,28
EPI_ISL_19141974,T19I;R21T;L24-;P25-;P26-;A27S;G35R;S50L;H69-;V70-;V127F;G142D;Y145-;F157S;R158G;N211-;L212I;V213G;L216F;H245N;A264D;I332V;G339H;R346T;K356T;S371F;S373P;S375F;T376A;R403K;D405N;R408S;K417N;N440K;V445H;G446S;N450D;L452W;L455S;F456L;N460K;S477N;T478K;N481K;V483-;E484K;F486P;Q498R;N501Y;E554K;A570V;D614G;P621S;H655Y;N679K;P681R;N764K;D796Y;S939F;Q954H;N969K;V1104L;P1143L|16MPLF17,63,52,KP.2,1,1,2024,4,28
EPI_ISL_19160855,T19I;R21T;L24-;P25-;P26-;A27S;S50L;H69-;V70-;V127F;G142D;Y145-;F157S;R158G;K182N;N211-;L212I;V213G;L216F;H245N;A264D;I332V;G339H;R346T;K356T;S371F;S373P;S375F;T376A;R403K;D405N;R408S;K417N;N440K;V445H;G446S;N450D;L452W;L455S;F456L;N460K;S477N;T478K;N481K;V483-;E484K;F486P;Q498R;N501Y;Y505H;E554K;A570V;D614G;P621S;H655Y;N679K;P681R;N764K;D796Y;S939F;Q954H;N969K;K1086R;V1104L;P1143L;C1253F|16MPLF17,66,52,KP.2,1,1,2024,4,29
EPI_ISL_19118209,T19I;R21T;L24-;P25-;P26-;A27S;S31-;S50L;H69-;V70-;V127F;G142D;Y145-;F157S;R158G;G184D;N211-;L212I;V213G;L216F;H245N;A264D;I332V;G339H;R346T;K356T;S371F;S373P;S375F;T376A;R403K;D405N;R408S;K417N;N440K;V445H;G446S;N450D;L452W;L455S;F456L;N460K;S477N;T478K;N481K;V483-;E484K;F486P;Q498R;N501Y;Y505H;E554K;A570V;D614G;P621S;H655Y;N679K;P681R;N764K;D796Y;Q836L;S939F;Q954H;N969K;K1086R;V1104L;P1143L|16MPLF17,67,52,KP.2,1,1,2024,4,29
EPI_ISL_19176440,T19I;R21T;L24-;P25-;P26-;A27S;S50L;H69-;V70-;V127F;G142D;Y145-;F157S;R158G;N211-;L212I;V213G;L216F;H245N;A264D;I332V;G339H;R346T;K356T;S371F;S373P;S375F;T376A;R403K;D405N;R408S;K417N;N440K;V445H;G446S;N450D;L452W;L455S;F456L;N460K;S477N;T478K;N481K;V483-;E484K;F486P;Q498R;N501Y;Y505H;E554K;A570V;D614G;P621S;H655Y;N679K;P681R;N764K;D796Y;S884F;S939F;Q954H;N969K;V1104L;P1143L;S1242N|16MPLF17,65,52,KP.2,1,1,2024,4,29
EPI_ISL_19137663,T19I;R21T;L24-;P25-;P26-;A27S;G35R;S50L;H69-;V70-;V127F;G142D;Y145-;F157S;R158G;K187R;N211-;L212I;V213G;L216F;H245N;A264D;I332V;G339H;R346T;K356T;S371F;S373P;S375F;T376A;R403K;D405N;R408S;K417N;N440K;V445H;G446S;N450D;L452W;L455S;F456L;N460K;S477N;T478K;N481K;V483-;E484K;F486P;Q498R;N501Y;Y505H;E554K;A570V;D614G;P621S;H655Y;N679K;P681R;N764K;D796Y;S939F;Q954H;N969K;V1104L;P1143L|16MPLF17,65,52,KP.2,2,1,2024,4,29
EPI_ISL_19141938,T19I;R21T;L24-;P25-;P26-;A27S;S50L;H69-;V70-;V127F;G142D;Y145-;K150N;F157S;R158G;N211-;L212I;V213G;L216F;H245N;A264D;I332V;G339H;R346T;K356T;S371F;S373P;S375F;T376A;R403K;D405N;R408S;K417N;N440K;V445H;G446S;N450D;L452W;L455S;F456L;N460K;S477N;T478K;N481K;V483-;E484K;F486P;Q498R;N501Y;Y505H;E554K;A570V;D614G;P621S;H655Y;N679K;P681R;N764K;D796Y;S939F;Q954H;N969K;V1104L;P1143L|16MPLF17,64,52,KP.2,3,1,2024,4,29
EPI_ISL_19165402,"T19I;R21T;L24-;P25-;P26-;A27S;S50L;H69S;S71-;G72-;V127F;G142D;Y145-;F157S;R158G;V213G;L216F;H245N;A264D;I332V;G339H;R346T;K356T;S371F;S373P;S375F;T376A;R403K;D405N;R408S;K417N;N440K;V445H;G446S;N450D;L452W;L455S;F456L;N460K;S477N;T478K;N481K;V483-;E484K;F486P;Q498R;N501Y;Y505H;E554K;A570V;D614G;P621S;H655Y;N679K;P681R;N764K;D796Y;S939F;Q954H;N969K;V1104L;P1143L|""""",62,52,KP.2,1,1,2024,4,29
EPI_ISL_19153876,T19I;R21T;L24-;P25-;P26-;A27S;S31F;S50L;H69-;V70-;V127F;G142D;Y145-;F157S;R158G;N185-;F186I;N211-;L212I;V213G;L216F;H245N;A264D;I332V;G339H;R346T;K356T;S371F;S373P;S375F;T376A;R403K;D405N;R408S;K417N;N440K;V445H;G446S;N450D;L452W;L455S;F456L;N460K;S477N;T478K;N481K;V483-;E484K;F486P;Q498R;N501Y;Y505H;E554K;A570V;D614G;P621S;H655Y;N679K;P681R;N764K;D796Y;S939F;Q954H;N969K;K1086R;V1104L;P1143L|16MPLF17,67,52,KP.2,1,1,2024,4,29
EPI_ISL_19161399,"T19I;R21T;L24-;P25-;P26-;A27S;S31-;S50L;H69-;V70-;V127F;G142D;Y145-;H146Q;F157S;R158G;N211-;L212I;V213G;L216F;H245N;A264D;I332V;G339H;R346T;K356T;S371F;S373P;S375F;T376A;R403K;D405N;R408S;K417N;N440K;V445H;G446S;N450D;L452W;L455S;F456L;N460K;S477N;T478K;N481K;V483-;E484K;F486P;Q498R;N501Y;Y505H;E554K;A570V;D614G;P621S;H655Y;N679K;P681R;N764K;D796Y;S939F;Q954H;N969K;V1104L;P1143L;P1162S|""""",66,52,KP.2,1,1,2024,4,29
EPI_ISL_19180817,T19I;R21T;L24-;P25-;P26-;A27S;S50L;H69-;V70-;V127F;G142D;Y145-;F157S;R158G;N211-;L212I;V213G;L216F;H245N;A264D;I332V;G339H;R346T;K356T;S371F;S373P;S375F;T376A;R403K;D405N;R408S;K417N;N440K;V445H;G446S;N450D;L452W;L455S;F456L;N460K;S477N;T478K;N481K;F486P;Q498R;N501Y;Y505H;E554K;A570V;D614G;P621S;H655Y;N679K;P681R;N764K;D796Y;S939F;Q954H;N969K;K1086R;V1104L;P1143L|16MPLF17,62,52,KP.2,2,1,2024,4,29
EPI_ISL_19165981,T19I;R21T;L24-;P25-;P26-;A27S;S50L;H69-;V70-;V127F;G142D;Y145-;F157S;R158G;N211-;L212I;V213G;L216F;H245N;A264D;I332V;G339H;R346T;K356T;S371F;S373P;S375F;T376A;R403K;D405N;R408S;K417N;N440K;V445H;G446S;N450D;L452W;L455S;F456L;N460K;S477N;T478K;N481K;V483-;E484K;F486P;Q498R;N501Y;Y505H;E554K;A570V;D614G;P621S;H655Y;N679K;P681R;S708A;N764K;D796Y;S939F;Q954H;N969K;V1104L;P1143L|16MPLF17,64,52,KP.2,1,1,2024,4,29
EPI_ISL_19153805,T19I;R21T;L24-;P25-;P26-;A27S;S31-;S50L;H69-;V70-;V127F;G142D;Y145-;F157S;R158G;N211-;L212I;V213G;L216F;H245N;A264D;I332V;G339H;R346T;K356T;S371F;S373P;S375F;T376A;R403K;D405N;R408S;K417N;N440K;V445H;G446S;N450D;L452W;L455S;F456L;N460K;S477N;T478K;N481K;V483-;E484K;F486P;Q498R;N501Y;Y505H;E554K;A570V;D614G;P621S;H655Y;N679K;S680P;P681R;N764K;D796Y;S939F;Q954H;N969K;V1104L;P1143L|16MPLF17,65,52,KP.2,1,1,2024,4,29
EPI_ISL_19169548,T19I;R21T;L24-;P25-;P26-;A27S;S50L;H69-;V70-;V127F;G142D;Y145-;F157S;R158G;N211-;L212I;V213G;R214H;L216F;H245N;A264D;I332V;G339H;R346T;K356T;S371F;S373P;S375F;T376A;R403K;D405N;R408S;K417N;N440K;V445H;G446S;N450D;L452W;L455S;F456L;N460K;S477N;T478K;N481K;V483-;E484K;F486P;Q498R;N501Y;Y505H;E554K;A570V;D614G;P621S;H655Y;N679K;P681R;N764K;D796Y;S939F;Q954H;N969K;K1086R;V1104L;P1143L|16MPLF17,65,52,KP.2,14,2,2024,4,29
EPI_ISL_19079855,"T19I;R21T;L24-;P25-;P26-;A27S;S50L;H69-;V70-;V127F;G142D;Y145-;F157S;R158G;N211-;L212I;V213G;L216F;H245N;A264D;I332V;G339H;R346T;K356T;S371F;S373P;S375F;T376A;R403K;D405N;R408S;K417N;N440K;V445H;G446S;N450D;L452W;L455S;F456L;N460K;S477N;T478K;N481K;V483-;E484K;F486P;Q498R;N501Y;Y505H;E554K;A570V;D614G;P621S;H655Y;N679K;P681R;N764K;T791I;D796Y;S939F;Q954H;N969K;V1104L;P1143L|""""",64,52,KP.2,1,1,2024,4,29
EPI_ISL_19159939,T19I;R21T;L24-;P25-;P26-;A27S;S50L;H69-;V70-;V127F;G142D;Y145-;H146Q;F157S;R158G;N211-;L212I;V213G;L216F;H245N;A264D;I332V;G339H;R346T;K356T;S371F;S373P;S375F;T376A;R403K;D405N;R408S;K417N;N440K;V445H;G446S;N450D;L452W;L455S;F456L;N460K;S477N;T478K;N481K;V483-;E484K;F486P;Q498R;N501Y;Y505H;E554K;A570V;D614G;P621S;H655Y;N679K;P681R;N764K;D796Y;S939F;Q954H;N969K;V1104L;P1143L|16MPLF17,64,52,KP.2,6,1,2024,4,29
EPI_ISL_19160896,T19I;R21T;L24-;P25-;P26-;A27S;S31-;S50L;H69-;V70-;V127F;G142D;Y145-;F157S;R158G;N211-;L212I;V213G;L216F;H245N;A264D;I332V;G339H;R346T;K356T;S371F;S373P;S375F;T376A;R403K;D405N;R408S;K417N;N440K;V445H;G446S;N450D;L452W;L455S;F456L;N460K;S477N;T478K;N481K;V483-;E484K;F486P;Q498R;N501Y;Y505H;E554K;A570V;D614G;P621S;H655Y;N679K;P681R;N764K;D796Y;S939F;Q954H;N969K;K1086R;V1104L;P1143L;M1229I|16MPLF17,66,52,KP.2,52,1,2024,4,30
EPI_ISL_19136178,T19I;R21T;L24-;P25-;P26-;A27S;S50L;H69-;V70-;V127F;G142D;Y145-;F157S;R158G;N211-;L212I;V213G;L216F;H245N;A264D;I332V;G339H;R346T;K356T;S371F;S373P;S375F;T376A;R403K;D405N;R408S;K417N;N440K;V445H;G446S;N450D;L452W;L455S;F456L;N460K;S477N;T478K;N481K;V483-;E484K;F486P;Q498R;N501Y;Y505H;E554K;A570V;D614G;P621S;N641S;H655Y;N679K;P681R;N764K;D796Y;S939F;Q954H;N969K;V1104L;P1143L|16MPLF17,64,52,KP.2,1,1,2024,4,30
EPI_ISL_19144445,T19I;R21T;L24-;P25-;P26-;A27S;S50L;H69-;V70-;V127F;G142D;Y145-;F157S;R158G;N211-;L212I;V213G;L216F;H245N;A264D;I332V;G339H;R346T;K356T;S371F;S373P;S375F;T376A;R403K;D405N;R408S;K417N;N440K;V445H;G446S;N450D;L452W;L455S;F456L;N460K;S477N;T478K;N481K;V483-;E484K;F486P;Q498R;E554K;A570V;D614G;P621S;H655Y;N679K;P681R;N764K;D796Y;S939F;Q954H;N969K;K1086R;V1104L;P1143L|16MPLF17,62,52,KP.2,1,1,2024,4,30
EPI_ISL_19176073,T19I;R21T;Q23R;L24-;P25-;P26-;A27S;S50L;H69-;V70-;V127F;G142D;Y145-;F157S;R158G;N211-;L212I;V213G;L216F;H245N;A264D;I332V;G339H;R346T;K356T;S371F;S373P;S375F;T376A;R403K;D405N;R408S;K417N;N440K;V445H;G446S;N450D;L452W;L455S;F456L;N460K;S477N;T478K;N481K;V483-;E484K;F486P;Q498R;N501Y;Y505H;E554K;A570V;D614G;P621S;H655Y;N679K;P681R;N764K;D796Y;S939F;Q954H;N969K;V1104L;P1143L|16MPLF17,64,52,KP.2,1,1,2024,4,30
EPI_ISL_19190713,T19I;R21T;L24-;P25-;P26-;A27S;S50L;H69-;V70-;V127F;G142D;Y145-;F157S;R158G;K187R;N211-;L212I;V213G;L216F;H245N;A264D;I332V;G339H;R346T;K356T;S371F;S373P;S375F;T376A;R403K;D405N;R408S;K417N;N440K;V445H;G446S;N450D;L452W;L455S;F456L;N460K;S477N;T478K;N481K;V483-;E484K;F486P;Q498R;N501Y;Y505H;E554K;A570V;D614G;P621S;H655Y;N679K;P681R;A684V;N764K;D796Y;S939F;Q954H;N969K;V1104L;P1143L|16MPLF17,65,52,KP.2,2,1,2024,4,30
EPI_ISL_19194435,"T19I;R21T;L24-;P25-;P26-;A27S;S50L;H69-;V70-;V127F;G142D;Y145-;F157S;R158G;N211-;L212I;V213G;L216F;H245N;A264D;I332V;G339H;R346T;K356T;S371F;S373P;S375F;T376A;R403K;D405N;R408S;K417N;N440K;V445H;G446S;N450D;L452W;L455S;F456L;N460K;S477N;T478K;N481K;V483-;E484K;F486P;Q498R;N501Y;Y505H;E554K;A570V;D614G;P621S;H655Y;N679K;P681R;N764K;D796Y;S939F;Q954H;N969K;V1104L;P1143L;K1266R|""""",64,52,KP.2,1,1,2024,4,30
EPI_ISL_19142170,T19I;R21T;L24-;P25-;P26-;A27S;S50L;H69-;V70-;L84I;V127F;G142D;Y145-;F157S;R158G;N211-;L212I;V213G;L216F;H245N;A264D;I332V;G339H;R346T;K356T;S371F;S373P;S375F;T376A;R403K;D405N;R408S;K417N;N440K;V445H;G446S;N450D;L452W;L455S;F456L;N460K;S477N;T478K;N481K;V483-;E484K;F486P;Q498R;N501Y;Y505H;E554K;A570V;D614G;P621S;H655Y;N679K;P681R;N764K;D796Y;S939F;Q954H;N969K;V1104L;P1143L|16MPLF17,64,52,KP.2,3,1,2024,4,30
EPI_ISL_19142145,T19I;R21T;L24-;P25-;P26-;A27S;S31-;S50L;H69-;V70-;V127F;G142D;Y145-;F157S;R158G;N211-;L212I;V213G;L216F;H245N;A264D;I332V;G339H;R346T;K356T;S371F;S373P;S375F;T376A;R403K;D405N;R408S;K417N;N440K;V445H;G446S;N450D;L452W;L455S;F456L;N460K;S477N;T478K;N481K;V483-;E484K;F486P;Q498R;N501Y;Y505H;E554K;A570V;D614G;P621S;H655Y;N679K;P681R;L763S;N764K;D796Y;S939F;Q954H;N969K;K1086R;V1104L;P1143L|16MPLF17,66,52,KP.2,1,1,2024,4,30
EPI_ISL_19185688,T19I;R21T;L24-;P25-;P26-;A27S;S50L;H69-;V70-;V127F;G142D;Y145-;F157S;R158G;K182N;N211-;L212I;V213G;L216F;H245N;A264D;I332V;G339H;R346T;K356T;S371F;S373P;S375F;T376A;R403K;D405N;R408S;K417N;N440K;V445H;G446S;N450D;L452W;L455S;F456L;N460K;S477N;T478K;N481K;V483-;E484K;F486P;Q498R;N501Y;Y505H;E554K;A570V;D614G;P621S;H655Y;N679R;P681R;N764K;D796Y;S939F;Q954H;N969K;K1086R;V1104L;P1143L|16MPLF17,65,52,KP.2,1,1,2024,4,30
EPI_ISL_19180612,T19I;R21T;A27S;S50L;H69-;V70-;V127F;G142D;Y145-;F157S;R158G;N211-;L212I;V213G;L216F;H245N;A264D;I332V;G339H;R346T;K356T;S371F;S373P;S375F;T376A;R403K;D405N;R408S;K417N;N440K;V445H;G446S;N450D;L452W;L455S;F456L;N460K;S477N;T478K;N481K;F486P;Q498R;N501Y;Y505H;E554K;A570V;D614G;P621S;H655Y;N679K;P681R;N764K;D796Y;S939F;Q954H;N969K;K1086R;V1104L;P1143L|16MPLF17,59,52,KP.2,6,1,2024,4,30
EPI_ISL_19136254,T19I;R21T;L24-;P25-;P26-;A27S;S50L;F59L;H69-;V70-;V127F;G142D;Y145-;F157S;R158G;N211-;L212I;V213G;L216F;H245N;A264D;I332V;G339H;R346T;K356T;S371F;S373P;S375F;T376A;R403K;D405N;R408S;K417N;N440K;V445H;G446S;N450D;L452W;L455S;F456L;N460K;S477N;T478K;N481K;V483-;E484K;F486P;Q498R;N501Y;Y505H;E554K;A570V;D614G;P621S;H655Y;N679K;P681R;N764K;D796Y;S939F;Q954H;N969K;V1104L;P1143L;K1266R|16MPLF17,65,53,KP.2,143,93,2024,5,1
EPI_ISL_19134220,T19I;R21T;L24-;P25-;P26-;A27S;S50L;H69-;V70-;V127F;G142D;Y145-;F157S;R158G;N211-;L212I;V213G;L216F;H245N;A264D;I332V;G339H;R346T;K356T;S371F;S373P;S375F;T376A;R403K;D405N;R408S;K417N;N440K;V445H;G446S;N450D;L452W;L455S;F456L;N460K;S477N;T478K;N481K;V483-;E484K;F486P;Q498R;N501Y;Y505H;E554K;A570V;D614G;P621S;H655Y;N679K;P681R;N764K;D796Y;P809S;S939F;Q954H;N969K;V1104L;P1143L|16MPLF17,64,53,KP.2,10,9,2024,5,1
EPI_ISL_19163201,T19I;R21T;L24-;P25-;P26-;A27S;S50L;H69-;V70-;V127F;G142D;Y145-;F157S;R158G;N211-;L212I;V213G;L216F;H245N;A264D;I332V;G339H;R346T;K356T;S371F;S373P;S375F;T376A;R403K;D405N;R408S;K417N;N440K;V445H;G446S;N450D;L452W;L455S;F456L;N460K;S477N;T478K;N481K;V483-;E484K;F486P;Q498R;N501Y;Y505H;E554K;A570V;D614G;P621S;H655Y;N679K;P681R;N764K;D796Y;S939F;Q954H;N969K;V1104L;P1143L;Q1201K|16MPLF17,64,53,KP.2,65,31,2024,5,1
EPI_ISL_19140248,T19I;R21T;L24-;P25-;P26-;A27S;S50L;H69-;V70-;V127F;G142D;Y145-;F157S;R158G;N211-;L212I;V213G;L216F;H245N;A264D;I332V;G339H;R346T;K356T;S371F;S373P;S375F;T376A;R403K;D405N;R408S;K417N;N440K;V445H;G446S;N450D;L452W;L455S;F456L;N460K;S477N;T478E;N481K;V483-;E484K;F486P;Q498R;N501Y;Y505H;E554K;A570V;D614G;P621S;H655Y;N679K;P681R;N764K;D796Y;S939F;Q954H;N969K;V1104L;P1143L|16MPLF17,63,53,KP.2,24,19,2024,5,1
EPI_ISL_19180511,T19I;R21T;S31-;S50L;H69-;V70-;V127F;G142D;Y145-;H146Q;F157S;R158G;N211-;L212I;V213G;L216F;H245N;A264D;I332V;G339H;R346T;K356T;S371F;S373P;S375F;T376A;R403K;D405N;R408S;K417N;N440K;V445H;G446S;N450D;L452W;L455S;F456L;N460K;S477N;T478K;N481K;F486P;Q498R;N501Y;Y505H;E554K;A570V;D614G;P621S;H655Y;N679K;P681R;N764K;D796Y;S939F;Q954H;N969K;V1104L;P1143L|16MPLF17,59,53,KP.2,9,9,2024,5,1
EPI_ISL_19188568,"T19I;R21T;L24-;P25-;P26-;A27S;S31-;S50L;H69-;V70-;V127F;G142D;Y145-;H146Q;F157S;R158G;N211-;L212I;V213G;L216F;H245N;A264D;I332V;G339H;R346T;K356T;S371F;S373P;S375F;T376A;R403K;D405N;R408S;K417N;N440K;V445H;G446S;N450D;L452W;L455S;F456L;N460K;S477N;T478K;N481K;V483-;E484K;F486P;Q498R;N501Y;Y505H;E554K;A570V;D614G;P621S;H655Y;N679K;P681R;N764K;D796Y;S939F;Q954H;N969K;V1104L;P1143L|""""",65,53,KP.2,46,23,2024,5,1
EPI_ISL_19153918,T19I;R21T;L24-;P25-;P26-;A27S;S31-;S50L;H69F;V70-;S71-;V127F;G142D;Y145-;H146Q;F157S;R158G;Q183R;N211-;L212I;V213G;L216F;H245N;A264D;I332V;G339H;R346T;K356T;S371F;S373P;S375F;T376A;R403K;D405N;R408S;K417N;N440K;V445H;G446S;N450D;L452W;L455S;F456L;N460K;S477N;T478K;N481K;V483-;E484K;F486P;Q498R;N501Y;Y505H;E554K;A570V;D614G;P621S;H655Y;N679K;P681R;N764K;D796Y;S939F;Q954H;N969K;V1104L;P1143L|16MPLF17,67,53,KP.2,1,1,2024,5,1
EPI_ISL_19168289,T19I;R21T;L24-;P25-;P26-;A27S;S50L;H69-;V70-;V127F;G142D;H146-;F157S;R158G;N211-;L212I;V213G;L216F;H245N;A264D;I332V;G339H;R346T;K356T;S371F;S373P;S375F;T376A;R403K;D405N;R408S;K417N;N440K;V445H;G446S;N450D;L452W;L455S;F456L;N460K;S477N;T478K;N481K;V483-;E484K;F486P;Q498R;N501Y;Y505H;E554K;A570V;D614G;P621S;H655Y;N679K;P681R;N764K;D796Y;S939F;Q954H;N969K;V1104L;P1143L|16MPLF17,63,53,KP.2,21,4,2024,5,1
EPI_ISL_19133360,T19I;R21T;L24-;P25-;P26-;A27S;S31-;S50L;H69-;V70-;V127F;G142D;Y145-;F157S;R158G;N211-;L212I;V213G;L216F;H245N;A264D;I332V;G339H;R346T;K356T;S371F;S373P;S375F;T376A;R403K;D405N;R408S;K417N;N440K;V445H;G446S;N450D;L452W;L455S;F456L;N460K;S477N;T478K;N481K;V483-;E484K;F486P;Q498R;N501Y;Y505H;E554K;A570V;D614G;P621S;H655Y;N679K;P681R;N764K;D796Y;S939F;Q954H;N969K;K1086R;V1104L;P1143L|16MPLF17,65,53,KP.2,96,69,2024,5,1
EPI_ISL_19194442,"T19I;R21T;L24-;P25-;P26-;A27S;S50L;H69-;V70-;V127F;G142D;Y145-;F157S;R158G;N211-;L212I;V213G;L216F;T240I;H245N;A264D;I332V;G339H;R346T;K356T;S371F;S373P;S375F;T376A;R403K;D405N;R408S;K417N;N440K;V445H;G446S;N450D;L452W;L455S;F456L;N460K;S477N;T478K;N481K;V483-;E484K;F486P;Q498R;N501Y;Y505H;E554K;A570V;D614G;P621S;H655Y;N679K;P681R;N764K;D796Y;S939F;Q954H;N969K;V1104L;I1114T;P1143L|""""",65,53,KP.2,1,1,2024,5,1
EPI_ISL_19155431,T19I;R21T;L24-;P25-;P26-;A27S;S31-;S50L;H69-;V70-;V127F;G142D;Y145-;H146Q;F157S;R158G;N211-;L212I;V213G;L216F;H245N;S254P;A264D;I332V;G339H;R346T;K356T;S371F;S373P;S375F;T376A;R403K;D405N;R408S;K417N;N440K;V445H;G446S;N450D;L452W;L455S;F456L;N460K;S477N;T478K;N481K;V483-;E484K;F486P;Q498R;N501Y;Y505H;E554K;A570V;D614G;P621S;H655Y;N679K;P681R;N764K;D796Y;S939F;Q954H;N969K;V1104L;P1143L|16MPLF17,66,53,KP.2,1,1,2024,5,1
EPI_ISL_19153913,T19I;R21T;L24-;P25-;P26-;A27S;S31-;S50L;H69-;V70-;V127F;G142D;Y145-;H146Q;F157S;R158G;N211-;L212I;V213G;L216F;H245N;A264D;I332V;G339H;R346T;K356T;S371F;S373P;S375F;T376A;R403K;D405N;R408S;K417N;N440K;V445H;G446S;N450D;L452W;L455S;F456L;N460K;S477N;T478K;N481K;V483-;E484K;F486P;Q498R;N501Y;Y505H;E554K;A570V;D614G;P621S;H655Y;N679K;P681R;N764K;D796Y;S939F;Q954H;N969K;V1104L;P1143F|16MPLF17,65,53,KP.2,1,1,2024,5,1
EPI_ISL_19161561,"T19I;R21T;L24-;P25-;P26-;A27S;S50L;H69-;V70-;V127F;G142D;Y145-;F157S;R158G;N211-;L212I;V213G;L216F;H245N;A264D;I332V;G339H;R346T;K356T;S371F;S373P;S375F;T376A;D405N;R408S;K417N;N440K;V445H;G446S;N450D;L452W;L455S;F456L;N460K;S477N;T478K;N481K;V483-;E484K;F486P;Q498R;N501Y;Y505H;E554K;A570V;T572I;D614G;P621S;H655Y;N679K;P681R;N764K;D796Y;S939F;Q954H;N969K;V1104L;P1143L|""""",63,53,KP.2,1,1,2024,5,1
EPI_ISL_19155563,T19I;R21T;L24-;P25-;P26-;A27S;S31-;S50L;H69-;V70-;V127F;G142D;Y145-;H146Q;F157S;R158G;N211-;L212I;V213G;L216F;H245N;A264D;I332V;G339H;R346T;K356T;S371F;S373P;S375F;T376A;R403K;D405N;R408S;K417N;N440K;V445H;G446S;N450D;L452W;L455S;F456L;N460K;S477N;T478K;N481K;V483-;E484K;F486P;Q498R;N501Y;Y505H;E554K;A570V;D614G;P621S;H655Y;N679K;P681R;N764K;D796Y;S939F;Q954H;N969K;V1104L;P1143L|16MPLF17,65,53,KP.2,219,160,2024,5,1
EPI_ISL_19188591,"T19I;R21T;L24-;P25-;P26-;A27S;S50L;H69-;V70-;V127F;G142D;Y145-;F157S;R158G;N211-;L212I;V213G;L216F;H245N;A264D;I332V;G339H;R346T;K356T;S371F;S373P;S375F;T376A;R403K;D405N;R408S;K417N;N440K;L441V;V445H;G446S;N450D;L452W;L455S;F456L;N460K;S477N;T478K;N481K;V483-;E484K;F486P;Q498R;N501Y;Y505H;E554K;A570V;D614G;P621S;H655Y;N679K;P681R;N764K;D796Y;S939F;Q954H;N969K;V1104L;P1143L|""""",64,53,KP.2,1,1,2024,5,1
EPI_ISL_19144435,T19I;R21T;L24-;P25-;P26-;A27S;S50L;H69-;V70-;V127F;G142D;Y145-;F157S;R158G;N211-;L212I;V213G;L216F;H245N;D253G;A264D;I332V;G339H;R346T;K356T;S371F;S373P;S375F;T376A;R403K;D405N;R408S;K417N;N440K;V445H;G446S;N450D;L452W;L455S;F456L;N460K;S477N;T478K;N481K;V483-;E484K;F486P;Q498R;N501Y;Y505H;E554K;A570V;D614G;P621S;H655Y;N679K;P681R;N764K;D796Y;S939F;Q954H;N969K;V1104L;P1143L|16MPLF17,64,53,KP.2,1,1,2024,5,1
EPI_ISL_19140231,T19I;R21T;L24-;P25-;P26-;A27S;S31P;S50L;H69-;V70-;V127F;G142D;Y145-;F157S;R158G;K182N;N211-;L212I;V213G;L216F;H245N;A264D;I332V;G339H;R346T;K356T;S371F;S373P;S375F;T376A;R403K;D405N;R408S;K417N;N440K;V445H;G446S;N450D;L452W;L455S;F456L;N460K;S477N;T478K;N481K;V483-;E484K;F486P;Q498R;N501Y;Y505H;E554K;A570V;D614G;P621S;H655Y;N679K;P681R;N764K;D796Y;S939F;Q954H;N969K;K1086R;V1104L;P1143L|16MPLF17,66,53,KP.2,8,7,2024,5,1
EPI_ISL_19140278,T19I;R21T;T22N;L24-;P25-;P26-;A27S;S31F;S50L;H69-;V70-;V127F;G142D;Y145-;F157S;R158G;G184V;N211-;L212I;V213G;L216F;H245N;A264D;I332V;G339H;R346T;K356T;S371F;S373P;S375F;T376A;R403K;D405N;R408S;K417N;N440K;V445H;G446S;N450D;L452W;L455S;F456L;N460K;S477N;T478K;N481K;V483-;E484K;F486P;Q498R;N501Y;Y505H;E554K;A570V;D614G;P621S;H655Y;N679K;P681R;N764K;D796Y;S939F;Q954H;N969K;V1104L;P1143L|16MPLF17,66,53,KP.2,13,10,2024,5,1
EPI_ISL_19160873,L5F;T19I;R21T;L24-;P25-;P26-;A27S;S50L;H69-;V70-;V127F;G142D;Y145-;F157S;R158G;N211-;L212I;V213G;L216F;H245N;A264D;I332V;G339H;R346T;K356T;S371F;S373P;S375F;T376A;R403K;D405N;R408S;K417N;N440K;V445H;G446S;N450D;L452W;L455S;F456L;N460K;S477N;T478K;N481K;V483-;E484K;F486P;Q498R;N501Y;Y505H;E554K;A570V;D614G;P621S;H655Y;N679K;P681R;N764K;D796Y;S939F;Q954H;N969K;K1086R;V1104L;P1143L|16MPLF17,65,53,KP.2,35,28,2024,5,1
EPI_ISL_19136284,T19I;R21T;L24-;P25-;P26-;A27S;S50L;H69-;V70-;V127F;G142D;Y145-;F157S;R158G;N211-;L212I;V213G;L216F;H245N;A264D;I332V;G339H;R346T;K356T;S371F;S373P;S375F;T376A;R403K;D405N;R408S;K417N;N440K;V445H;G446S;N450D;L452W;L455S;F456L;N460K;S477N;T478K;N481K;V483-;E484K;F486P;Q498R;N501Y;Y505H;E554K;A570V;D614G;P621S;H655Y;N679K;P681R;N764K;D796Y;S939F;Q954H;N969K;V1104L;P1143L|16MPLF17,63,53,KP.2,1105,479,2024,5,1
EPI_ISL_19160864,L5F;T19I;R21T;L24-;P25-;P26-;A27S;S50L;H69-;V70-;V127F;G142D;Y145-;F157S;R158G;N211-;L212I;V213G;L216F;H245N;A264D;I332V;G339H;R346T;K356T;S371F;S373P;S375F;T376A;R403K;D405N;R408S;K417N;N440K;V445H;G446S;N450D;L452W;L455S;F456L;N460K;S477N;T478K;N481K;V483-;E484K;F486P;Q498R;N501Y;Y505H;E554K;A570V;D614G;P621S;H655Y;N679K;P681R;N764K;D796Y;S939F;Q954H;N969K;V1104L;P1143L;Q1201K|16MPLF17,65,53,KP.2,4,1,2024,5,1
EPI_ISL_19178130,T19I;R21T;L24-;P25-;P26-;A27S;S50L;H69-;V70-;V127F;G142D;Y145-;F157S;R158G;N211-;L212I;V213G;L216F;H245N;A264D;I332V;G339H;R346T;K356T;S371F;S373P;S375F;T376A;R403K;D405N;R408S;K417N;N440K;V445H;G446S;N450D;L452W;L455S;F456L;N460K;S477N;T478K;N481K;V483-;E484K;F486P;Q498R;N501Y;Y505H;E554K;A570V;T572I;D614G;P621S;H655Y;N679K;P681R;N764K;D796Y;S939F;Q954H;N969K;V1104L;P1143L|16MPLF17,64,53,KP.2,20,9,2024,5,1
EPI_ISL_19150332,T19I;R21T;L24-;P25-;P26-;A27S;S50L;H69-;V70-;V127F;G142D;Y145-;F157S;R158G;K182N;N211-;L212I;V213G;L216F;H245N;A264D;I332V;G339H;R346T;K356T;S371F;S373P;S375F;T376A;R403K;D405N;R408S;K417N;N440K;V445H;G446S;N450D;L452W;L455S;F456L;N460K;S477N;T478K;N481K;V483-;E484K;F486P;Q498R;N501Y;Y505H;E554K;A570V;D614G;P621S;H655Y;N679K;P681R;N764K;D796Y;S939F;Q954H;N969K;K1086R;V1104L;P1143L|16MPLF17,65,53,KP.2,228,97,2024,5,1
EPI_ISL_19189393,T19I;R21T;L24-;P25-;P26-;A27S;S50L;H69-;V70-;V127F;G142D;Y145-;F157S;R158G;K187R;N211-;L212I;V213G;L216F;H245N;A264D;I332V;G339H;R346T;K356T;S371F;S373P;S375F;T376A;R403K;D405N;R408S;K417N;N440K;V445H;G446S;N450D;L452W;L455S;F456L;N460K;S477N;T478K;N481K;V483-;E484K;F486P;Q498R;N501Y;Y505H;E554K;A570V;D614G;P621S;H655Y;N679K;P681R;N764K;D796Y;S939F;Q954H;N969K;V1104L;P1143L|16MPLF17,64,53,KP.2,41,9,2024,5,1
EPI_ISL_19175238,T19I;R21T;L24-;P25-;P26-;A27S;S50L;H69-;V70-;V127F;G142D;Y145-;F157S;R158G;N211-;L212I;V213G;L216F;H245N;A264D;I332V;G339H;R346T;K356T;S371F;S373P;S375F;T376A;R403K;D405N;R408S;K417N;N440K;V445H;G446S;N450D;L452W;L455S;F456L;N460K;S477N;T478K;N481K;V483-;E484K;F486P;Q498R;N501Y;Y505H;E554K;A570V;D614G;P621S;H655Y;N679K;P681R;N764K;D796Y;S939F;Q954H;N969K;K1086R;V1104L;P1143L|16MPLF17,64,53,KP.2,264,118,2024,5,1
EPI_ISL_19121358,"T19I;R21T;L24-;P25-;P26-;A27S;S50L;H69-;V70-;V127F;G142D;Y145-;F157S;R158G;N211-;L212I;V213G;L216F;H245N;A264D;I332V;G339H;R346T;K356T;S371F;S373P;S375F;T376A;R403K;D405N;R408S;K417N;N440K;V445H;G446S;N450D;L452W;L455S;F456L;N460K;S477N;T478K;N481K;V483-;E484K;F486P;Q498R;N501Y;Y505H;E554K;A570V;D614G;P621S;H655Y;N679K;P681R;N764K;D796Y;S939F;Q954H;N969K;V1104L;P1143L|""""",63,53,KP.2,128,32,2024,5,1
EPI_ISL_19180616,T19I;R21T;A27P;S50L;H69-;V70-;V127F;G142D;Y145-;F157S;R158G;N211-;L212I;V213G;L216F;H245N;A264D;I332V;G339H;R346T;K356T;S371F;S373P;S375F;T376A;R403K;D405N;R408S;K417N;N440K;V445H;G446S;N450D;L452W;L455S;F456L;N460K;S477N;T478K;N481K;F486P;Q498R;N501Y;Y505H;K529E;E554K;A570V;D614G;P621S;H655Y;N679K;P681R;N764K;D796Y;S939F;Q954H;N969K;V1104L;P1143L|16MPLF17,59,53,KP.2,1,1,2024,5,2
EPI_ISL_19191037,T19I;R21T;L24-;P25-;P26-;A27S;S31-;S50L;H69-;V70-;V127F;G142D;Y145-;H146Q;F157S;R158G;N211-;L212I;V213G;L216F;H245N;A264D;I332V;G339H;R346T;K356T;S371F;S373P;S375F;T376A;R403K;D405N;R408S;K417N;N440K;L441F;V445H;G446S;N450D;L452W;L455S;F456L;N460K;S477N;T478K;N481K;V483-;E484K;F486P;Q498R;N501Y;Y505H;E554K;A570V;D614G;P621S;H655Y;N679K;P681R;N764K;D796Y;S939F;Q954H;N969K;V1104L;P1143L|16MPLF17,66,53,KP.2,1,1,2024,5,2
EPI_ISL_19180544,T19I;R21T;A27S;S50L;H69-;V70-;V127F;G142D;Y145-;F157S;R158G;N211-;L212I;V213G;L216F;H245N;A264D;I332V;G339H;R346T;K356T;S371F;S373P;S375F;T376A;R403K;D405N;R408S;K417N;N440K;V445H;G446S;N450D;L452W;L455S;F456L;N460K;S477N;T478K;N481K;F486P;Q498R;N501Y;Y505H;K529E;E554K;A570V;D614G;P621S;H655Y;N679K;P681R;N764K;D796Y;S939F;Q954H;N969K;V1104L;P1143L|16MPLF17,59,53,KP.2,2,2,2024,5,2
EPI_ISL_19138896,T19I;R21T;L24-;P25-;P26-;A27S;S50L;H69-;V70-;V127F;G142D;Y145-;F157S;R158G;G181E;N211-;L212I;V213G;L216F;H245N;A264D;I332V;G339H;R346T;K356T;S371F;S373P;S375F;T376A;R403K;D405N;R408S;K417N;N440K;V445H;G446S;N450D;L452W;L455S;F456L;N460K;S477N;T478K;N481K;V483-;E484K;F486P;Q498R;N501Y;Y505H;E554K;A570V;D614G;P621S;H655Y;N679K;P681R;N764K;D796Y;S939F;Q954H;N969K;V1104L;P1143L|16MPLF17,64,53,KP.2,1,1,2024,5,2
EPI_ISL_19180622,T19I;R21T;S31-;S50L;H69-;V70-;V127F;G142D;Y145-;F157S;R158G;K182E;N211-;L212I;V213G;L216F;H245N;A264D;I332V;G339H;R346T;K356T;S371F;S373P;S375F;T376A;R403K;D405N;R408S;K417N;N440K;V445H;G446S;N450D;L452W;L455S;F456L;N460K;S477N;T478K;N481K;F486P;Q498R;N501Y;Y505H;E554K;A570V;D614G;P621S;H655Y;N679K;P681R;N764K;D796Y;S939F;Q954H;N969K;K1086R;V1104L;P1143L|16MPLF17,60,53,KP.2,1,1,2024,5,2
EPI_ISL_19180512,T19I;R21T;A27S;S31Y;S50L;H69-;V70-;V127F;G142D;Y145-;F157S;R158G;N211-;L212I;V213G;L216F;H245N;A264D;I332V;G339H;R346T;K356T;S371F;S373P;S375F;T376A;R403K;D405N;R408S;K417N;N440K;V445H;G446S;N450D;L452W;L455S;F456L;N460K;S477N;T478K;N481K;F486P;Q498R;N501Y;Y505H;E554K;A570V;D614G;P621S;H655Y;N679K;P681R;N764K;D796Y;S939F;Q954H;N969K;K1086R;V1104L;P1143L|16MPLF17,60,53,KP.2,2,2,2024,5,2
EPI_ISL_19161025,T19I;R21T;L24-;P25-;P26-;A27S;S50L;H69-;V70-;V127F;G142D;Y145-;F157S;R158G;N185-;F186I;I210-;N211T;L212I;V213G;L216F;H245N;A264D;I332V;G339H;R346T;K356T;S371F;S373P;S375F;T376A;R403K;D405N;R408S;K417N;N440K;V445H;G446S;N450D;L452W;L455S;F456L;N460K;S477N;T478K;N481K;V483-;E484K;F486P;Q498R;N501Y;Y505H;E554K;A570V;D614G;P621S;H655Y;N679K;P681R;N764K;D796Y;S939F;Q954H;N969K;K1086R;V1104L;P1143L;V1228L|16MPLF17,68,53,KP.2,2,2,2024,5,2
EPI_ISL_19136890,T19I;R21T;L24-;P25-;P26-;A27S;S31-;S50L;H69-;V70-;V127F;G142D;Y145-;H146K;F157S;R158G;N211-;L212I;V213G;L216F;H245N;A264D;I332V;G339H;R346T;K356T;S371F;S373P;S375F;T376A;R403K;D405N;R408S;K417N;N440K;V445H;G446S;N450D;L452W;L455S;F456L;N460K;S477N;T478K;N481K;V483-;E484K;F486P;Q498R;N501Y;Y505H;E554K;A570V;D614G;P621S;H655Y;N679K;P681R;N764K;D796Y;S939F;Q954H;N969K;V1104L;P1143L|16MPLF17,65,53,KP.2,4,3,2024,5,2
EPI_ISL_19186358,"T19I;R21T;L24-;P25-;P26-;A27S;H69-;V70-;V127F;G142D;Y145-;F157S;R158G;N211-;L212I;V213G;L216F;H245N;A264D;I332V;G339H;R346T;K356T;S371F;S373P;S375F;T376A;R403K;D405N;R408S;K417N;N440K;V445H;G446S;N450D;L452W;L455S;F456L;N460K;S477N;T478K;N481K;V483-;E484K;F486P;Q498R;N501Y;Y505H;E554K;A570V;D614G;P621S;H655Y;N679K;P681R;N764K;D796Y;S939F;Q954H;N969K;V1104L;P1143L;Q1201K|""""",63,53,KP.2,3,2,2024,5,2
EPI_ISL_19190715,"T19I;R21T;L24-;P25-;P26-;A27S;S31-;S50L;H69-;V70-;P85R;V127F;G142D;Y145-;H146Q;F157S;R158G;N211-;L212I;V213G;L216F;H245N;A264D;I332V;G339H;R346T;K356T;S371F;S373P;S375F;T376A;R403K;D405N;R408S;K417N;N440K;V445H;G446S;N450D;L452W;L455S;F456L;N460K;S477N;T478K;N481K;V483-;E484K;F486P;Q498R;N501Y;Y505H;E554K;A570V;D614G;P621S;H655Y;N679K;P681R;N764K;D796Y;S939F;Q954H;N969K;V1104L;P1143L|""""",66,53,KP.2,2,2,2024,5,2
EPI_ISL_19178138,T19I;R21T;L24-;P25-;P26-;A27S;S50L;H69-;V70-;V127F;G142D;Y145-;F157S;R158G;N211-;L212I;V213G;L216F;H245N;A264D;I332V;G339H;R346T;K356T;S371F;S373P;S375F;T376A;R403K;D405N;R408S;K417N;N440K;V445H;G446S;N450D;L452W;L455S;F456L;N460K;S477N;T478K;N481K;V483-;E484K;F486P;Q498R;N501Y;Y505H;E554K;A570V;D614G;P621S;H655Y;N679K;P681R;N764K;D796Y;S939F;Q954H;N969K;K1086R;V1104L;P1143L;P1162S|16MPLF17,65,53,KP.2,25,12,2024,5,2
EPI_ISL_19153946,T19I;R21T;L24-;P25-;P26-;A27S;S50L;H69-;V70-;V127F;G142D;Y145-;F157S;R158G;N211-;L212I;V213G;L216F;H245N;A264D;I332V;G339H;R346T;K356T;S371F;S373P;S375F;T376A;R403K;D405N;R408S;K417N;N440K;V445H;G446S;N450D;L452W;L455S;F456L;N460K;S477N;T478K;N481K;V483-;E484K;F486P;Q498R;N501Y;Y505H;E554K;A570V;D614G;P621S;H655Y;T678I;N679K;P681R;N764K;D796Y;S939F;Q954H;N969K;V1104L;P1143L|16MPLF17,64,53,KP.2,7,7,2024,5,2
EPI_ISL_19180557,T19I;R21T;A27S;G35R;S50L;H69-;V70-;V127F;G142D;Y145-;F157S;R158G;N211-;L212I;V213G;L216F;H245N;A264D;I332V;G339H;R346T;K356T;S371F;S373P;S375F;T376A;R403K;D405N;R408S;K417N;N440K;V445H;G446S;N450D;L452W;L455S;F456L;N460K;S477N;T478K;N481K;F486P;Q498R;N501Y;Y505H;E554K;A570V;D614G;P621S;H655Y;N679K;P681R;N764K;D796Y;S939F;Q954H;N969K;V1104L;P1143L|16MPLF17,59,53,KP.2,1,1,2024,5,2
EPI_ISL_19180555,T19I;R21T;A27S;S50L;S60P;H69-;V70-;V127F;G142D;Y145-;F157S;R158G;N211-;L212I;V213G;L216F;H245N;A264D;I332V;G339H;R346T;K356T;S371F;S373P;S375F;T376A;R403K;D405N;R408S;K417N;N440K;V445H;G446S;N450D;L452W;L455S;F456L;N460K;S477N;T478K;N481K;F486P;Q498R;N501Y;Y505H;E554K;A570V;D614G;P621S;H655Y;N679K;P681R;N764K;D796Y;S939F;Q954H;N969K;K1086R;V1104L;P1143L|16MPLF17,60,53,KP.2,1,1,2024,5,2
EPI_ISL_19180637,T19I;R21T;A27S;S50L;H69-;V70-;V127F;G142D;Y145-;F157S;R158G;N211-;L212I;V213G;L216F;H245N;A264D;I332V;G339H;R346T;K356T;S371F;S373P;S375F;T376A;R403K;D405N;R408S;K417N;N440K;V445H;G446S;N450D;L452W;L455S;F456L;N460K;S477N;T478K;N481K;F486P;Q498R;N501Y;Y505H;E554K;A570V;D614G;P621S;H655Y;N679K;P681R;N764K;D796Y;S939F;Q954H;N969K;K1086R;V1104L;P1143L|16MPLF17,59,53,KP.2,6,5,2024,5,2
EPI_ISL_19153941,T19I;R21T;L24-;P25-;P26-;A27S;S50L;H69-;V70-;V127F;G142D;Y145-;F157S;R158G;N211-;L212I;V213G;L216F;H245N;A264D;I332V;G339H;R346T;K356T;S371F;S373P;S375F;T376A;R403K;D405N;R408S;K417N;N440K;V445H;G446S;N450D;L452W;L455S;F456L;N460K;S477N;T478K;N481K;V483-;E484K;F486P;Q498R;N501Y;Y505H;E554K;A570V;D614G;P621S;H655Y;N679K;P681R;N764K;D796Y;S939F;Q954H;N969K;V1104L;P1143L;K1266R|16MPLF17,64,53,KP.2,8,3,2024,5,2
EPI_ISL_19161080,T19I;R21T;L24-;P25-;P26-;A27S;S50L;H69-;V70-;V127F;G142D;Y145-;K150N;F157S;R158G;N211-;L212I;V213G;L216F;H245N;A264D;I332V;G339H;R346T;K356T;S371F;S373P;S375F;T376A;R403K;D405N;R408S;K417N;N440K;V445H;G446S;N450D;L452W;L455S;F456L;N460K;S477N;T478K;N481K;V483-;E484K;F486P;Q498R;N501Y;Y505H;E554K;A570V;D614G;P621S;H655Y;N679K;P681R;N764K;D796Y;S939F;Q954H;N969K;V1104L;P1143L|16MPLF17,64,53,KP.2,3,2,2024,5,2
EPI_ISL_19160929,T19I;R21T;L24-;P25-;P26-;A27S;S50L;H69-;V70-;V127F;G142D;Y145-;F157S;R158G;N211-;L212I;V213G;L216F;H245N;A264D;I332V;G339H;R346T;K356T;S371F;S373P;S375F;T376A;R403K;D405N;R408S;K417N;N440K;L441V;V445H;G446S;N450D;L452W;L455S;F456L;N460K;S477N;T478K;N481K;V483-;E484K;F486P;Q498R;N501Y;Y505H;E554K;A570V;D614G;P621S;H655Y;N679K;P681R;N764K;D796Y;S939F;Q954H;N969K;V1104L;P1143L|16MPLF17,64,53,KP.2,11,7,2024,5,2
EPI_ISL_19134246,T19I;R21T;L24-;P25-;P26-;A27S;S31-;S50L;H69-;V70-;V127F;G142D;Y145-;F157S;R158G;N211-;L212I;V213G;L216F;H245N;A264D;I332V;G339H;R346T;K356T;S371F;S373P;S375F;T376A;R403K;D405N;R408S;K417N;N440K;V445H;G446S;N450D;L452W;L455S;F456L;N460K;S477N;T478K;N481K;V483-;E484K;F486P;Q498R;N501Y;Y505H;E554K;A570V;D614G;P621S;H655Y;N679K;P681R;N764K;D796Y;S939F;Q954H;N969K;K1086R;V1104L;P1143L;M1229I|16MPLF17,66,53,KP.2,52,40,2024,5,2
EPI_ISL_19161029,T19I;R21T;L24-;P25-;P26-;A27S;S50L;F59L;H69-;V70-;V127F;G142D;Y145-;F157S;R158G;K182T;N211-;L212I;V213G;L216F;H245N;A264D;I332V;G339H;R346T;K356T;S371F;S373P;S375F;T376A;R403K;D405N;R408S;K417N;N440K;V445H;G446S;N450D;L452W;L455S;F456L;N460K;S477N;T478K;N481K;V483-;E484K;F486P;Q498R;N501Y;Y505H;E554K;A570V;D614G;P621S;H655Y;N679K;P681R;N764K;D796Y;S939F;Q954H;N969K;V1104L;P1143L;K1266R|16MPLF17,66,53,KP.2,7,7,2024,5,2
EPI_ISL_19182639,T19I;R21T;L24-;P25-;P26-;A27S;S50L;H69-;V70-;V127F;G142D;Y145-;F157S;R158G;K182N;N211-;L212I;V213G;L216F;H245N;A264D;I332V;G339H;R346T;K356T;S371F;S373P;S375F;T376A;R403K;D405N;R408S;K417N;N440K;V445H;G446S;N450D;L452W;L455S;F456L;N460K;S477N;T478K;N481K;V483-;E484K;F486P;Q498R;N501Y;Y505H;E554K;A570V;D614G;P621S;H655Y;N679K;P681R;N764K;R765H;D796Y;S939F;Q954H;N969K;K1086R;V1104L;P1143L|16MPLF17,66,53,KP.2,1,1,2024,5,2
EPI_ISL_19186363,"T19I;R21T;L24-;P25-;P26-;A27S;S50L;H69-;V70-;V127F;G142D;Y145-;F157S;R158G;N211-;L212I;V213G;L216F;H245N;A264D;I332V;G339H;R346T;K356T;S371F;S373P;S375F;T376A;R403K;D405N;R408S;K417N;N440K;V445H;G446S;N450D;L452W;L455S;F456L;N460K;S477N;T478K;N481K;V483-;E484K;F486P;Q498R;N501Y;Y505H;E554K;A570V;D614G;P621S;H655Y;N679K;P681R;N764K;D796Y;S939F;Q954H;N969K;V1104L;P1143L;Q1201K|""""",64,53,KP.2,12,6,2024,5,2
EPI_ISL_19175338,T19I;R21T;L24-;P25-;P26-;A27S;S50L;H69-;V70-;V127F;G142D;Y145-;F157S;R158G;K182N;N211-;L212I;V213G;L216F;H245N;A264D;I332V;G339H;R346T;K356T;S371F;S373P;S375F;T376A;R403K;D405N;K417N;N440K;V445H;G446S;N450D;L452W;L455S;F456L;N460K;S477N;T478K;N481K;V483-;E484K;F486P;Q498R;N501Y;Y505H;E554K;A570V;D614G;P621S;H655Y;N679K;P681R;N764K;D796Y;S939F;Q954H;N969K;K1086R;V1104L;P1143L|16MPLF17,64,53,KP.2,1,1,2024,5,2
EPI_ISL_19187656,"T19I;R21T;L24-;P25-;P26-;A27S;S50L;F59L;H69-;V70-;V127F;G142D;Y145-;F157S;R158G;N211-;L212I;V213G;L216F;H245N;A264D;I332V;G339H;R346T;K356T;S371F;S373P;S375F;T376A;R403K;D405N;R408S;K417N;N440K;V445H;G446S;N450D;L452W;L455S;F456L;N460K;S477N;T478K;N481K;V483-;E484K;F486P;Q498R;N501Y;Y505H;E554K;A570V;D614G;P621S;H655Y;N679K;P681R;N764K;D796Y;S939F;Q954H;N969K;V1104L;P1143L;K1266R|""""",65,53,KP.2,29,8,2024,5,2
EPI_ISL_19188590,"T19I;R21T;L24-;P25-;P26-;A27S;S50L;L56V;H69-;V70-;V127F;G142D;H146-;F157S;R158G;N211-;L212I;V213G;L216F;H245N;A264D;I332V;G339H;R346T;K356T;S371F;S373P;S375F;T376A;R403K;D405N;R408S;K417N;N440K;V445H;G446S;N450D;L452W;L455S;F456L;N460K;S477N;T478K;N481K;V483-;E484K;F486P;Q498R;N501Y;Y505H;E554K;A570V;D614G;P621S;H655Y;N679K;P681R;N764K;D796Y;S939F;Q954H;N969K;V1104L;P1143L|""""",64,53,KP.2,1,1,2024,5,3
EPI_ISL_19180626,T19I;R21T;A27S;S50L;H69-;V70-;V127F;G142D;Y145-;F157S;R158G;N211-;L212I;V213G;L216F;H245N;A264D;I332V;G339H;R346T;K356T;S371F;S373P;S375F;T376A;R403K;D405N;R408S;K417N;N440K;V445H;G446S;N450D;L452W;L455S;F456L;N460K;S477N;T478K;N481K;F486P;Q498R;N501Y;Y505H;E554K;A570V;D614G;P621S;H655Y;N679K;P681R;N764K;D796Y;S939F;Q954H;N969K;V1104L;P1143L|16MPLF17,58,53,KP.2,2,2,2024,5,3
EPI_ISL_19180553,T19I;R21T;S31-;S50L;H69-;V70-;V127F;G142D;Y145-;H146Q;F157S;R158G;N211-;L212I;V213G;L216F;H245N;A264D;I332V;G339H;R346T;K356T;S371F;S373P;S375F;T376A;R403K;D405N;R408S;K417N;N440K;V445H;G446S;N450D;L452W;L455S;F456L;N460K;S477N;T478K;N481K;F486P;Q498R;N501Y;Y505H;E554K;A570V;D614G;P621S;H655Y;T678I;N679K;P681R;N764K;D796Y;S939F;Q954H;N969K;V1104L;P1143L|16MPLF17,60,53,KP.2,1,1,2024,5,3
EPI_ISL_19180628,T19I;R21T;S31-;S50L;H69-;V70-;V127F;G142D;Y145-;F157S;R158G;N211-;L212I;V213G;L216F;H245N;A264D;I332V;G339H;R346T;K356T;S371F;S373P;S375F;T376A;R403K;D405N;R408S;K417N;N440K;V445H;G446S;N450D;L452W;L455S;F456L;N460K;S477N;T478K;N481K;F486P;Q498R;N501Y;Y505H;E554K;A570V;D614G;P621S;H655Y;N679K;P681R;N764K;D796Y;S939F;Q954H;N969K;K1086R;V1104L;P1143L|16MPLF17,59,53,KP.2,2,2,2024,5,3
EPI_ISL_19135411,T19I;R21T;L24-;P25-;P26-;A27S;S31-;S50L;H69-;V70-;V127F;G142D;Y145-;H146Q;F157S;R158G;N211-;L212I;V213G;L216F;H245N;A264D;T284I;I332V;G339H;R346T;K356T;S371F;S373P;S375F;T376A;R403K;D405N;R408S;K417N;N440K;V445H;G446S;N450D;L452W;L455S;F456L;N460K;S477N;T478K;N481K;V483-;E484K;F486P;Q498R;N501Y;Y505H;E554K;A570V;D614G;H655Y;N679K;P681R;N764K;D796Y;S939F;Q954H;N969K;V1104L;P1143L|16MPLF17,65,53,KP.2,1,1,2024,5,3
EPI_ISL_19176385,T19I;R21T;L24-;P25-;P26-;A27S;S31-;S50L;H69-;V70-;V127F;G142D;Y145-;H146Q;F157S;R158G;N211-;L212I;V213G;L216F;H245N;A264D;I332V;G339H;R346T;K356T;S371F;S373P;S375F;T376A;R403K;D405N;R408S;K417N;N440K;V445H;G446S;N450D;L452W;L455S;F456L;N460K;S477N;T478K;N481K;V483-;E484K;F486P;Q498R;N501Y;Y505H;E554K;A570V;D614G;P621S;H655Y;N679K;P681R;N764K;D796Y;S939F;Q954H;N969K;V1104L;P1143L;D1153Y|16MPLF17,66,53,KP.2,1,1,2024,5,3
EPI_ISL_19187436,T19I;R21T;L24-;P25-;P26-;A27S;S50L;H69-;V70-;V127F;G142D;Y145-;F157S;R158G;K187R;N211-;L212I;V213G;L216F;H245N;A264D;I332V;G339H;R346T;K356T;S371F;S373P;S375F;T376A;R403K;D405N;R408S;K417N;N440K;V445H;G446S;N450D;L452W;L455S;F456L;N460K;S477N;T478K;N481K;V483-;E484K;F486P;Q498R;N501Y;Y505H;E554K;A570V;D614G;P621S;H655Y;N679K;P681R;N764K;D796Y;S939F;Q954H;N969K;V1104L;P1143L;M1233I|16MPLF17,65,53,KP.2,1,1,2024,5,3
EPI_ISL_19185291,T19I;R21T;L24-;P25-;P26-;A27S;S31-;S50L;H69-;V70-;V127F;G142D;Y145-;H146Q;F157S;R158G;N211-;L212I;V213G;L216F;H245N;A264D;I332V;G339H;R346T;K356T;S371F;S373P;S375F;T376A;R403K;D405N;K417N;N440K;V445H;G446S;N450D;L452W;L455S;F456L;N460K;S477N;T478K;N481K;V483-;E484K;F486P;Q498R;N501Y;Y505H;E554K;A570V;D614G;P621S;H655Y;N679K;P681R;N764K;D796Y;S939F;Q954H;N969K;V1104L;P1143L|16MPLF17,64,53,KP.2,4,4,2024,5,3
EPI_ISL_19135413,T19I;R21T;L24-;P25-;P26-;A27S;S50L;H69-;V70-;V127F;G142D;Y145-;F157S;R158G;K182N;N211-;L212I;V213G;L216F;H245N;A264D;I332V;G339H;R346T;K356T;S371F;S373P;S375F;T376A;R403K;D405N;R408S;K417N;N440K;V445H;G446S;N450D;L452W;L455S;F456L;N460K;S477N;T478K;N481K;V483-;E484K;F486P;Q498R;N501Y;Y505H;E554K;A570V;D614G;P621S;H655Y;N679K;P681R;N764K;D796Y;I934V;S939F;Q954H;N969K;K1086R;V1104L;P1143L|16MPLF17,66,53,KP.2,1,1,2024,5,3
EPI_ISL_19142261,T19I;R21T;L24-;P25-;P26-;A27S;S50L;H69-;V70-;L84I;V127F;G142D;Y145-;F157S;R158G;N211-;L212I;V213G;L216F;H245N;A264D;I332V;G339H;R346T;K356T;S371F;S373P;S375F;T376A;R403K;D405N;R408S;K417N;N440K;V445H;G446S;N450D;L452W;L455S;F456L;N460K;S477N;T478K;N481K;V483-;E484K;F486P;Q498R;N501Y;Y505H;E554K;A570V;D614G;P621S;H655Y;N679K;P681R;N764K;D796Y;S939F;Q954H;N969K;V1104L;P1143L|16MPLF17,64,53,KP.2,3,2,2024,5,3
EPI_ISL_19153959,T19I;R21T;L24-;P25-;P26-;A27S;S50L;H69-;V70-;V127F;G142D;Y145-;F157S;R158G;N211-;L212I;V213G;L216F;H245N;A264D;I332V;G339H;R346T;K356T;S371F;S373P;S375F;T376A;R403K;D405N;R408S;K417N;N440K;V445H;G446S;N450D;L452W;L455S;F456L;N460K;S477N;T478K;N481K;V483-;E484K;F486P;Q498R;N501Y;Y505H;E554K;A570V;D614G;P621S;H655Y;N679K;P681R;N764K;D796Y;S939F;A942S;Q954H;N969K;V1104L;P1143L|16MPLF17,64,53,KP.2,3,3,2024,5,3
EPI_ISL_19140304,T19I;R21T;L24-;P25-;P26-;A27S;S50L;H69-;V70-;V127F;G142D;Y145-;F157S;R158G;N211-;L212I;V213G;L216F;H245N;A264D;I332V;G339H;R346T;K356T;S371F;S373P;S375F;T376A;R403K;D405N;R408S;K417N;N440K;V445H;G446S;N450D;L452W;L455S;F456L;N460K;S477N;T478K;N481K;V483-;E484K;F486P;Q498R;N501Y;Y505H;E554K;A570V;D614G;P621S;H655Y;N679K;P681R;T732I;N764K;D796Y;S939F;Q954H;N969K;V1104L;P1143L;Q1201K|16MPLF17,65,53,KP.2,1,1,2024,5,3
EPI_ISL_19169567,T19I;R21T;L24-;P25-;P26-;A27S;S50L;H69-;V70-;V127F;G142D;Y145-;F157S;R158G;N211-;L212I;V213G;R214H;L216F;H245N;A264D;I332V;G339H;R346T;K356T;S371F;S373P;S375F;T376A;R403K;D405N;K417N;N440K;V445H;G446S;N450D;L452W;L455S;F456L;N460K;S477N;T478K;N481K;V483-;E484K;F486P;Q498R;N501Y;Y505H;E554K;A570V;D614G;P621S;H655Y;N679K;P681R;N764K;D796Y;S939F;Q954H;N969K;K1086R;V1104L;P1143L|16MPLF17,64,53,KP.2,1,1,2024,5,3
EPI_ISL_19183045,T19I;R21T;L24-;P25-;P26-;A27S;S50L;H69-;V70-;V127F;G142D;Y145-;F157S;R158G;N211-;L212I;V213G;L216F;H245N;A264D;I332V;G339H;R346T;K356T;S371F;S373P;S375F;T376A;R403K;D405N;R408S;K417N;N440K;V445Y;G446S;N450D;L452W;L455S;F456L;N460K;S477N;T478K;N481K;V483-;E484K;F486P;Q498R;N501Y;Y505H;E554K;A570V;D614G;P621S;H655Y;N679K;P681R;N764K;D796Y;S939F;Q954H;N969K;V1104L;P1143L|16MPLF17,63,53,KP.2,1,1,2024,5,3
EPI_ISL_19134259,T19I;R21T;L24-;P25-;P26-;A27S;S50L;H69-;V70-;V127F;G142D;Y145-;F157S;R158G;K182N;N211-;L212I;V213G;L216F;H245N;W258-;T259-;A260-;G261-;A264D;I332V;G339H;R346T;K356T;S371F;S373P;S375F;T376A;R403K;D405N;R408S;K417N;N440K;V445H;G446S;N450D;L452W;L455S;F456L;N460K;S477N;T478K;N481K;V483-;E484K;F486P;Q498R;N501Y;Y505H;E554K;A570V;D614G;P621S;H655Y;N679K;P681R;N764K;D796Y;S939F;Q954H;N969K;K1086R;V1104L;P1143L|16MPLF17,69,53,KP.2,11,11,2024,5,3
EPI_ISL_19140094,T19I;R21T;L24-;P25-;P26-;A27S;S50L;H69-;V70-;V127F;G142D;Y145-;F157S;R158G;N211-;L212I;V213G;L216F;H245N;A264D;I332V;G339H;R346T;K356T;S371F;S373P;S375F;T376A;R403K;D405N;R408S;K417N;N440K;V445H;G446S;N450D;L452W;L455S;F456L;N460K;S477N;T478K;N481K;V483-;E484K;F486P;Q498R;N501Y;E554K;A570V;D614G;P621S;H655Y;N679K;P681R;N764K;D796Y;S939F;Q954H;N969K;K1086R;V1104L;P1143L|16MPLF17,63,53,KP.2,1,1,2024,5,3
EPI_ISL_19163099,T19I;R21T;L24-;P25-;P26-;A27S;S50L;H69-;V70-;V127F;G142D;Y145-;F157S;R158G;N211-;L212I;V213G;L216F;H245N;A264D;I332V;G339H;R346T;K356T;S371F;S373P;S375F;T376A;R403K;D405N;R408S;K417N;N440K;V445H;G446S;N450D;L452W;L455S;F456L;N460K;S477N;T478K;N481K;V483-;E484K;F486P;Q498R;N501Y;Y505H;E554K;A570V;D614G;P621S;T630I;H655Y;N679K;P681R;N764K;D796Y;S939F;Q954H;N969K;V1104L;P1143L|16MPLF17,64,53,KP.2,1,1,2024,5,3
EPI_ISL_19153965,T19I;R21T;L24-;P25-;P26-;A27S;S31-;S50L;H69-;V70-;V127F;G142D;Y145-;F157S;R158G;N211-;L212I;V213G;L216F;H245N;A264D;I332V;G339H;R346T;K356T;S371F;S373P;S375F;T376A;R403K;D405N;R408S;K417N;N440K;V445H;G446S;N450D;L452W;L455S;F456L;N460K;S477N;T478K;N481K;V483-;E484K;F486P;Q498R;N501Y;Y505H;E554K;A570V;D614G;P621S;H655Y;N679K;P681R;N764K;D796Y;S939F;Q954H;N969K;K1086R;V1104L;P1143L;P1263L|16MPLF17,66,53,KP.2,1,1,2024,5,3
EPI_ISL_19140311,T19I;R21T;L24-;P25-;P26-;A27S;S31-;S50L;H69-;V70-;V127F;G142D;Y145-;H146Q;F157S;R158G;N211-;L212I;V213G;L216F;H245N;A264D;I332V;G339H;R346T;K356T;S371F;S373P;S375F;T376A;R403K;D405N;R408S;K417N;N440K;V445H;G446S;N450D;L452W;L455S;F456L;N460K;A475V;S477N;T478K;N481K;V483-;E484K;F486P;Q498R;N501Y;Y505H;E554K;A570V;D614G;P621S;H655Y;N679K;P681R;N764K;D796Y;S939F;Q954H;N969K;V1104L;P1143L|16MPLF17,66,53,KP.2,4,1,2024,5,3
EPI_ISL_19183679,"T19I;R21T;L24-;P25-;P26-;A27S;S50L;H69-;V70-;V127F;G142D;Y145-;F157S;R158G;N211-;L212I;V213G;L216F;H245N;A264D;I332V;G339H;R346T;K356T;S371F;S373P;S375F;T376A;R403K;D405N;R408S;K417N;N440K;V445H;G446S;N450D;L452W;L455S;F456L;N460K;S477N;T478K;N481K;V483-;E484K;F486P;Q498R;N501Y;Y505H;E554K;A570V;D614G;P621S;H655Y;N679K;P681R;N764K;D796Y;S939F;Q954H;N969K;K1086R;V1104L;P1143L|""""",64,53,KP.2,36,13,2024,5,3
EPI_ISL_19142286,T19I;R21T;L24-;P25-;P26-;A27S;S31F;S50L;H69-;V70-;V127F;G142D;Y145-;F157S;R158G;N211-;L212I;V213G;L216F;H245N;A264D;I332V;G339H;R346T;K356T;S371F;S373P;S375F;T376A;R403K;D405N;R408S;K417N;N440K;V445H;G446S;N450D;L452W;L455S;F456L;N460K;S477N;T478K;N481K;V483-;E484K;F486P;Q498R;N501Y;Y505H;E554K;A570V;D614G;P621S;H655Y;N679K;P681R;N764K;D796Y;S939F;Q954H;N969K;V1104L;P1143L|16MPLF17,64,53,KP.2,11,7,2024,5,3
EPI_ISL_19194842,"T19I;R21T;L24-;P25-;P26-;A27S;S50L;H69-;V70-;V127F;G142D;Y145-;F157S;R158G;V213G;L216F;H245N;A264D;I332V;G339H;R346T;K356T;S371F;S373P;S375F;T376A;R403K;D405N;R408S;K417N;N440K;V445H;G446S;N450D;L452W;L455S;F456L;N460K;S477N;T478K;N481K;V483-;E484K;F486P;Q498R;N501Y;Y505H;E554K;A570V;D614G;P621S;H655Y;N679K;P681R;N764K;D796Y;S939F;Q954H;N969K;V1104L;P1143L|""""",61,53,KP.2,17,9,2024,5,3
EPI_ISL_19135403,T19I;R21T;L24-;P25-;P26-;A27S;S50L;L56V;H69-;V70-;V127F;G142D;Y145-;F157S;R158G;N211-;L212I;V213G;L216F;H245N;A264D;I332V;G339H;R346T;K356T;S371F;S373P;S375F;T376A;R403K;D405N;R408S;K417N;N440K;V445H;G446S;N450D;L452W;L455S;F456L;N460K;S477N;T478K;N481K;V483-;E484K;F486P;Q498R;N501Y;Y505H;E554K;A570V;D614G;P621S;H655Y;N679K;P681R;N764K;D796Y;S939F;Q954H;N969K;V1104L;P1143L|16MPLF17,64,53,KP.2,3,2,2024,5,3
EPI_ISL_19154068,T19I;R21T;L24-;P25-;P26-;A27S;S50L;H69-;V70-;V127F;G142D;Y145-;F157S;R158G;N211-;L212I;V213G;L216F;H245N;A260G;A264D;I332V;G339H;R346T;K356T;S371F;S373P;S375F;T376A;R403K;D405N;R408S;K417N;N440K;V445H;G446S;N450D;L452W;L455S;F456L;N460K;S477N;T478K;N481K;V483-;E484K;F486P;Q498R;N501Y;Y505H;E554K;A570V;D614G;P621S;H655Y;N679K;P681R;N764K;D796Y;S939F;Q954H;N969K;K1086R;V1104L;P1143L|16MPLF17,65,53,KP.2,5,3,2024,5,3
EPI_ISL_19183135,"T19I;R21T;L24-;P25-;P26-;A27S;S31-;S50L;H69-;V70-;V127F;G142D;Y145-;F157S;R158G;N211-;L212I;V213G;L216F;H245N;A264D;I332V;G339H;R346T;K356T;S371F;S373P;S375F;T376A;R403K;D405N;R408S;K417N;N440K;V445H;G446S;N450D;L452W;L455S;F456L;N460K;S477N;T478K;N481K;V483-;E484K;F486P;Q498R;N501Y;Y505H;E554K;A570V;D614G;P621S;H655Y;N679K;P681R;N764K;D796Y;S939F;Q954H;N969K;V1104L;P1143L|""""",64,53,KP.2,9,5,2024,5,3
EPI_ISL_19142202,T19I;R21T;L24-;P25-;P26-;A27S;S50L;H69-;V70-;V127F;G142D;Y145-;F157S;R158G;L176F;N211-;L212I;V213G;L216F;H245N;A264D;I332V;G339H;R346T;K356T;S371F;S373P;S375F;T376A;R403K;D405N;R408S;K417N;N440K;V445H;G446S;N450D;L452W;L455S;F456L;N460K;S477N;T478K;N481K;V483-;E484K;F486P;Q498R;N501Y;Y505H;E554K;A570V;D614G;P621S;H655Y;N679K;P681R;N764K;D796Y;S939F;Q954H;N969K;V1104L;P1143L|16MPLF17,64,53,KP.2,2,1,2024,5,4
EPI_ISL_19121353,"T19I;R21T;L24-;P25-;P26-;A27S;S50L;H69-;V70-;V127F;G142D;Y145-;F157S;R158G;K187R;N211-;L212I;V213G;L216F;H245N;A264D;I332V;G339H;R346T;K356T;S371F;S373P;S375F;T376A;R403K;D405N;R408S;K417N;N440K;V445H;G446S;N450D;L452W;L455S;F456L;N460K;S477N;T478K;N481K;V483-;E484K;F486P;Q498R;N501Y;Y505H;E554K;A570V;D614G;P621S;H655Y;N679K;P681R;N764K;D796Y;S939F;Q954H;N969K;V1104L;P1143L|""""",64,53,KP.2,5,3,2024,5,4
EPI_ISL_19194859,"T19I;R21T;L24-;P25-;P26-;A27S;S50L;H69-;V70-;V127F;G142D;Y145-;F157S;R158G;K182N;V213G;L216F;H245N;A264D;I332V;G339H;R346T;K356T;S371F;S373P;S375F;T376A;R403K;D405N;R408S;K417N;N440K;V445H;G446S;N450D;L452W;L455S;F456L;N460K;S477N;T478K;N481K;V483-;E484K;F486P;Q498R;N501Y;Y505H;E554K;A570V;D614G;P621S;H655Y;N679K;P681R;N764K;D796Y;S939F;Q954H;N969K;K1086R;V1104L;P1143L|""""",63,53,KP.2,7,5,2024,5,4
EPI_ISL_19140318,T19I;R21T;L24-;P25-;P26-;A27S;S31-;S50L;H69-;V70-;V127F;G142D;Y145-;F157S;R158G;Q183H;N211-;L212I;V213G;L216F;H245N;A264D;I332V;G339H;R346T;K356T;S371F;S373P;S375F;T376A;R403K;D405N;R408S;K417N;N440K;V445H;G446S;N450D;L452W;L455S;F456L;N460K;S477N;T478K;N481K;V483-;E484K;F486P;Q498R;N501Y;Y505H;E554K;A570V;D614G;P621S;H655Y;N679K;P681R;N764K;D796Y;S939F;Q954H;N969K;V1104L;P1143L|16MPLF17,65,53,KP.2,32,28,2024,5,4
EPI_ISL_19169592,T19I;R21T;L24-;P25-;P26-;A27S;S50L;H69-;V70-;V127F;G142D;Y145-;F157S;R158G;N211-;L212I;V213G;R214H;L216F;H245N;A264D;I332V;G339H;R346T;K356T;S371F;S373P;S375F;T376A;R403K;D405N;R408S;K417N;N440K;V445H;G446S;N450D;L452W;L455S;F456L;N460K;S477N;T478K;N481K;V483-;E484K;F486P;Q498R;N501Y;Y505H;E554K;A570V;D614G;P621S;H655Y;N679K;P681R;N764K;D796Y;S939F;Q954H;N969K;K1086R;V1104L;P1143L|16MPLF17,65,53,KP.2,14,12,2024,5,4
EPI_ISL_19140316,T19I;R21T;L24-;P25-;P26-;A27S;S50L;H69-;V70-;V127F;G142D;Y145-;F157S;R158G;N211-;L212I;V213G;L216F;H245N;A264D;I332V;G339H;R346T;K356T;S371F;S373P;S375F;T376A;R403K;D405N;R408S;K417N;N440K;V445H;G446S;N450D;L452W;L455S;F456L;N460K;S477N;T478K;N481K;V483-;E484K;F486P;Q498R;N501Y;Y505H;E554K;A570V;D614G;P621S;H655Y;N679K;P681R;N764K;D796Y;S939F;Q954H;N969K;V1104L;G1124V;P1143L|16MPLF17,64,53,KP.2,1,1,2024,5,4
EPI_ISL_19135434,T19I;R21T;L24-;P25-;P26-;A27S;S50L;F59I;H69-;V70-;V127F;G142D;Y145-;F157S;R158G;K187R;N211-;L212I;V213G;L216F;H245N;A264D;I332V;G339H;R346T;K356T;S371F;S373P;S375F;T376A;R403K;D405N;R408S;K417N;N440K;V445H;G446S;N450D;L452W;L455S;F456L;N460K;S477N;T478K;N481K;V483-;E484K;F486P;Q498R;N501Y;Y505H;E554K;A570V;D614G;P621S;H655Y;N679K;P681R;N764K;D796Y;S939F;Q954H;N969K;V1104L;P1143L|16MPLF17,65,53,KP.2,1,1,2024,5,5
EPI_ISL_19169573,T19I;R21T;L24-;P25-;P26-;A27S;S50L;H69-;V70-;V127F;G142D;Y145-;F157S;R158G;N211-;L212I;V213G;L216F;H245N;A264D;I332V;G339H;R346T;K356T;S371F;S373P;S375F;T376A;R403K;D405N;K417N;N440K;V445H;G446S;N450D;L452W;L455S;F456L;N460K;S477N;T478K;N481K;V483-;E484K;F486P;Q498R;N501Y;Y505H;E554K;A570V;D614G;P621S;H655Y;N679K;P681R;N764K;D796Y;S939F;Q954H;N969K;V1104L;P1143L|16MPLF17,62,53,KP.2,11,1,2024,5,5
EPI_ISL_19135412,T19I;R21T;L24-;P25-;P26-;A27S;S50L;H69-;V70-;V127F;G142D;Y145-;F157S;R158G;N211-;L212I;V213G;L216F;H245N;A264D;I332V;G339H;R346T;K356T;S371F;S373P;S375F;T376A;R403K;D405N;K417N;N440K;V445H;G446S;N450D;L452W;L455S;F456L;N460K;S477N;T478K;N481K;V483-;E484K;F486P;Q498R;N501Y;Y505H;E554K;A570V;D614G;P621S;H655Y;P681R;N764K;D796Y;S939F;Q954H;N969K;V1104L;P1143L|16MPLF17,61,53,KP.2,1,1,2024,5,5
EPI_ISL_19189269,T19I;R21T;L24-;P25-;P26-;A27S;S50L;H69-;V70-;V127F;G142D;Y145-;F157S;R158G;K187R;N211-;L212I;V213G;L216F;H245N;I332V;G339H;R346T;K356T;S371F;S373P;S375F;T376A;R403K;D405N;R408S;K417N;N440K;V445H;G446S;N450D;L452W;L455S;F456L;N460K;S477N;T478K;N481K;V483-;E484K;F486P;Q498R;N501Y;Y505H;E554K;A570V;D614G;H655Y;N679K;P681R;N764K;D796Y;S939F;Q954H;N969K;V1104L;P1143L|16MPLF17,62,53,KP.2,1,1,2024,5,5
EPI_ISL_19140677,T19I;R21T;L24-;P25-;P26-;A27S;S50L;H69-;V70-;V127F;G142D;Y145-;F157S;R158G;N211-;L212I;V213G;L216F;H245N;A264D;I332V;G339H;R346T;K356T;S371F;S373P;S375F;T376A;R403K;D405N;R408S;K417N;N440K;V445H;G446S;N450D;L452W;L455S;F456L;N460K;S477N;T478K;N481K;V483-;E484K;F486P;Q498R;N501Y;Y505H;E554K;A570V;D614G;P621S;H655Y;N679K;P681R;L699F;N764K;D796Y;A879V;S939F;Q954H;N969K;V1104L;P1143L;Q1201K|16MPLF17,66,53,KP.2,1,1,2024,5,5
EPI_ISL_19183919,T19I;R21T;L24-;P25-;P26-;A27S;S50L;H69-;V70-;V127F;G142D;Y145-;F157S;R158G;K182N;N211-;L212I;V213G;L216F;H245N;A264D;I332V;G339H;R346T;K356T;S371F;S373P;S375F;T376A;D405N;R408S;K417N;N440K;V445H;G446S;N450D;L452W;L455S;F456L;N460K;S477N;T478K;N481K;V483-;E484K;F486P;Q498R;N501Y;Y505H;A570V;D614G;P621S;H655Y;N679K;P681R;N764K;D796Y;S939F;Q954H;N969K;K1086R;V1104L;P1143L|16MPLF17,63,53,KP.2,1,1,2024,5,5
EPI_ISL_19144472,T19I;R21T;L24-;P25-;P26-;A27S;S50L;H69-;V70-;V127F;G142D;Y145-;F157S;R158G;N185D;N211-;L212I;V213G;L216F;H245N;A264D;I332V;G339H;R346T;K356T;S371F;S373P;S375F;T376A;R403K;D405N;R408S;K417N;N440K;V445H;G446S;N450D;L452W;L455S;F456L;N460K;S477N;T478K;N481K;V483-;E484K;F486P;Q498R;N501Y;Y505H;E554K;A570V;D614G;P621S;H655Y;N679K;P681R;N764K;D796Y;S939F;Q954H;N969K;V1104L;P1143L|16MPLF17,64,53,KP.2,11,6,2024,5,6
EPI_ISL_19144423,T19I;R21T;L24-;P25-;P26-;A27S;S50L;H69-;V70-;V127F;G142D;Y145-;F157S;R158G;N211-;L212I;V213G;L216F;H245N;A264D;I332V;G339H;R346T;K356T;S371F;S373P;S375F;T376A;R403K;D405N;R408S;K417N;N440K;V445H;G446S;N450D;L452W;L455S;F456L;N460K;Q498R;N501Y;Y505H;E554K;A570V;D614G;P621S;H655Y;N679K;P681R;N764K;D796Y;S939F;Q954H;N969K;V1104L;P1143L|16MPLF17,57,53,KP.2,1,1,2024,5,6
EPI_ISL_19144428,T19I;R21T;L24-;P25-;P26-;A27S;S31-;S50L;H69-;V70-;V127F;G142D;H146-;F157S;R158G;N211-;L212I;V213G;L216F;H245N;A264D;I332V;G339H;R346T;K356T;S371F;S373P;S375F;T376A;R403K;D405N;R408S;K417N;N440K;V445H;G446S;N450D;L452W;L455S;F456L;N460K;S477N;T478K;N481K;V483-;E484K;F486P;Q498R;N501Y;Y505H;E554K;A570V;D614G;P621S;H655Y;N679K;P681R;N764K;D796Y;S939F;Q954H;N969K;K1086R;V1104L;P1143L|16MPLF17,65,53,KP.2,1,1,2024,5,6
EPI_ISL_19188572,"T19I;R21T;L24-;P25-;P26-;A27S;S31-;S50L;H69-;V70-;V127F;G142D;Y145-;H146Q;F157S;R158G;N211-;L212I;V213G;L216F;H245N;A264D;I332V;G339H;R346T;K356T;S371F;S373P;S375F;T376A;R403K;D405N;R408S;K417N;N440K;V445H;G446S;N450D;L452W;L455S;F456L;N460K;S477N;T478K;N481K;V483-;E484K;F486P;Q498R;N501Y;Y505H;E554K;A570V;D614G;P621S;H655Y;N679K;P681R;N764K;D796Y;T859I;S939F;Q954H;N969K;V1104L;P1143L|""""",66,53,KP.2,1,1,2024,5,6
EPI_ISL_19140781,T19I;R21T;L24-;P25-;P26-;A27S;S50L;H69-;V70-;V127F;G142D;Y145-;F157S;R158G;N211-;L212I;V213G;L216F;H245N;A264D;I332V;G339H;R346T;K356T;S371F;S373P;S375F;T376A;R403K;D405N;R408S;K417N;N440K;V445H;G446S;N450D;L452W;L455S;F456L;N460K;S477N;T478K;N481K;V483-;E484K;F486L;Q498R;N501Y;Y505H;E554K;A570V;D614G;P621S;H655Y;N679K;P681R;N764K;D796Y;S939F;Q954H;N969K;V1104L;P1143L|16MPLF17,63,53,KP.2,1,1,2024,5,6
EPI_ISL_19135446,T19I;R21T;L24-;P25-;P26-;A27S;S50L;H69-;V70-;V127F;H146-;F157S;R158G;N211-;L212I;V213G;L216F;H245N;A264D;I332V;G339H;R346T;K356T;S371F;S373P;S375F;T376A;R403K;D405N;K417N;N440K;V445H;G446S;N450D;L452W;L455S;F456L;N460K;S477N;T478K;N481K;V483-;E484K;F486P;Q498R;N501Y;Y505H;E554K;A570V;D614G;P621S;H655Y;N679K;P681R;N764K;D796Y;S939F;Q954H;N969K;V1104L;P1143L|16MPLF17,61,53,KP.2,1,1,2024,5,6
EPI_ISL_19179464,T19I;R21T;L24-;P25-;P26-;A27S;S50L;H69-;V70-;V127F;G142D;Y145-;F157S;R158G;N211-;L212I;V213G;L216F;H245N;A264D;I332V;G339H;R346T;K356T;S371F;S373P;S375F;T376A;R403K;D405N;R408S;K417N;N440K;V445H;G446S;N450D;L452W;L455S;F456L;N460K;S477N;T478K;N481K;V483-;E484K;F486P;Q498R;N501Y;Y505H;E554K;A570V;D614G;P621S;H655Y;N679K;P681R;N764K;D796Y;S939F;Q954H;N969K;Q1071K;K1086R;V1104L;P1143L|16MPLF17,65,53,KP.2,3,3,2024,5,6
EPI_ISL_19183157,"T19I;R21T;L24-;P25-;P26-;A27S;S31-;S50L;A67V;H69-;V70-;V127F;G142D;Y145-;H146Q;F157S;R158G;N211-;L212I;V213G;L216F;H245N;A264D;I332V;G339H;R346T;K356T;S371F;S373P;S375F;T376A;R403K;D405N;R408S;K417N;N440K;V445H;G446S;N450D;L452W;L455S;F456L;N460K;S477N;T478K;N481K;V483-;E484K;F486P;Q498R;N501Y;Y505H;E554K;A570V;D614G;P621S;H655Y;N679K;P681R;N764K;D796Y;S939F;Q954H;N969K;V1104L;P1143L|""""",66,53,KP.2,1,1,2024,5,6
EPI_ISL_19164596,T19I;R21T;L24-;P25-;P26-;A27S;S50L;H69-;V70-;V127F;G142D;Y145-;F157S;R158G;N211-;L212I;V213G;L216F;H245N;A264D;I332V;G339H;R346T;K356T;S371F;S373P;S375F;T376A;R403K;D405N;R408S;K417N;N440K;V445H;G446S;N450D;L452W;L455S;F456L;N460K;S477N;T478K;V483-;E484K;F486P;Q498R;N501Y;Y505H;E554K;A570V;D614G;P621S;H655Y;N679K;P681R;N764K;D796Y;S939F;Q954H;N969K;V1104L;P1143L|16MPLF17,62,53,KP.2,1,1,2024,5,6
EPI_ISL_19130953,T19I;R21T;L24-;P25-;P26-;A27S;S50L;H69-;V70-;V127F;G142D;Y145-;F157S;R158G;N211-;L212I;V213G;L216F;H245N;A264D;I332V;G339H;R346T;K356T;S371F;S373P;S375F;T376A;R403K;D405N;R408S;K417N;N440K;V445H;G446S;N450D;L452W;L455S;F456L;N460K;Q498R;N501Y;Y505H;E554K;A570V;D614G;P621S;H655Y;N679K;P681R;N764K;D796Y;S939F;Q954H;N969K;K1086R;V1104L;P1143L|16MPLF17,58,53,KP.2,1,1,2024,5,6
EPI_ISL_19142162,T19I;R21T;L24-;P25-;P26-;A27S;S50L;H69-;V70-;V127F;G142D;Y145-;F157S;R158G;N211-;L212I;V213G;L216F;H245N;A264D;I332V;G339H;R346T;K356T;S371F;S373P;S375F;T376A;R403K;D405N;R408S;K417N;N440K;V445H;G446S;N450D;L452W;L455S;F456L;N460K;S477N;T478K;N481K;V483-;E484K;F486P;Q498R;N501Y;Y505H;E554K;A570V;D614G;P621S;H655Y;N679K;P681R;N764K;D796Y;S939F;Q954H;N969K;V1104L;P1143L;V1176F|16MPLF17,64,53,KP.2,44,11,2024,5,6
EPI_ISL_19159956,T19I;R21T;L24-;P25-;P26-;A27S;S50L;H69-;V70-;V127F;G142D;Y145-;F157S;R158G;K182N;N211-;L212I;V213G;L216F;H245N;A264D;I332V;G339H;R346T;K356T;S371F;S373P;S375F;T376A;R403K;D405N;R408S;K417N;N440K;V445H;G446S;N450D;L452W;L455S;F456L;N460K;S477N;T478K;N481K;V483-;E484K;F486P;Q498R;N501Y;Y505H;E554K;A570V;D614G;P621S;H655Y;N679K;P681R;N764K;D796Y;S939F;Q954H;N969K;K1086R;V1104L;P1143L;M1237I|16MPLF17,66,53,KP.2,2,2,2024,5,6
EPI_ISL_19161899,T19I;R21T;L24-;P25-;P26-;A27S;S50L;H69-;V70-;V127F;G142D;Y145-;F157S;R158G;N211-;L212I;V213G;L216F;H245N;A264D;I332V;G339H;R346T;K356T;S371F;S373P;S375F;T376A;R403K;D405N;R408S;K417N;N440K;V445H;G446S;N450D;L452W;L455S;F456L;N460K;S477N;T478K;N481K;V483-;E484K;F486P;Q498R;N501Y;Y505H;E554K;A570V;D614G;P621S;H655Y;N679K;P681R;N764K;D796Y;S939F;Q954H;N969K;V1104L;P1143L;I1216V|16MPLF17,64,53,KP.2,3,1,2024,5,6
EPI_ISL_19153359,T19I;R21T;L24-;P25-;P26-;A27S;S50L;L56V;H69-;V70-;V127F;G142D;Y145-;F157S;R158G;K182N;N211-;L212I;V213G;L216F;H245N;A264D;I332V;G339H;R346T;K356T;S371F;S373P;S375F;T376A;R403K;D405N;R408S;K417N;N440K;V445H;G446S;N450D;L452W;L455S;F456L;N460K;S477N;T478K;N481K;V483-;E484K;F486P;Q498R;N501Y;Y505H;E554K;A570V;D614G;P621S;H655Y;N679K;P681R;N764K;D796Y;A852V;S939F;Q954H;N969K;K1086R;V1104L;P1143L|16MPLF17,67,53,KP.2,1,1,2024,5,6
EPI_ISL_19175773,T19I;R21T;L24-;P25-;P26-;A27S;S50L;H69-;V70-;V127F;G142D;Y145-;F157S;R158G;N211-;L212I;V213G;L216F;H245N;A264D;I332V;G339H;R346T;K356T;S371F;S373P;S375F;T376A;R403K;D405N;R408S;K417N;N440K;V445H;G446S;N450D;L452W;L455S;F456L;N460K;S477N;T478K;N481K;V483-;E484K;F486P;Q498R;N501Y;Y505H;E554K;A570V;D614G;P621S;H655Y;N679K;P681R;R683W;N764K;D796Y;S939F;Q954H;N969K;V1104L;P1143L|16MPLF17,64,53,KP.2,5,3,2024,5,6
EPI_ISL_19157144,T19I;R21T;L24-;P25-;P26-;A27S;S50L;H69-;V70-;V127F;G142D;Y145-;F157S;R158G;N185-;F186I;N211-;L212I;V213G;L216F;H245N;A264D;I332V;G339H;R346T;K356T;S371F;S373P;S375F;T376A;R403K;D405N;R408S;K417N;N440K;V445H;G446S;N450D;L452W;L455S;F456L;N460K;S477N;T478K;N481K;V483-;E484K;F486P;Q498R;N501Y;Y505H;E554K;A570V;D614G;P621S;H655Y;N679K;P681R;N764K;D796Y;S939F;Q954H;N969K;K1086R;V1104L;P1143L|16MPLF17,66,53,KP.2,37,23,2024,5,6
EPI_ISL_19153343,T19I;R21T;L24-;P25-;P26-;A27S;S50L;L56V;H69-;V70-;V127F;G142D;Y145-;F157S;R158G;K182N;N211-;L212I;V213G;L216F;H245N;A264D;I332V;G339H;R346T;K356T;S371F;S373P;S375F;T376A;R403K;D405N;R408S;K417N;N440K;V445H;G446S;N450D;L452W;L455S;F456L;N460K;S477N;T478K;N481K;V483-;E484K;F486P;Q498R;N501Y;Y505H;E554K;A570V;D614G;P621S;H655Y;N679K;P681R;N764K;D796Y;S939F;Q954H;N969K;K1086R;V1104L;P1143L|16MPLF17,66,53,KP.2,8,8,2024,5,6
EPI_ISL_19144427,T19I;R21T;L24-;P25-;P26-;A27S;S50L;H69-;V70-;V127F;G142D;Y145-;F157S;R158G;N211-;L212I;V213G;L216F;H245N;A264D;I332V;G339H;R346T;K356T;S371F;S373P;S375F;T376A;R403K;D405N;R408S;K417N;N440K;V445H;G446S;N450D;L452W;L455S;F456L;N460K;S477N;T478K;N481K;V483-;E484K;F486P;Q498R;N501Y;Y505H;E554K;A570V;D614G;P621S;H655Y;N679K;P681R;A688V;N764K;D796Y;S939F;Q954H;N969K;V1104L;P1143L|16MPLF17,64,53,KP.2,5,1,2024,5,6
EPI_ISL_19169439,T19I;R21T;L24-;P25-;P26-;A27S;S50L;H69-;V70-;V127F;G142D;Y145-;F157S;R158G;N211-;L212I;V213G;L216F;H245N;A264D;I332V;G339H;R346T;K356T;S371F;S373P;S375F;T376A;R403K;D405N;R408S;K417N;N440K;V445H;G446S;N450D;L452W;L455S;F456L;N460K;S477N;T478K;N481K;V483-;E484K;F486P;Q498R;N501Y;Y505H;E554K;A570V;D614G;P621S;H655Y;N679K;S680F;P681R;N764K;D796Y;S939F;Q954H;N969K;V1104L;P1143L|16MPLF17,64,53,KP.2,6,2,2024,5,6
EPI_ISL_19166089,T19I;R21T;L24-;P25-;P26-;A27S;S31-;S50L;H69-;V70-;V127F;G142D;Y145-;F157S;R158G;N211-;L212I;V213G;L216F;H245N;A264D;I332V;G339H;R346T;K356T;S371F;S373P;S375F;T376A;R403K;D405N;R408S;K417N;N440K;V445H;G446S;N450D;L452W;L455S;F456L;N460K;S477N;T478K;N481K;V483-;E484K;F486P;Q498R;N501Y;Y505H;E554K;A570V;D614G;P621S;H655Y;N679K;P681R;N764K;D796Y;S939F;Q954H;N969K;V1104L;P1143L|16MPLF17,64,53,KP.2,32,28,2024,5,6
EPI_ISL_19161892,T19I;R21T;L24-;P25-;P26-;A27S;S50L;F59S;H69-;V70-;V127F;G142D;Y145-;F157S;R158G;N211-;L212I;V213G;L216F;H245N;A264D;I332V;G339H;R346T;K356T;S371F;S373P;S375F;T376A;R403K;D405N;R408S;K417N;N440K;V445H;G446S;N450D;L452W;L455S;F456L;N460K;S477N;T478K;N481K;V483-;E484K;F486P;Q498R;N501Y;Y505H;E554K;A570V;D614G;P621S;H655Y;N679K;P681R;N764K;D796Y;S939F;Q954H;N969K;V1104L;P1143L|16MPLF17,64,53,KP.2,8,4,2024,5,7
EPI_ISL_19165339,"T19I;R21T;L24-;P25-;P26-;A27S;S50L;H69-;V70-;V127F;G142D;Y145-;F157S;R158G;N185-;F186I;N211-;L212I;V213G;L216F;H245N;A264D;I332V;G339H;R346T;K356T;S371F;S373P;S375F;T376A;R403K;D405N;R408S;K417N;N440K;V445H;G446S;N450D;L452W;L455S;F456L;N460K;S477N;T478K;N481K;V483-;E484K;F486P;Q498R;N501Y;Y505H;E554K;A570V;D614G;P621S;H655Y;N679K;P681R;N764K;D796Y;S939F;Q954H;N969K;K1086R;V1104L;P1143L|""""",66,53,KP.2,3,1,2024,5,7
EPI_ISL_19194457,"T19I;R21T;L24-;P25-;P26-;A27S;S50L;H69-;V70-;V127F;G142D;Y145-;F157S;R158G;N211-;L212I;V213G;L216F;H245N;A264D;I332V;G339H;R346T;K356T;S371F;S373P;S375F;T376A;R403K;D405N;R408S;K417N;N440K;V445H;G446S;N450D;L452W;L455S;F456L;N460K;S477N;T478K;N481K;V483-;E484K;F486P;Q498R;N501Y;Y505H;E554K;A570V;D614G;P621S;H655Y;N679K;P681R;N764K;D796Y;S939F;Q954H;N969K;V1104L;P1143L;V1228L|""""",64,53,KP.2,2,2,2024,5,7
EPI_ISL_19175856,T19I;R21T;L24-;P25-;P26-;A27S;F32-;S50L;H69-;V70-;V127F;G142D;Y145-;F157S;R158G;N211-;L212I;V213G;L216F;H245N;A264D;I332V;G339H;R346T;K356T;S371F;S373P;S375F;T376A;R403K;D405N;R408S;K417N;N440K;V445Y;G446S;N450D;L452W;L455S;F456L;N460K;S477N;T478K;N481K;V483-;E484K;F486P;Q498R;N501Y;Y505H;E554K;A570V;D614G;P621S;H655Y;N679K;P681R;N764K;D796Y;S939F;Q954H;N969K;V1104L;P1143L|16MPLF17,64,53,KP.2,1,1,2024,5,7
EPI_ISL_19158567,"T19I;R21T;L24-;P25-;P26-;A27S;S50L;F59L;H69-;V70-;V127F;G142D;Y145-;F157S;R158G;N211-;L212I;V213G;L216F;H245N;A264D;K278N;I332V;G339H;R346T;K356T;S371F;S373P;S375F;T376A;R403K;D405N;R408S;K417N;N440K;V445H;G446S;N450D;L452W;L455S;F456L;N460K;S477N;T478K;N481K;V483-;E484K;F486P;Q498R;N501Y;Y505H;E554K;A570V;D614G;P621S;H655Y;N679K;P681R;N764K;D796Y;S939F;Q954H;N969K;V1104L;P1143L;K1266R|""""",66,53,KP.2,1,1,2024,5,7
EPI_ISL_19163134,T19I;R21T;L24-;P25-;P26-;A27S;S50L;H69-;V70-;V127F;G142D;Y145-;F157S;R158G;N211-;L212I;V213G;L216F;H245N;A264D;I332V;G339H;R346T;K356T;S371F;S373P;S375F;T376A;R403K;D405N;R408S;K417N;N440K;V445H;G446S;N450D;L452W;L455S;F456L;N460K;S477N;T478K;N481K;V483-;E484K;F486P;Q498R;N501Y;Y505H;E554K;A570V;D614G;P621S;H655Y;N679K;P681R;N764K;D796Y;D936Y;S939F;Q954H;N969K;V1104L;P1143L|16MPLF17,64,53,KP.2,1,1,2024,5,7
EPI_ISL_19177136,"T19I;R21T;L24-;P25-;P26-;A27S;S50L;H69-;V70-;V127F;G142D;Y145-;F157S;R158G;N185-;F186I;I210-;N211T;L212I;V213G;L216F;H245N;A264D;I332V;G339H;R346T;K356T;S371F;S373P;S375F;T376A;R403K;D405N;R408S;K417N;N440K;V445H;G446S;N450D;L452W;L455S;F456L;N460K;S477N;T478K;N481K;V483-;E484K;F486P;Q498R;N501Y;Y505H;E554K;A570V;D614G;P621S;H655Y;N679K;P681R;N764K;D796Y;S939F;Q954H;N969K;K1086R;V1104L;P1143L|""""",67,53,KP.2,2,2,2024,5,7
EPI_ISL_19163136,T19I;R21T;L24-;P25-;P26-;A27S;S50L;H69-;V70-;V127F;G142D;Y145-;F157S;R158G;N211-;L212I;V213G;L216F;H245N;A264D;I332V;G339H;R346T;K356T;S371F;S373P;S375F;T376A;R403K;D405N;R408S;K417N;N440K;V445H;G446S;N450D;L452W;L455S;F456L;N460K;S477N;T478K;N481K;V483-;E484K;F486P;Q498R;N501Y;Y505H;E554K;A570V;D614G;P621S;H655Y;N679K;P681R;N764K;D796Y;T859I;S939F;Q954H;N969K;V1104L;P1143L|16MPLF17,64,53,KP.2,2,2,2024,5,7
EPI_ISL_19150885,T19I;R21T;L24-;P25-;P26-;A27S;S50L;H69-;V70-;V127F;G142D;Y145-;F157S;R158G;N211-;L212I;V213G;L216F;H245N;A264D;I332V;G339H;R346T;K356T;S371F;S373P;S375F;T376A;R403K;D405N;R408S;K417N;N440K;V445H;G446S;N450D;L452W;L455S;F456L;N460K;S477N;T478K;N481K;V483-;E484K;F486P;Q498R;N501Y;Y505H;E554K;A570V;D614G;P621S;H655Y;N679K;P681R;N764K;D796Y;S939F;Q954H;N969K;V1104L;P1143F;V1176F|16MPLF17,64,53,KP.2,1,1,2024,5,7
EPI_ISL_19163154,T19I;R21T;L24-;P25-;P26-;A27S;S31-;S50L;H69-;V70-;V127F;G142D;Y145-;H146Q;F157S;R158G;N211-;L212I;V213G;L216F;H245N;A264D;I332V;G339H;R346T;K356T;S371F;S373P;S375F;T376A;R403K;D405N;R408S;K417N;N440K;V445H;G446S;N450D;L452W;L455S;F456L;N460K;S477N;T478K;N481K;V483-;E484K;F486P;Q498R;N501Y;Y505H;E554K;A570V;T572I;D614G;P621S;H655Y;N679K;P681R;N764K;D796Y;S939F;Q954H;N969K;V1104L;P1143L|16MPLF17,66,53,KP.2,1,1,2024,5,7
EPI_ISL_19178126,T19I;R21T;L24-;P25-;P26-;A27S;S50L;H69-;V70-;V127F;G142D;Y145-;F157S;R158G;N211-;L212I;V213G;L216F;H245N;T250N;A264D;I332V;G339H;R346T;K356T;S371F;S373P;S375F;T376A;R403K;D405N;R408S;K417N;N440K;V445H;G446S;N450D;L452W;L455S;F456L;N460K;S477N;T478K;N481K;V483-;E484K;F486P;Q498R;N501Y;Y505H;E554K;A570V;D614G;P621S;H655Y;N679K;P681R;N764K;D796Y;S939F;Q954H;N969K;V1104L;P1143L|16MPLF17,64,53,KP.2,19,14,2024,5,7
EPI_ISL_19186520,T19I;R21T;L24-;P25-;P26-;A27S;S50L;H69-;V70-;V127F;G142D;Y145-;W152L;F157S;R158G;K182N;N211-;L212I;V213G;L216F;H245N;A264D;I332V;G339H;R346T;K356T;S371F;S373P;S375F;T376A;R403K;D405N;R408S;K417N;N440K;V445H;G446S;N450D;L452W;L455S;F456L;N460K;S477N;T478K;N481K;V483-;E484K;F486P;Q498R;N501Y;Y505H;E554K;A570V;D614G;P621S;H655Y;N679K;P681R;N764K;D796Y;S939F;Q954H;N969K;K1086R;V1104L;P1143L|16MPLF17,66,53,KP.2,1,1,2024,5,7
EPI_ISL_19176412,T19I;R21T;L24-;P25-;P26-;A27S;S50L;H69-;V70-;V127F;G142D;Y145-;N148T;F157S;R158G;K182N;N211-;L212I;V213G;L216F;H245N;A264D;I332V;G339H;R346T;K356T;S371F;S373P;S375F;T376A;R403K;D405N;R408S;K417N;N440K;V445H;G446S;N450D;L452W;L455S;F456L;N460K;S477N;T478K;N481K;V483-;E484K;F486P;Q498R;N501Y;Y505H;E554K;A570V;D614G;P621S;H655Y;N679K;P681R;N764K;D796Y;S939F;Q954H;N969K;K1086R;V1104L;P1143L|16MPLF17,66,53,KP.2,1,1,2024,5,7
EPI_ISL_19169581,T19I;R21T;L24-;P25-;P26-;A27S;S50L;H69-;V70-;V127F;G142D;Y145-;F157S;R158G;N211-;L212I;V213G;R214H;L216F;H245N;A264D;I332V;G339H;R346T;K356T;S371F;S373P;S375F;T376A;R403K;D405N;R408S;K417N;N440K;V445H;G446S;N450D;L452W;L455S;F456L;N460K;S477N;T478K;N481K;V483-;E484K;F486P;Q498R;N501Y;Y505H;E554K;A570V;D614G;P621S;H655Y;P681R;N764K;D796Y;S939F;Q954H;N969K;K1086R;V1104L;P1143L|16MPLF17,64,53,KP.2,5,5,2024,5,7
EPI_ISL_19161106,T19I;R21T;L24-;P25-;P26-;A27S;S50L;F59L;H69-;V70-;V127F;G142D;Y145-;F157S;R158G;K182T;N211-;L212I;V213G;L216F;H245N;A264D;I332V;G339H;R346T;K356T;S371F;S373P;S375F;T376A;R403K;D405N;R408S;K417N;N440K;V445H;G446S;N450D;L452W;L455S;F456L;N460K;S477N;T478K;N481K;V483-;E484K;F486P;Q498R;N501Y;Y505H;E554K;A570V;D614G;P621S;H655Y;N679K;P681R;S704L;N764K;D796Y;S939F;Q954H;N969K;V1104L;P1143L;K1266R|16MPLF17,67,53,KP.2,1,1,2024,5,7
EPI_ISL_19132961,T19I;R21T;L24-;P25-;P26-;A27S;H69-;V70-;V127F;G142D;Y145-;F157S;R158G;N211-;L212I;V213G;L216F;H245N;A264D;I332V;G339H;R346T;K356T;S371F;S373P;S375F;T376A;R403K;D405N;R408S;K417N;N440K;V445H;G446S;N450D;L452W;L455S;F456L;N460K;S477N;T478K;N481K;V483-;E484K;F486P;Q498R;N501Y;Y505H;E554K;A570V;D614G;P621S;H655Y;N679K;P681R;N764K;D796Y;S939F;Q954H;N969K;V1104L;P1143L|16MPLF17,62,53,KP.2,5,5,2024,5,7
EPI_ISL_19174801,"T19I;R21T;L24-;P25-;P26-;A27S;S50L;F59I;H69-;V70-;V127F;G142D;Y145-;F157S;R158G;K187R;N211-;L212I;V213G;L216F;H245N;A264D;I332V;G339H;R346T;K356T;S371F;S373P;S375F;T376A;R403K;D405N;R408S;K417N;N440K;V445H;G446S;N450D;L452W;L455S;F456L;N460K;S477N;T478K;N481K;V483-;E484K;F486P;Q498R;N501Y;Y505H;E554K;A570V;D614G;P621S;H655Y;N679K;P681R;N764K;D796Y;S939F;Q954H;N969K;V1104L;P1143L|""""",65,53,KP.2,2,2,2024,5,8
EPI_ISL_19169628,T19I;R21T;L24-;P25-;P26-;A27S;H69-;V70-;V127F;G142D;Y145-;F157S;R158G;N211-;L212I;V213G;L216F;H245N;A264D;I332V;G339H;R346T;K356T;S371F;S373P;S375F;T376A;R403K;D405N;R408S;K417N;N440K;V445H;G446S;N450D;L452W;L455S;F456L;N460K;S477N;T478K;N481K;V483-;E484K;F486P;Q498R;N501Y;Y505H;E554K;A570V;D614G;P621S;H655Y;N679K;P681R;N764K;D796Y;S939F;Q954H;N969K;K1086R;V1104L;P1143L|16MPLF17,63,53,KP.2,5,4,2024,5,8
EPI_ISL_19144457,T19I;R21T;L24-;P25-;P26-;A27S;N30-;S31T;S50L;H69-;V70-;V127F;G142D;Y145-;F157S;R158G;N211-;L212I;V213G;L216F;H245N;A264D;I332V;G339H;R346T;K356T;S371F;S373P;S375F;T376A;R403K;D405N;R408S;K417N;N440K;V445H;G446S;N450D;L452W;L455S;F456L;N460K;S477N;T478K;N481K;V483-;E484K;F486P;Q498R;N501Y;Y505H;E554K;A570V;D614G;P621S;H655Y;N679K;P681R;N764K;D796Y;S939F;Q954H;N969K;V1104L;P1143L|16MPLF17,65,53,KP.2,2,1,2024,5,8
EPI_ISL_19157185,T19I;R21T;L24-;P25-;P26-;A27S;S50L;H69-;V70-;V127F;G142D;Y145-;H146Q;F157S;R158G;N211-;L212I;V213G;L216F;H245N;A264D;I332V;G339H;R346T;K356T;S371F;S373P;S375F;T376A;R403K;D405N;R408S;K417N;N440K;V445H;G446S;N450D;L452W;L455S;F456L;N460K;S477N;T478K;N481K;V483-;E484K;F486P;Q498R;N501Y;Y505H;E554K;A570V;D614G;P621S;H655Y;N679K;P681R;N764K;D796Y;S939F;Q954H;N969K;V1104L;P1143L|16MPLF17,64,53,KP.2,6,3,2024,5,8
EPI_ISL_19175874,T19I;R21T;L24-;P25-;P26-;A27S;S50L;H69-;V70-;V127F;G142D;Y145-;F157S;R158G;N211-;L212I;V213G;L216F;H245N;A264D;I332V;G339H;R346T;K356T;S371F;S373P;S375F;T376A;R403K;D405N;R408S;K417N;N440K;V445H;G446S;N450D;L452W;L455S;F456L;N460K;S477N;T478K;N481K;V483-;E484K;F486P;Q498R;N501Y;Y505H;E554K;A570V;D614G;P621S;H655Y;N679K;P681R;N764K;D796H;S939F;Q954H;N969K;V1104L;P1143L|16MPLF17,63,53,KP.2,3,2,2024,5,8
EPI_ISL_19191179,L5F;T19I;R21T;L24-;P25-;P26-;A27S;S50L;H69-;V70-;V127F;G142D;Y145-;F157S;R158G;N211-;L212I;V213G;L216F;H245N;A264D;I332V;G339H;R346T;K356T;S371F;S373P;S375F;T376A;R403K;D405N;R408S;K417N;N440K;V445H;G446S;N450D;L452W;L455S;F456L;N460K;S477N;T478K;N481K;V483-;E484K;F486P;Q498R;N501Y;Y505H;E554K;A570V;D614G;P621S;H655Y;N679K;P681R;N764K;D796Y;S939F;Q954H;N969K;V1104L;P1143L|16MPLF17,64,53,KP.2,4,2,2024,5,8
EPI_ISL_19169631,T19I;R21T;L24-;P25-;P26-;A27S;F59L;H69-;V70-;V127F;G142D;Y145-;F157S;R158G;N211-;L212I;V213G;L216F;H245N;A264D;I332V;G339H;R346T;K356T;S371F;S373P;S375F;T376A;R403K;D405N;R408S;K417N;N440K;V445H;G446S;N450D;L452W;L455S;F456L;N460K;S477N;T478K;N481K;V483-;E484K;F486P;Q498R;N501Y;Y505H;E554K;A570V;D614G;P621S;H655Y;N679K;P681R;N764K;D796Y;S939F;Q954H;N969K;V1104L;P1143L;K1266R|16MPLF17,64,53,KP.2,4,3,2024,5,8
EPI_ISL_19175872,T19I;R21T;L24-;P25-;P26-;A27S;S31-;S50L;H69-;V70-;R102I;V127F;G142D;Y145-;F157S;R158G;K182N;N211-;L212I;V213G;L216F;H245N;A264D;I332V;G339H;R346T;K356T;S371F;S373P;S375F;T376A;R403K;D405N;R408S;K417N;N440K;V445H;G446S;N450D;L452W;L455S;F456L;N460K;S477N;T478K;N481K;V483-;E484K;F486P;Q498R;N501Y;Y505H;E554K;A570V;D614G;P621S;H655Y;N679K;P681R;N764K;D796Y;S939F;Q954H;N969K;K1086R;V1104L;P1143L|16MPLF17,67,53,KP.2,1,1,2024,5,8
EPI_ISL_19178155,T19I;R21T;L24-;P25-;P26-;A27S;S50L;H69-;V70-;V127F;G142D;Y145-;F157S;R158G;N211-;L212I;V213G;L216F;H245N;A264D;I332V;G339H;R346T;K356T;S371F;S373P;S375F;T376A;R403K;D405N;R408S;K417N;N440K;V445H;G446S;N450D;L452W;L455S;F456L;N460K;S477N;T478K;N481K;V483-;E484K;F486P;Q498R;N501Y;Y505H;E554K;A570V;D614G;P621S;H655Y;N679K;P681R;N764K;D796Y;L858I;S939F;Q954H;N969K;K1086R;V1104L;P1143L|16MPLF17,65,53,KP.2,1,1,2024,5,8
EPI_ISL_19154004,T19I;R21T;L24-;P25-;P26-;A27S;S50L;H69-;V70-;V127F;G142D;Y145-;F157S;R158G;K182N;N211-;L212I;V213G;L216F;H245N;A264D;I332V;G339H;R346T;K356T;S371F;S373P;S375F;T376A;R403K;D405N;R408S;K417N;N440K;V445H;G446S;N450D;L452W;L455S;F456L;N460K;S477N;T478K;N481K;V483-;E484K;F486P;Q498R;N501Y;Y505H;E554K;A570V;D614G;P621S;H655Y;N679K;P681R;R683L;N764K;D796Y;S939F;Q954H;N969K;K1086R;V1104L;P1143L|16MPLF17,66,53,KP.2,5,3,2024,5,8
EPI_ISL_19165322,"T19I;R21T;L24-;P25-;P26-;A27S;S50L;S60P;H69-;V70-;V127F;G142D;Y145-;F157S;R158G;N211-;L212I;V213G;L216F;H245N;A264D;I332V;G339H;R346T;K356T;S371F;S373P;S375F;T376A;R403K;D405N;R408S;K417N;N440K;V445H;G446S;N450D;L452W;L455S;F456L;N460K;S477N;T478K;N481K;V483-;E484K;F486P;Q498R;N501Y;Y505H;E554K;A570V;D614G;P621S;H655Y;N679K;P681R;N764K;D796Y;S939F;Q954H;N969K;V1104L;P1143L|""""",64,53,KP.2,5,4,2024,5,8
EPI_ISL_19190577,"S50L;F59L;H69-;V70-;V127F;G142D;Y145-;F157S;R158G;N211-;L212I;V213G;L216F;H245N;A264D;I332V;G339H;E340D;R346T;K356T;S371F;S373P;S375F;T376A;R403K;D405N;R408S;K417N;N440K;V445H;G446S;N450D;L452W;L455S;F456L;N460K;S477N;T478K;N481K;V483-;E484K;F486P;Q498R;N501Y;Y505H;E554K;A570V;D614G;P621S;H655Y;N679K;P681R;N764K;D796Y;S939F;Q954H;N969K;V1104L;P1143L;K1266R|""""",60,53,KP.2,1,1,2024,5,8
EPI_ISL_19177111,"T19I;R21T;L24-;P25-;P26-;A27S;T29N;S50L;H69-;V70-;V127F;G142D;Y145-;F157S;R158G;N211-;L212I;V213G;L216F;H245N;A264D;I332V;G339H;R346T;K356T;S371F;S373P;S375F;T376A;R403K;D405N;R408S;K417N;N440K;V445H;G446S;N450D;L452W;L455S;F456L;N460K;S477N;T478K;N481K;V483-;E484K;F486P;Q498R;N501Y;Y505H;E554K;A570V;D614G;P621S;H655Y;N679K;P681R;N764K;D796Y;S939F;Q954H;N969K;V1104L;P1143L|""""",64,53,KP.2,1,1,2024,5,8
EPI_ISL_19164719,T19I;R21T;L24-;P25-;P26-;A27S;S50L;H69-;V70-;V127F;G142D;Y145-;F157S;R158G;N211-;L212I;V213G;L216F;H245N;T250N;A264D;I332V;G339H;R346T;K356T;S371F;S373P;S375F;T376A;R403K;D405N;R408S;K417N;N440K;V445H;G446S;N450D;L452W;L455S;F456L;N460K;S477N;T478K;N481K;V483-;E484K;F486P;Q498R;N501Y;Y505H;A570V;D614G;P621S;H655Y;N679K;P681R;N764K;D796Y;S939F;Q954H;N969K;V1104L;P1143L|16MPLF17,63,53,KP.2,1,1,2024,5,8
EPI_ISL_19163152,T19I;R21T;L24-;P25-;P26-;A27S;S50L;H69-;V70-;V127F;G142D;Y145-;F157S;R158G;N211-;L212I;V213G;L216F;H245N;A263V;A264D;I332V;G339H;R346T;K356T;S371F;S373P;S375F;T376A;R403K;D405N;R408S;K417N;N440K;V445H;G446S;N450D;L452W;L455S;F456L;N460K;S477N;T478K;N481K;V483-;E484K;F486P;Q498R;N501Y;Y505H;E554K;A570V;D614G;P621S;H655Y;N679K;P681R;N764K;D796Y;S939F;Q954H;N969K;V1104L;P1143L;Q1201K|16MPLF17,65,53,KP.2,1,1,2024,5,8
EPI_ISL_19163195,T19I;R21T;L24-;P25-;P26-;A27S;S31-;S50L;H69-;V70-;V127F;G142D;Y145-;H146Q;F157S;R158G;N211-;L212I;V213G;L216F;H245N;A264D;I332V;G339H;R346T;K356T;S371F;S373P;S375F;T376A;R403K;D405N;R408S;K417N;N440K;V445H;G446S;N450D;L452W;L455S;F456L;N460K;S477N;T478K;N481K;V483-;E484K;F486P;Q498R;N501Y;Y505H;E554K;A570V;D614G;P621S;H655Y;N679K;P681R;N764K;D796Y;S939F;Q954H;N969K;D1084H;V1104L;P1143L|16MPLF17,66,53,KP.2,3,3,2024,5,8
EPI_ISL_19166232,T19I;R21T;L24-;P25-;P26-;A27S;S50L;H69-;V70-;V127F;G142D;Y145-;F157S;R158G;N211-;L212I;V213G;L216F;H245N;A264D;I332V;G339H;R346T;K356T;S371F;S373P;S375F;T376A;R403K;D405N;R408S;K417N;N440K;V445H;G446S;N450D;L452W;L455S;F456L;N460K;S477N;T478K;N481K;V483-;E484K;F486P;Q498R;N501Y;Y505H;E554K;A570V;D614G;P621S;H655Y;N679K;P681R;N764K;D796Y;S939F;Q954H;N969K;V1104L;P1143L;D1184N|16MPLF17,64,53,KP.2,1,1,2024,5,8
EPI_ISL_19154075,T19I;R21T;L24-;P25-;P26-;A27S;S31-;S50L;H69-;V70-;R78M;V127F;G142D;Y145-;H146Q;F157S;R158G;N211-;L212I;V213G;L216F;H245N;A264D;I332V;G339H;R346T;K356T;S371F;S373P;S375F;T376A;R403K;D405N;R408S;K417N;N440K;V445H;G446S;N450D;L452W;L455S;F456L;N460K;S477N;T478K;N481K;V483-;E484K;F486P;Q498R;N501Y;Y505H;E554K;A570V;D614G;P621S;H655Y;N679K;P681R;N764K;D796Y;S939F;Q954H;N969K;V1104L;P1143L|16MPLF17,66,53,KP.2,1,1,2024,5,8
EPI_ISL_19157915,T19I;R21T;L24-;P25-;P26-;A27S;S50L;H69-;V70-;V127F;G142D;Y145-;F157S;R158G;N211-;L212I;V213G;L216F;H245N;A264D;I332V;G339H;R346T;K356T;S371F;S373P;S375F;T376A;R403K;D405N;R408S;K417N;N440K;V445H;G446S;N450D;L452W;L455S;F456L;N460K;S477N;T478K;N481K;V483-;E484K;F486P;Q498R;N501Y;Y505H;E554K;A570V;D614G;P621S;H655Y;N679K;P681R;N764K;D796Y;P812L;S939F;Q954H;N969K;V1104L;P1143L|16MPLF17,64,53,KP.2,1,1,2024,5,9
EPI_ISL_19158620,T19I;R21T;L24-;P25-;P26-;A27S;S50L;H69-;V70-;V127F;G142D;Y145-;F157S;R158G;G184V;N211-;L212I;V213G;L216F;H245N;S256P;A264D;I332V;G339H;R346T;K356T;S371F;S373P;S375F;T376A;R403K;D405N;R408S;K417N;N440K;V445H;G446S;N450D;L452W;L455S;F456L;N460K;S477N;T478K;N481K;V483-;E484K;F486P;Q498R;N501Y;Y505H;E554K;A570V;D614G;P621S;H655Y;N679K;P681R;N764K;D796Y;S939F;Q954H;N969K;V1104L;P1143L|16MPLF17,65,53,KP.2,1,1,2024,5,9
EPI_ISL_19169398,T19I;R21T;L24-;P25-;P26-;A27S;S50L;H69-;V70-;V127F;G142D;Y145-;F157S;R158G;N211-;L212I;V213G;L216F;H245N;A264D;I332V;G339H;R346T;K356T;S371F;S373P;S375F;T376A;R403K;D405N;R408S;K417N;N440K;V445H;G446S;N450D;L452W;L455S;F456L;N460K;S477N;T478K;N481K;V483-;E484K;F486P;Q498R;N501Y;Y505H;E554K;A570V;D614G;P621S;H655Y;N679K;P681H;N764K;D796Y;S939F;Q954H;N969K;V1104L;P1143L|16MPLF17,63,53,KP.2,8,4,2024,5,9
EPI_ISL_19169441,T19I;R21T;L24-;P25-;P26-;A27S;S50L;S60P;H69-;V70-;V127F;G142D;Y145-;F157S;R158G;N211-;L212I;V213G;L216F;H245N;S255-;S256-;G257-;A264D;I332V;G339H;R346T;K356T;S371F;S373P;S375F;T376A;R403K;D405N;R408S;K417N;N440K;V445H;G446S;N450D;L452W;L455S;F456L;N460K;S477N;T478K;N481K;V483-;E484K;F486P;Q498R;N501Y;Y505H;E554K;A570V;D614G;P621S;H655Y;N679K;P681R;N764K;D796Y;S939F;Q954H;N969K;V1104L;P1143L|16MPLF17,67,53,KP.2,4,2,2024,5,9
EPI_ISL_19163148,T19I;R21T;L24-;P25-;P26-;A27S;S50L;H69-;V70-;T95I;V127F;G142D;Y145-;F157S;R158G;N211-;L212I;V213G;L216F;H245N;A264D;I332V;G339H;R346T;K356T;S371F;S373P;S375F;T376A;R403K;D405N;R408S;K417N;N440K;V445H;G446S;N450D;L452W;L455S;F456L;N460K;S477N;T478K;N481K;V483-;E484K;F486P;Q498R;N501Y;Y505H;E554K;A570V;D614G;P621S;H655Y;N679K;P681R;N764K;D796Y;S939F;Q954H;N969K;V1104L;P1143L|16MPLF17,64,53,KP.2,3,2,2024,5,9
EPI_ISL_19186030,T19I;R21T;L24-;P25-;P26-;A27S;S50L;H69-;V70-;V127F;G142D;Y145-;F157S;R158G;K182N;N211-;L212I;V213G;L216F;H245N;A264D;I332V;G339H;R346T;K356T;S371F;S373P;S375F;T376A;R403K;D405N;R408S;K417N;N440K;V445H;G446S;N450D;L452W;L455S;F456L;N460K;S477N;T478K;N481K;V483-;E484K;F486P;Q498R;N501Y;Y505H;E554K;A570V;D614G;P621S;H655Y;N679K;P681R;A688V;N764K;D796Y;S939F;Q954H;N969K;K1086R;V1104L;P1143L|16MPLF17,66,53,KP.2,1,1,2024,5,9
EPI_ISL_19185300,T19I;R21T;L24-;P25-;P26-;A27S;S31-;S50L;H69-;V70-;V127F;G142D;Y145-;H146Q;F157S;R158G;F186L;N211-;L212I;V213G;L216F;H245N;A264D;I332V;G339H;R346T;K356T;S371F;S373P;S375F;T376A;R403K;D405N;R408S;K417N;N440K;V445H;G446S;N450D;L452W;L455S;F456L;N460K;A475V;S477N;T478K;N481K;V483-;E484K;F486P;Q498R;N501Y;Y505H;E554K;A570V;D614G;P621S;H655Y;N679K;P681H;N764K;D796Y;S939F;Q954H;N969K;V1104L;P1143L|16MPLF17,67,53,KP.2,1,1,2024,5,9
EPI_ISL_19190845,T19I;R21T;L24-;P25-;P26-;A27S;S50L;H69-;V70-;V127F;G142D;Y145-;M153T;F157S;R158G;N211-;L212I;V213G;L216F;H245N;A264D;I332V;G339H;R346T;K356T;S371F;S373P;S375F;T376A;R403K;D405N;R408S;K417N;N440K;V445H;G446S;N450D;L452W;L455S;F456L;N460K;S477N;T478K;N481K;V483-;E484K;F486P;Q498R;N501Y;Y505H;E554K;A570V;D614G;P621S;H655Y;N679K;P681R;N764K;D796Y;S939F;Q954H;N969K;K1086R;V1104L;P1143L|16MPLF17,65,53,KP.2,2,2,2024,5,9
EPI_ISL_19165514,T19I;R21T;L24-;P25-;P26-;A27S;S50L;H69-;V70-;V127F;G142D;Y145-;F157S;R158G;N211-;L212I;V213G;L216F;H245N;A264D;I332V;G339H;R346T;K356T;S371F;S373P;S375F;T376A;R403K;D405N;R408S;K417N;N440K;V445H;G446S;N450D;L452W;L455S;F456L;N460K;S477N;T478K;N481K;G482-;E484K;F486P;Q498R;N501Y;Y505H;E554K;A570V;D614G;P621S;H655Y;N679K;P681R;R683Q;N764K;D796Y;S939F;Q954H;N969K;V1104L;P1143L|16MPLF17,64,53,KP.2,1,1,2024,5,9
EPI_ISL_19146033,"T19I;R21T;L24-;P25-;P26-;A27S;S31-;S50L;H69-;V70-;V127F;G142D;Y145-;H146Q;F157S;R158G;N185T;N211-;L212I;V213G;L216F;H245N;A264D;I332V;G339H;R346T;K356T;S371F;S373P;S375F;T376A;R403K;D405N;R408S;K417N;N440K;V445H;G446S;N450D;L452W;L455S;F456L;N460K;S477N;T478K;N481K;V483-;E484K;F486P;Q498R;N501Y;Y505H;E554K;A570V;D614G;P621S;H655Y;N679K;P681R;N764K;D796Y;S939F;Q954H;N969K;V1104L;P1143L|""""",66,53,KP.2,2,2,2024,5,9
EPI_ISL_19174506,T19I;R21T;L24-;P25-;P26-;A27S;S50L;H69-;V70-;V127F;G142D;Y145-;F157S;R158G;K182N;N211-;L212I;V213G;L216F;H245N;A264D;I332V;G339H;R346T;K356T;S371F;S373P;S375F;T376A;R403K;D405N;R408S;K417N;N440K;V445H;G446S;N450D;L452W;L455S;F456L;N460K;S477N;T478K;N481K;V483-;E484K;F486P;Q498R;N501Y;Y505H;E554K;A570V;D614G;P621S;H655Y;N679K;S680P;P681R;N764K;D796Y;S939F;Q954H;N969K;K1086R;V1104L;P1143L|16MPLF17,66,53,KP.2,1,1,2024,5,9
EPI_ISL_19165689,T19I;R21T;L24-;P25-;P26-;A27S;S31-;S50L;H69-;V70-;V127F;G142D;Y145-;H146Q;F157S;R158G;N211-;L212I;V213G;L216F;H245N;P251L;A264D;I332V;G339H;R346T;K356T;S371F;S373P;S375F;T376A;R403K;D405N;R408S;K417N;N440K;V445H;G446S;N450D;L452W;L455S;F456L;N460K;S477N;T478K;N481K;E484K;F486P;Q498R;N501Y;Y505H;E554K;A570V;D614G;P621S;H655Y;N679K;P681R;N764K;D796Y;S939F;Q954H;N969K;V1104L;P1143L|16MPLF17,65,53,KP.2,1,1,2024,5,9
EPI_ISL_19177112,"T19I;R21T;L24-;P25-;P26-;A27S;S50L;H69-;V70-;V127F;G142D;Y145-;F157S;R158G;G181V;N211-;L212I;V213G;L216F;H245N;A264D;I332V;G339H;R346T;K356T;S371F;S373P;S375F;T376A;R403K;D405N;R408S;K417N;N440K;V445H;G446S;N450D;L452W;L455S;F456L;N460K;S477N;T478K;N481K;V483-;E484K;F486P;Q498R;N501Y;Y505H;E554K;A570V;D614G;P621S;H655Y;N679K;P681R;N764K;D796Y;S939F;Q954H;N969K;V1104L;P1143L|""""",64,53,KP.2,4,1,2024,5,9
EPI_ISL_19182198,"T19I;R21T;S31-;S50L;H69-;V70-;V127F;G142D;Y145-;H146Q;F157S;R158G;N211-;L212I;V213G;L216F;H245N;A264D;I332V;G339H;R346T;K356T;S371F;S373P;S375F;T376A;R403K;D405N;R408S;K417N;N440K;V445H;G446S;N450D;L452W;L455S;F456L;N460K;S477N;T478K;N481K;F486P;Q498R;N501Y;Y505H;E554K;A570V;D614G;P621S;H655Y;N679K;P681R;N764K;D796Y;S939F;Q954H;N969K;V1104L;P1143L|""""",59,53,KP.2,2,2,2024,5,9
EPI_ISL_19140788,T19I;R21T;L24-;P25-;P26-;A27S;N30D;S50L;H69-;V70-;V127F;G142D;Y145-;F157S;R158G;N211-;L212I;V213G;L216F;H245N;A264D;I332V;G339H;R346T;K356T;S371F;S373P;S375F;T376A;R403K;D405N;R408S;K417N;N440K;V445H;G446S;N450D;L452W;L455S;F456L;N460K;S477N;T478K;N481K;V483-;E484K;F486P;Q498R;N501Y;Y505H;E554K;A570V;D614G;P621S;H655Y;N679K;P681R;N764K;D796Y;S939F;Q954H;N969K;K1086R;V1104L;P1143L|16MPLF17,65,53,KP.2,3,3,2024,5,9
EPI_ISL_19169448,T19I;R21T;L24-;P25-;P26-;A27S;S50L;H69-;V70-;V127F;G142D;Y145-;F157S;R158G;N211-;L212I;V213G;L216F;H245N;A263S;A264D;I332V;G339H;R346T;K356T;S371F;S373P;S375F;T376A;R403K;D405N;R408S;K417N;N440K;V445H;G446S;N450D;L452W;L455S;F456L;N460K;S477N;T478K;N481K;V483-;E484K;F486P;Q498R;N501Y;Y505H;E554K;A570V;D614G;P621S;H655Y;N679K;P681R;N764K;D796Y;S939F;Q954H;N969K;V1104L;P1143L|16MPLF17,64,53,KP.2,1,1,2024,5,9
EPI_ISL_19186370,"T19I;R21T;L24-;P25-;P26-;A27S;H69-;V70-;V127F;G142D;Y145-;F157S;R158G;N211-;L212I;V213G;L216F;H245N;A264D;I332V;G339H;R346T;K356T;S371F;S373P;S375F;T376A;R403K;D405N;R408S;K417N;N440K;V445H;G446S;N450D;L452W;L455S;F456L;N460K;S477N;T478K;N481K;V483-;E484K;F486P;Q498R;N501Y;Y505H;E554K;A570V;D614G;P621S;H655Y;N679K;P681R;N764K;D796Y;S939F;Q954H;N969K;K1086R;V1104L;P1143L|""""",63,53,KP.2,3,3,2024,5,9
EPI_ISL_19187400,T19I;R21T;L24-;P25-;P26-;A27S;S50L;H69-;V70-;V127F;G142D;Y145-;F157S;R158G;K182N;N211-;L212I;V213G;L216F;H245N;A264D;I332V;G339H;R346T;K356T;S371F;S373P;S375F;T376A;R403K;D405N;R408S;K417T;N440K;V445H;G446S;N450D;L452W;L455S;F456L;N460K;S477N;T478K;N481K;V483-;E484K;F486P;Q498R;N501Y;Y505H;E554K;A570V;D614G;P621S;H655Y;N679K;P681R;N764K;D796Y;S939F;Q954H;N969K;K1086R;V1104L;P1143L|16MPLF17,65,53,KP.2,18,17,2024,5,10
EPI_ISL_19184060,"T19I;R21T;L24-;P25-;P26-;A27S;S50L;H69-;V70-;V127F;G142D;Y145-;F157S;R158G;K182N;N211-;L212I;V213G;L216F;H245N;A264D;I332V;G339H;R346T;K356T;S371F;S373P;S375F;T376A;R403K;D405N;R408S;K417N;N440K;V445H;G446S;N450D;L452W;L455S;F456L;N460K;S477N;T478K;N481K;V483-;E484K;F486P;Q498R;N501Y;Y505H;E554K;A570V;D614G;P621S;H655Y;N679K;P681R;N764K;D796Y;S939F;Q954H;N969K;K1086R;V1104L;P1143L|""""",65,53,KP.2,11,6,2024,5,10
EPI_ISL_19175917,T19I;R21T;L24-;P25-;P26-;A27S;S50L;F59L;H69-;V70-;V127F;G142D;Y145-;F157S;R158G;N211-;L212I;V213G;L216F;H245N;A264D;I332V;G339H;R346T;K356T;S371F;S373P;S375F;T376A;R403K;D405N;R408S;K417N;N440K;V445H;G446S;N450D;L452W;L455S;F456L;N460K;S477N;T478K;N481K;V483-;E484K;F486P;Q498R;N501Y;Y505H;E554K;A570V;D614G;P621S;V635I;H655Y;N679K;P681R;N764K;D796Y;S939F;Q954H;N969K;V1104L;P1143L;K1266R|16MPLF17,66,53,KP.2,1,1,2024,5,10
EPI_ISL_19144465,T19I;R21T;L24-;P25-;P26-;A27S;S50L;F59L;H69-;V70-;V127F;G142D;Y145-;F157S;R158G;N211-;L212I;V213G;L216F;H245N;A264D;I332V;G339H;R346T;K356T;S371F;S373P;S375F;T376A;R403K;D405N;R408S;K417N;N440K;V445H;G446S;N450D;L452W;L455S;F456L;N460K;S477N;T478K;N481K;V483-;E484K;F486P;Q498R;E554K;A570V;D614G;P621S;H655Y;N679K;P681R;N764K;D796Y;S939F;Q954H;N969K;V1104L;P1143L;K1266R|16MPLF17,63,53,KP.2,1,1,2024,5,10
EPI_ISL_19184076,"T19I;R21T;L24-;P25-;P26-;A27S;S50L;H69-;V70-;L84I;V127F;G142D;Y145-;F157S;R158G;N211-;L212I;V213G;L216F;H245N;A264D;I332V;G339H;R346T;K356T;S371F;S373P;S375F;T376A;R403K;D405N;R408S;K417N;N440K;V445H;G446S;N450D;L452W;L455S;F456L;N460K;S477N;T478K;N481K;V483-;E484K;F486P;Q498R;N501Y;Y505H;E554K;A570V;D614G;P621S;H655Y;N679K;P681R;N764K;D796Y;S939F;Q954H;N969K;V1104L;P1143L|""""",64,53,KP.2,1,1,2024,5,10
EPI_ISL_19196148,T19I;R21T;L24-;P25-;P26-;A27S;S31-;S50L;H69-;V70-;V127F;Y145-;H146Q;F157S;R158G;N211-;L212I;V213G;L216F;H245N;A264D;I332V;G339H;R346T;K356T;S371F;S373P;S375F;T376A;R403K;D405N;R408S;K417N;N440K;V445H;G446S;N450D;L452W;L455S;F456L;N460K;S477N;T478K;N481K;V483-;E484K;F486P;Q498R;N501Y;Y505H;E554K;A570V;D614G;P621S;H655Y;N679K;P681R;N764K;D796Y;S939F;Q954H;N969K;V1104L;P1143L|16MPLF17,64,53,KP.2,1,1,2024,5,10
EPI_ISL_19184077,"T19I;R21T;L24-;P25-;P26-;A27S;S31-;S50L;H69-;V70-;V127F;G142D;Y145-;F157S;R158G;N211-;L212I;V213G;L216F;H245N;A264D;I332V;G339H;R346T;K356T;S371F;S373P;S375F;T376A;R403K;D405N;R408S;K417N;N440K;V445H;G446S;N450D;L452W;L455S;F456L;N460K;S477N;T478K;N481K;V483-;E484K;F486P;Q498R;N501Y;Y505H;E554K;A570V;D614G;P621S;H655Y;N679K;P681R;N764K;D796Y;S939F;Q954H;N969K;K1086R;V1104L;P1143L|""""",65,53,KP.2,14,11,2024,5,10
EPI_ISL_19185389,"T19I;T20I;R21T;L24-;P25-;P26-;A27S;S31-;S50L;H69-;V70-;V127F;G142D;Y145-;H146Q;F157S;R158G;N211-;L212I;V213G;L216F;H245N;A264D;I332V;G339H;R346T;K356T;S371F;S373P;S375F;T376A;R403K;D405N;R408S;K417N;N440K;V445H;G446S;N450D;L452W;L455S;F456L;N460K;S477N;T478K;N481K;V483-;E484K;F486P;Q498R;N501Y;Y505H;E554K;A570V;D614G;P621S;H655Y;N679K;P681R;N764K;D796Y;S939F;Q954H;N969K;V1104L;P1143L|""""",66,53,KP.2,1,1,2024,5,10
EPI_ISL_19150949,T19I;R21T;L24-;P25-;P26-;A27S;S50L;H69-;V70-;V127F;G142D;Y145-;F157S;R158G;N211-;L212I;V213G;L216F;H245N;W258R;A264D;I332V;G339H;R346T;K356T;S371F;S373P;S375F;T376A;R403K;D405N;R408S;K417N;N440K;V445H;G446S;N450D;L452W;L455S;F456L;N460K;S477N;T478K;N481K;V483-;E484K;F486P;Q498R;N501Y;Y505H;E554K;A570V;D614G;P621S;H655Y;N679K;P681R;N764K;D796Y;S939F;Q954H;N969K;V1104L;P1143L|16MPLF17,64,53,KP.2,3,1,2024,5,10
EPI_ISL_19176102,T19I;R21T;L24-;P25-;P26-;A27S;S50L;H69-;V70-;V127F;G142D;Y145-;F157S;R158G;N211-;L212I;V213G;L216F;H245N;A264D;I332V;G339H;R346T;K356T;S371F;S373P;S375F;T376A;R403K;D405N;R408S;K417N;N440K;V445H;G446S;N450D;L452W;L455S;F456L;N460K;S477N;T478K;N481K;V483-;E484K;F486P;Q498R;N501Y;Y505H;E554K;A570V;D614G;P621S;H655Y;N679K;P681R;N764K;D796Y;S929I;S939F;Q954H;N969K;V1104L;P1143L|16MPLF17,64,53,KP.2,1,1,2024,5,10
EPI_ISL_19161944,T19I;R21T;L24-;P25-;P26-;A27S;S31F;S50L;H69-;V70-;V127F;G142D;Y145-;F157S;R158G;K187R;N211-;L212I;V213G;L216F;H245N;A264D;I332V;G339H;R346T;K356T;S371F;S373P;S375F;T376A;R403K;D405N;R408S;K417N;N440K;V445H;G446S;N450D;L452W;L455S;F456L;N460K;S477N;T478K;N481K;V483-;E484K;F486P;Q498R;N501Y;Y505H;E554K;A570V;D614G;P621S;H655Y;N679K;P681R;N764K;D796Y;S939F;Q954H;N969K;V1104L;P1143L|16MPLF17,65,53,KP.2,12,7,2024,5,10
EPI_ISL_19153508,T19I;R21T;L24-;P25-;P26-;A27S;S31-;S50L;H69-;V70-;V127F;G142D;Y145-;F157S;R158G;Q183H;N211-;L212I;V213G;L216F;H245N;A264D;I332V;G339H;R346T;K356T;S371F;S373P;S375F;T376A;R403K;D405N;R408S;K417N;N440K;V445H;G446S;N450D;L452W;L455S;F456L;N460K;S477N;T478K;N481K;V483-;E484K;F486P;Q498R;N501Y;Y505H;E554K;A570V;D614G;P621S;H655Y;N679K;P681R;R683W;N764K;D796Y;S939F;Q954H;N969K;V1104L;P1143L|16MPLF17,66,53,KP.2,2,2,2024,5,10
EPI_ISL_19189447,T19I;R21T;L24-;P25-;P26-;A27S;S31-;S50L;H69-;V70-;V127F;G142D;Y145-;F157S;R158G;N211-;L212I;V213G;L216F;H245N;A264D;I332V;G339H;R346T;K356T;S371F;S373P;S375F;T376A;R403K;D405N;R408S;K417N;N440K;V445H;G446S;N450D;L452W;L455S;F456L;N460K;S477N;T478K;N481K;V483-;E484K;F486P;Q498R;N501Y;Y505H;E554K;A570V;D614G;P621S;H655Y;N679K;P681R;N764K;D796Y;S939F;Q954H;N969K;K1086R;V1104L;P1143L;Q1208H|16MPLF17,66,53,KP.2,1,1,2024,5,10
EPI_ISL_19153533,T19I;R21T;L24-;P25-;P26-;A27S;S50L;H69-;V70-;V127F;G142D;Y145-;F157S;R158G;K182N;N211-;L212I;V213G;L216F;H245N;A264D;I332V;G339H;R346T;K356T;S371F;S373P;S375F;T376A;R403K;D405N;R408S;K417N;N440K;V445H;G446S;N450D;L452W;L455S;F456L;N460K;S477N;T478K;N481K;V483-;E484K;F486P;Q498R;N501Y;Y505H;E554K;A570V;D614G;P621S;H655Y;N679K;P681R;N764K;D796Y;G932S;S939F;Q954H;N969K;K1086R;V1104L;P1143L|16MPLF17,66,53,KP.2,1,1,2024,5,11
EPI_ISL_19169587,T19I;R21T;L24-;P25-;P26-;A27S;S50L;H69-;V70-;V127F;G142D;Y145-;F157S;R158G;N211-;L212I;V213G;R214H;L216F;H245N;A264D;I332V;G339H;R346T;K356T;S371F;S373P;S375F;T376A;R403K;D405N;R408S;K417N;N440K;V445H;G446S;N450D;L452W;L455S;F456L;N460K;S477N;T478K;N481K;V483-;E484K;F486P;Q498R;N501Y;Y505H;A570V;D614G;P621S;H655Y;N679K;P681R;N764K;D796Y;S939F;Q954H;N969K;K1086R;V1104L;P1143L|16MPLF17,64,53,KP.2,1,1,2024,5,11
EPI_ISL_19190712,T19I;R21T;L24-;P25-;P26-;A27S;S50L;H69-;V70-;V127F;G142D;Y145-;F157S;R158G;K187R;N211-;L212I;V213G;L216F;H245N;A264D;I332V;G339H;R346T;K356T;S371F;S373P;S375F;T376A;R403K;D405N;R408S;K417N;N440K;V445H;G446S;N450D;L452W;L455S;F456L;N460K;S477N;T478K;N481K;V483-;E484K;F486P;Q498R;N501Y;Y505H;E554K;A570V;D614G;P621S;H655Y;N679K;P681R;A684V;N764K;D796Y;S939F;Q954H;N969K;V1104L;P1143L|16MPLF17,65,53,KP.2,2,1,2024,5,11
EPI_ISL_19163218,T19I;R21T;L24-;P25-;P26-;A27S;S50L;H69-;V70-;V127F;D138H;G142D;Y145-;F157S;R158G;N211-;L212I;V213G;L216F;H245N;A264D;I332V;G339H;R346T;K356T;S371F;S373P;S375F;T376A;R403K;D405N;R408S;K417N;N440K;V445H;G446S;N450D;L452W;L455S;F456L;N460K;S477N;T478K;N481K;V483-;E484K;F486P;Q498R;N501Y;Y505H;E554K;A570V;D614G;P621S;H655Y;N679K;P681R;N764K;D796Y;S939F;Q954H;N969K;V1104L;P1143L|16MPLF17,64,53,KP.2,4,3,2024,5,11
EPI_ISL_19175330,T19I;R21T;L24-;P25-;P26-;A27S;S50L;H69-;V70-;V127F;G142D;Y145-;F157S;R158G;N211-;L212I;V213G;L216F;H245N;A264D;I332V;G339H;R346T;N354K;K356T;S371F;S373P;S375F;T376A;R403K;D405N;R408S;K417N;N440K;V445H;G446S;N450D;L452W;L455S;F456L;N460K;S477N;T478K;N481K;V483-;E484K;F486P;Q498R;N501Y;Y505H;E554K;A570V;D614G;P621S;H655Y;N679K;P681R;N764K;D796Y;A846V;S939F;Q954H;N969K;V1104L;P1143L;K1205R;K1266R|16MPLF17,67,53,KP.2,1,1,2024,5,12
EPI_ISL_19175807,T19I;R21T;L24-;P25-;P26-;A27S;S50L;F59L;H69-;V70-;V127F;G142D;Y145-;F157S;R158G;N211-;L212I;V213G;L216F;H245N;A264D;I332V;G339H;R346T;K356T;S371F;S373P;S375F;T376A;R403K;D405N;R408S;K417N;N440K;V445H;G446S;N450D;L452W;L455S;F456L;N460K;S477N;T478K;N481K;V483-;E484K;F486P;Q498R;N501Y;Y505H;E554K;A570V;D614G;P621S;H655Y;N679K;P681R;N764K;D796Y;T874I;S939F;Q954H;N969K;V1104L;P1143L;K1266R|16MPLF17,66,53,KP.2,1,1,2024,5,12
EPI_ISL_19183915,T19I;R21T;L24-;P25-;P26-;A27S;S50L;H69-;V70-;V127F;G142D;Y145-;F157S;R158G;K182N;N211-;L212I;V213G;L216F;H245N;A264D;I332V;G339H;R346T;K356T;S371F;S373P;S375F;T376A;D405N;R408S;K417N;N440K;V445H;G446S;N450D;L452W;L455S;F456L;N460K;S477N;T478K;N481K;V483-;E484K;F486P;Q498R;N501Y;Y505H;E554K;A570V;D614G;P621S;H655Y;N679K;P681R;N764K;D796Y;S939F;Q954H;N969K;K1086R;V1104L;P1143L|16MPLF17,64,53,KP.2,1,1,2024,5,12
EPI_ISL_19177117,"T19I;R21T;L24-;P25-;P26-;A27S;F32-;S50L;H69-;V70-;V127F;G142D;Y145-;F157S;R158G;N211-;L212I;V213G;L216F;H245N;A264D;I332V;G339H;R346T;K356T;S371F;S373P;S375F;T376A;R403K;D405N;R408S;K417N;N440K;V445Y;G446S;N450D;L452W;L455S;F456L;N460K;S477N;T478K;N481K;V483-;E484K;F486P;Q498R;N501Y;Y505H;E554K;A570V;D614G;P621S;H655Y;N679K;P681R;N764K;D796Y;S939F;Q954H;N969K;V1104L;P1143L|""""",64,53,KP.2,1,1,2024,5,12
EPI_ISL_19176145,T19I;R21T;L24-;P25-;P26-;A27S;S50L;F59L;H69-;V70-;V127F;G142D;Y145-;F157S;R158G;N211-;L212I;V213G;L216F;H245N;A264D;I332V;G339H;R346T;K356T;S371F;S373P;S375F;T376A;R403K;D405N;R408S;K417N;N440K;V445H;G446S;N450D;L452W;L455S;F456L;N460K;S477N;T478K;N481K;V483-;E484K;F486P;Q498R;N501Y;Y505H;E554K;A570V;D614G;P621S;H655Y;N679K;P681R;N764K;D796Y;S939F;Q954H;N969K;V1104L;P1143L|16MPLF17,64,53,KP.2,4,4,2024,5,12
EPI_ISL_19187086,T19I;R21T;L24-;P25-;P26-;A27S;S50L;S60P;H69-;V70-;V127F;G142D;Y145-;F157S;R158G;N211-;L212I;V213G;L216F;H245N;A264D;I332V;G339H;R346T;K356T;S371F;S373P;S375F;T376A;R403K;D405N;R408S;K417N;N440K;V445H;G446S;N450D;L452W;L455S;F456L;N460K;S477N;T478K;N481K;V483-;E484K;F486P;Q498R;N501Y;Y505H;E554K;A570V;D614G;P621S;H655Y;N679K;P681R;N764K;D796Y;S939F;Q954H;N969K;V1104L;P1143L|16MPLF17,64,53,KP.2,10,7,2024,5,12
EPI_ISL_19188531,"T19I;R21T;L24-;P25-;P26-;A27S;S50L;H69-;V70-;V127F;G142D;Y145-;F157S;R158G;N211-;L212I;V213G;L216F;H245N;G261D;A264D;I332V;G339H;R346T;K356T;S371F;S373P;S375F;T376A;R403K;D405N;R408S;K417N;N440K;V445H;G446S;N450D;L452W;L455S;F456L;N460K;S477N;T478K;N481K;V483-;E484K;F486P;Q498R;N501Y;Y505H;E554K;A570V;T572I;D614G;P621S;H655Y;N679K;P681R;N764K;D796Y;S939F;S940F;Q954H;N969K;V1104L;P1143L|""""",66,53,KP.2,1,1,2024,5,12
EPI_ISL_19194430,"T19I;R21T;L24-;P25-;P26-;A27S;S50L;H69-;V70-;V127F;G142D;Y145-;F157S;R158G;N211-;L212I;V213G;L216F;H245N;A264D;I332V;G339H;R346T;K356T;S371F;S373P;S375F;T376A;R403K;D405N;R408S;K417N;N440K;V445H;G446S;N450D;L452W;L455S;F456L;N460K;S477N;T478K;N481K;V483-;E484K;F486P;Q498R;N501Y;Y505H;E554K;A570V;D614G;P621S;H655Y;N679K;P681R;N764K;D796Y;I934V;S939F;Q954H;N969K;V1104L;P1143L|""""",64,53,KP.2,1,1,2024,5,13
EPI_ISL_19174125,T19I;R21T;L24-;P25-;P26-;A27S;S31-;S50L;H69-;V70-;V127F;G142D;Y145-;H146Q;F157S;R158G;N211-;L212I;V213G;L216F;R237K;H245N;A264D;I332V;G339H;R346T;K356T;S371F;S373P;S375F;T376A;R403K;D405N;R408S;K417N;N440K;V445H;G446S;N450D;L452W;L455S;F456L;N460K;S477N;T478K;N481K;V483-;E484K;F486P;Q498R;N501Y;Y505H;E554K;A570V;D614G;P621S;H655Y;N679K;P681R;N764K;D796Y;S939F;Q954H;N969K;V1104L;P1143L|16MPLF17,66,53,KP.2,2,2,2024,5,13
EPI_ISL_19164725,T19I;R21T;L24-;P25-;P26-;A27S;S50L;H69-;V70-;V127F;G142D;Y145-;F157S;R158G;N211-;L212I;V213G;L216F;H245N;A264D;I332V;G339H;R346T;K356T;S371F;S373P;S375F;T376A;R403K;D405N;R408S;K417N;N440K;V445H;G446S;N450D;L452W;L455S;F456L;N460K;S477N;T478K;N481K;V483-;E484K;F486P;Q498R;N501Y;Y505H;E554K;A570V;D614G;P621S;H655Y;N679R;P681R;N764K;D796Y;S939F;Q954H;N969K;K1086R;V1104L;P1143L|16MPLF17,64,53,KP.2,1,1,2024,5,13
EPI_ISL_19163262,T19I;R21T;L24-;P25-;P26-;A27S;F32S;S50L;H69-;V70-;V127F;G142D;Y145-;F157S;R158G;N211-;L212I;V213G;L216F;H245N;A264D;I332V;G339H;R346T;K356T;S371F;S373P;S375F;T376A;R403K;D405N;R408S;K417N;N440K;V445H;G446S;N450D;L452W;L455S;F456L;N460K;S477N;T478K;N481K;V483-;E484K;F486P;Q498R;N501Y;Y505H;E554K;A570V;D614G;P621S;H655Y;N679K;P681R;T732I;N764K;D796Y;S939F;Q954H;N969K;V1104L;P1143L;Q1201K|16MPLF17,66,53,KP.2,3,3,2024,5,13
EPI_ISL_19189420,S12A;T19I;R21T;L24-;P25-;P26-;A27S;S50L;H69-;V70-;V127F;G142D;Y145-;F157S;R158G;N211-;L212I;V213G;L216F;H245N;A264D;I332V;G339H;R346T;K356T;S371F;S373P;S375F;T376A;R403K;D405N;R408S;K417N;N440K;V445H;G446S;N450D;L452W;L455S;F456L;N460K;S477N;T478K;N481K;V483-;E484K;F486P;Q498R;N501Y;Y505H;E554K;A570V;D614G;P621S;H655Y;N679K;P681R;N764K;D796Y;S939F;Q954H;N969K;K1086R;V1104L;P1143L|16MPLF17,65,53,KP.2,1,1,2024,5,13
EPI_ISL_19175957,T19I;R21T;T22N;L24-;P25-;P26-;A27S;S50L;F59L;H69-;V70-;V127F;G142D;Y145-;F157S;R158G;N211-;L212I;V213G;L216F;H245N;A264D;I332V;G339H;R346T;K356T;S371F;S373P;S375F;T376A;R403K;D405N;R408S;K417N;N440K;V445H;G446S;N450D;L452W;L455S;F456L;N460K;S477N;T478K;N481K;V483-;E484K;F486P;Q498R;N501Y;Y505H;E554K;A570V;D614G;P621S;H655Y;N679K;P681R;N764K;D796Y;S939F;Q954H;N969K;V1104L;P1143L;K1266R|16MPLF17,66,53,KP.2,4,4,2024,5,13
EPI_ISL_19175940,T19I;R21T;L24-;P25-;P26-;A27S;S50L;H69-;V70-;T95I;V127F;G142D;Y145-;F157S;R158G;N211-;L212I;V213G;L216F;H245N;A264D;I332V;R346T;K356T;S371F;S373P;S375F;T376A;R403K;D405N;R408S;K417N;N440K;V445H;G446S;N450D;L452W;L455S;F456L;N460K;S477N;T478K;N481K;V483-;E484K;F486P;Q498R;N501Y;Y505H;E554K;A570V;D614G;P621S;H655Y;N679K;P681R;N764K;D796Y;S939F;Q954H;N969K;K1086R;V1104L;P1143L|16MPLF17,64,53,KP.2,1,1,2024,5,13
EPI_ISL_19169616,T19I;R21T;L24-;P25-;P26-;A27S;H69-;V70-;V127F;G142D;Y145-;F157S;R158G;K182N;N211-;L212I;V213G;L216F;H245N;A264D;I332V;G339H;R346T;K356T;S371F;S373P;S375F;T376A;R403K;D405N;R408S;K417N;N440K;V445H;G446S;N450D;L452W;L455S;F456L;N460K;S477N;T478K;N481K;V483-;E484K;F486P;Q498R;N501Y;Y505H;E554K;A570V;D614G;P621S;H655Y;N679K;P681R;N764K;D796Y;S939F;Q954H;N969K;K1086R;V1104L;P1143L|16MPLF17,64,53,KP.2,2,1,2024,5,13
EPI_ISL_19186092,T19I;R21T;L24-;P25-;P26-;A27S;S50L;H69-;V70-;V127F;G142D;Y145-;F157S;R158G;N211-;L212I;V213G;L216F;H245N;A264D;I332V;G339H;R346T;K356T;S371F;S373P;S375F;T376A;R403K;D405N;R408S;K417N;N440K;V445H;G446S;N450D;L452W;L455S;F456L;N460K;S477N;T478K;N481K;V483-;E484K;F486P;Q498R;N501Y;Y505H;E554K;A570V;D614G;P621S;H655Y;N679K;P681R;N764K;D796Y;S939F;Q954H;N969K;V1104L;I1114T;P1143L;Q1201K|16MPLF17,65,53,KP.2,4,1,2024,5,13
EPI_ISL_19174082,T19I;R21T;L24-;P25-;P26-;A27S;S31-;S50L;H69-;V70-;V127F;G142D;Y145-;H146Q;F157S;R158G;N211-;L212I;V213G;L216F;H245N;G261V;A264D;I332V;G339H;R346T;K356T;S371F;S373P;S375F;T376A;R403K;D405N;R408S;K417N;N440K;V445H;G446S;N450D;L452W;L455S;F456L;N460K;S477N;T478K;N481K;V483-;E484K;F486P;Q498R;N501Y;Y505H;E554K;A570V;D614G;P621S;H655Y;N679K;P681R;N764K;D796Y;S939F;Q954H;N969K;V1104L;P1143L|16MPLF17,66,53,KP.2,1,1,2024,5,13
EPI_ISL_19175947,T19I;R21T;L24-;P25-;P26-;A27S;S31-;S50L;A67V;H69-;V70-;V127F;G142D;Y145-;F157S;R158G;N211-;L212I;V213G;L216F;H245N;A264D;I332V;G339H;R346T;K356T;S371F;S373P;S375F;T376A;R403K;D405N;R408S;K417N;N440K;V445H;G446S;N450D;L452W;L455S;F456L;N460K;S477N;T478K;N481K;V483-;E484K;F486P;Q498R;N501Y;Y505H;E554K;A570V;D614G;P621S;H655Y;N679K;P681R;N764K;D796Y;S939F;Q954H;N969K;K1086R;V1104L;P1143L|16MPLF17,66,53,KP.2,1,1,2024,5,13
EPI_ISL_19164724,T19I;R21T;L24-;P25-;P26-;A27S;S50L;H69-;V70-;V127F;G142D;Y145-;F157S;R158G;N211-;L212I;V213G;L216F;H245N;A264D;I332V;G339H;R346T;K356T;S371F;S373P;S375F;T376A;R403K;D405N;R408S;K417N;N440K;V445H;G446S;N450D;L452W;L455S;F456L;N460K;S477N;T478K;N481K;V483-;E484K;F486P;Q498R;N501Y;Y505H;A570V;D614G;P621S;H655Y;N679R;P681R;N764K;D796Y;S939F;Q954H;N969K;K1086R;V1104L;P1143L|16MPLF17,63,53,KP.2,1,1,2024,5,13
EPI_ISL_19169295,T19I;R21T;L24-;P25-;P26-;A27S;S50L;H69-;V70-;V127F;G142D;Y145-;F157S;R158G;N211-;L212I;V213G;L216F;H245N;A264D;I332V;G339H;R346T;K356T;S371F;S373P;S375F;T376A;R403K;D405N;R408S;K417N;N440K;V445H;G446S;N450D;L452W;L455S;F456L;N460K;S477N;T478K;N481K;V483-;E484K;F486P;Q498R;N501Y;Y505H;A570V;D614G;P621S;H655Y;N679K;P681R;N764K;D796Y;S939F;Q954H;N969K;V1104L;P1143L|16MPLF17,62,53,KP.2,8,1,2024,5,13
EPI_ISL_19169304,T19I;R21T;L24-;P25-;P26-;A27S;S50L;H69-;V70-;V127F;G142D;Y145-;F157S;R158G;N211-;L212I;V213G;L216F;H245N;A264D;I332V;G339H;R346T;K356T;S371F;S373P;S375F;T376A;R403K;D405N;R408S;K417N;N440K;V445H;G446S;N450D;L452W;L455S;F456L;N460K;S477N;T478K;N481K;V483-;E484K;F486P;Q498R;N501Y;Y505H;E554K;A570V;D614G;P621S;H655Y;N679K;P681R;N764K;D796Y;S939F;Q954H;N969K;V1104L;P1143L;L1265I|16MPLF17,64,53,KP.2,1,1,2024,5,13
EPI_ISL_19169317,T19I;R21T;L24-;P25-;P26-;A27S;S31-;S50L;H69-;V70-;V127F;G142D;Y145-;F157S;R158G;K182N;N211-;L212I;V213G;L216F;H245N;A264D;I332V;G339H;R346T;K356T;S371F;S373P;S375F;T376A;R403K;D405N;R408S;K417N;N440K;V445H;G446S;N450D;L452W;L455S;F456L;N460K;S477N;T478K;N481K;V483-;E484K;F486P;Q498R;N501Y;Y505H;E554K;A570V;D614G;P621S;H655Y;N679K;P681R;N764K;D796Y;S939F;Q954H;N969K;K1086R;V1104L;P1143L|16MPLF17,66,53,KP.2,1,1,2024,5,14
EPI_ISL_19169293,T19I;R21T;L24-;P25-;P26-;A27S;S31-;S50L;H69-;V70-;V127F;G142D;Y145-;H146Q;F157S;R158G;N211-;L212I;V213G;L216F;H245N;A264D;I332V;G339H;R346T;K356T;S371F;S373P;S375F;T376A;R403K;D405N;R408S;K417N;N440K;V445H;G446S;N450D;L452W;L455S;F456L;N460K;S477N;T478K;N481K;V483-;E484K;F486P;Q498R;N501Y;Y505H;A570V;D614G;P621S;H655Y;N679K;P681R;N764K;D796Y;S939F;Q954H;N969K;V1104L;P1143L|16MPLF17,64,53,KP.2,2,2,2024,5,14
EPI_ISL_19182994,T19I;R21T;L24-;P25-;P26-;A27S;S50L;H69-;V70-;V127F;G142D;Y145-;F157S;R158G;N185D;N211-;L212I;V213G;L216F;H245N;A264D;I332V;N334K;G339H;R346T;K356T;S371F;S373P;S375F;T376A;R403K;D405N;R408S;K417N;N440K;V445H;G446S;N450D;L452W;L455S;F456L;N460K;S477N;T478K;N481K;V483-;E484K;F486P;Q498R;N501Y;Y505H;E554K;A570V;D614G;P621S;H655Y;N679K;P681R;N764K;D796Y;S939F;Q954H;N969K;V1104L;P1143L|16MPLF17,65,53,KP.2,1,1,2024,5,14
EPI_ISL_19162497,T19I;R21T;L24-;P25-;P26-;A27S;S50L;H69-;V70-;V127F;G142D;Y145-;F157S;R158G;N211-;L212I;V213G;L216F;H245N;A264D;I332V;G339H;R346T;K356T;S371F;S373P;S375F;T376A;R403K;D405N;R408S;K417N;N440K;V445H;G446S;N450D;L452W;L455S;F456L;N460K;S477N;T478K;N481K;V483-;E484K;F486P;Q498R;N501Y;Y505H;E554K;A570V;D614G;P621S;H655Y;N679K;P681R;N764K;P793S;D796Y;S939F;Q954H;N969K;V1104L;P1143L|16MPLF17,64,53,KP.2,5,4,2024,5,14
EPI_ISL_19158795,T19I;R21T;L24-;P25-;P26-;A27S;S50L;F59S;H69-;V70-;V127F;G142D;Y145-;F157S;R158G;N211-;L212I;V213G;L216F;H245N;A264D;I332V;G339H;R346T;K356T;S371F;S373P;S375F;T376A;R403K;D405N;R408S;K417N;N440K;V445H;G446S;N450D;L452W;L455S;F456L;N460K;S477N;T478K;N481K;V483-;E484K;F486P;Q498R;N501Y;Y505H;E554K;A570V;D614G;P621S;H655Y;N679K;P681R;N764K;D796Y;S939F;Q954H;N969K;K1086R;V1104L;P1143L|16MPLF17,65,53,KP.2,6,3,2024,5,14
EPI_ISL_19175733,T19I;R21T;L24-;P25-;P26-;A27S;S50L;H69-;V70-;V127F;G142D;Y145-;F157S;R158G;G181V;N211-;L212I;V213G;L216F;H245N;A264D;I332V;G339H;R346T;K356T;S371F;S373P;S375F;T376A;R403K;D405N;R408S;K417N;N440K;V445H;G446S;N450D;L452W;L455S;F456L;N460K;S477N;T478K;N481K;V483-;E484K;F486P;Q498R;N501Y;Y505H;E554K;A570V;D614G;P621S;H655Y;N679K;P681R;N764K;D796Y;S939F;Q954H;N969K;V1104L;P1143L|16MPLF17,64,53,KP.2,5,3,2024,5,14
EPI_ISL_19183203,T19I;R21T;L24-;P25-;P26-;A27S;S31-;S50L;H69-;V70-;V127F;G142D;Y145-;H146Q;F157S;R158G;G184V;N211-;L212I;V213G;L216F;H245N;A264D;I332V;G339H;R346T;K356T;S371F;S373P;S375F;T376A;R403K;D405N;R408S;K417N;N440K;V445H;G446S;N450D;L452W;L455S;F456L;N460K;S477N;T478K;N481K;V483-;E484K;F486P;Q498R;N501Y;Y505H;E554K;A570V;D614G;P621S;H655Y;N679K;P681R;N764K;D796Y;S939F;Q954H;N969K;V1104L;P1143L|16MPLF17,66,53,KP.2,3,3,2024,5,14
EPI_ISL_19162576,T19I;R21T;L24-;P25-;P26-;A27S;S31-;S50L;H69-;V70-;G72R;V127F;G142D;Y145-;H146Q;F157S;R158G;N211-;L212I;V213G;L216F;H245N;A264D;I332V;G339H;R346T;K356T;S371F;S373P;S375F;T376A;R403K;D405N;R408S;K417N;N440K;V445H;G446S;N450D;L452W;L455S;F456L;N460K;S477N;T478K;N481K;V483-;E484K;F486P;Q498R;N501Y;Y505H;E554K;A570V;D614G;P621S;H655Y;N679K;P681R;N764K;D796Y;S939F;Q954H;N969K;V1104L;P1143L|16MPLF17,66,53,KP.2,2,2,2024,5,14
EPI_ISL_19184052,"T19I;R21T;L24-;P25-;P26-;A27S;S31-;S50L;H69-;V70-;V127F;G142D;Y145-;H146Q;F157S;R158G;N211-;L212I;V213G;L216F;H245N;A264D;I332V;G339H;R346T;K356T;S371F;S373P;S375F;T376A;R403K;D405N;R408S;K417N;N440K;V445H;G446S;N450D;L452W;L455S;F456L;N460K;S477N;T478K;N481K;V483-;E484K;F486P;Q498R;N501Y;Y505H;K535T;E554K;A570V;D614G;P621S;H655Y;N679K;P681R;N764K;D796Y;S939F;Q954H;N969K;V1104L;P1143L|""""",66,53,KP.2,1,1,2024,5,14
EPI_ISL_19175961,T19I;R21T;L24-;P25-;P26-;A27S;S50L;H69-;V70-;V127F;G142D;Y145-;F157S;R158G;K182N;N211-;L212I;V213G;L216F;H245N;A264D;I332V;G339H;R346T;K356T;S371F;S373P;S375F;T376A;R403K;D405N;R408S;K417N;N440K;V445H;G446S;N450D;L452W;L455S;F456L;N460K;S477N;T478K;N481K;V483-;E484K;F486P;Q498R;N501Y;Y505H;E554K;A570V;T572I;D614G;P621S;H655Y;P681R;N764K;D796Y;S939F;Q954H;N969K;K1086R;V1104L;P1143L|16MPLF17,65,53,KP.2,1,1,2024,5,14
EPI_ISL_19175796,T19I;R21T;L24-;P25-;P26-;A27S;S31-;S50L;H69-;V70-;V127F;G142D;Y145-;H146Q;F157S;R158G;N211-;L212I;V213G;L216F;H245N;A264D;I332V;G339H;R346T;K356T;S371F;S373P;S375F;T376A;V382L;R403K;D405N;R408S;K417N;N440K;V445H;G446S;N450D;L452W;L455S;F456L;N460K;S477N;T478K;N481K;V483-;E484K;F486P;Q498R;N501Y;Y505H;E554K;A570V;D614G;P621S;H655Y;N679K;P681R;N764K;D796Y;S939F;Q954H;N969K;V1104L;P1143L|16MPLF17,66,53,KP.2,3,2,2024,5,14
EPI_ISL_19174935,N17M;L18F;T19I;R21T;L24-;P25-;P26-;A27S;S50L;H69-;V70-;V127F;G142D;Y145-;F157S;R158G;N211-;L212I;V213G;L216F;H245N;A264D;I332V;G339H;R346T;K356T;S371F;S373P;S375F;T376A;R403K;D405N;R408S;K417N;N440K;V445H;G446S;N450D;L452W;L455S;F456L;N460K;S477N;T478K;N481K;V483-;E484K;F486P;Q498R;N501Y;Y505H;E554K;A570V;D614G;P621S;H655Y;N679K;P681R;N764K;D796Y;S939F;Q954H;N969K;V1104L;P1143L|17PL18,65,53,KP.2,2,2,2024,5,14
EPI_ISL_19175821,T19I;R21T;L24-;P25-;P26-;A27S;S50L;H69-;V70-;V127F;G142D;Y145-;F157S;R158G;K182N;N211-;L212I;V213G;L216F;H245N;A264D;I332V;G339H;R346T;K356T;S371F;S373P;S375F;T376A;D405N;R408S;K417N;N440K;V445H;G446S;N450D;L452W;L455S;F456L;N460K;S477N;T478K;N481K;V483-;E484K;F486P;Q498R;N501Y;Y505H;E554K;A570V;D614G;P621S;H655Y;N679K;P681R;N764K;D796Y;S939F;Q954H;N969K;V1104L;P1143L|16MPLF17,63,53,KP.2,1,1,2024,5,14
EPI_ISL_19173635,T19I;R21T;L24-;P25-;P26-;A27S;S50L;H69-;V70-;V127F;G142D;H146-;F157S;R158G;N185-;F186I;N211-;L212I;V213G;L216F;H245N;A264D;I332V;G339H;R346T;K356T;S371F;S373P;S375F;T376A;R403K;D405N;R408S;K417N;N440K;V445H;G446S;N450D;L452W;L455S;F456L;N460K;S477N;T478K;N481K;V483-;E484K;F486P;Q498R;N501Y;Y505H;E554K;A570V;D614G;P621S;H655Y;N679K;P681R;N764K;D796Y;S939F;Q954H;N969K;K1086R;V1104L;P1143L|16MPLF17,66,53,KP.2,4,4,2024,5,14
EPI_ISL_19194415,T19I;R21T;L24-;P25-;P26-;A27S;S50L;H69-;V70-;V127F;G142D;Y145-;F157S;R158G;N211-;L212I;V213G;L216F;H245N;G252D;A264D;I332V;G339H;R346T;K356T;S371F;S373P;S375F;T376A;R403K;D405N;R408S;K417N;N440K;V445H;G446S;N450D;L452W;L455S;F456L;N460K;S477N;T478K;N481K;V483-;E484K;F486P;Q498R;N501Y;Y505H;E554K;A570V;D614G;P621S;H655Y;N679K;P681R;N764K;D796Y;S939F;Q954H;N969K;K1086R;V1104L;P1143L|16MPLF17,65,53,KP.2,1,1,2024,5,14
EPI_ISL_19173592,T19I;R21T;L24-;P25-;P26-;A27S;S31-;S50L;H69-;V70-;V127F;G142D;Y145-;H146Q;F157S;R158G;N211-;L212I;V213G;L216F;H245N;R246K;A264D;I332V;G339H;R346T;K356T;S371F;A372V;S373P;S375F;T376A;R403K;D405N;R408S;K417N;N440K;V445H;G446S;N450D;L452W;L455S;F456L;N460K;S477N;T478K;N481K;V483-;E484K;F486P;Q498R;N501Y;Y505H;E554K;A570V;D614G;P621S;H655Y;N679K;P681R;N764K;D796Y;S939F;Q954H;N969K;V1104L;P1143L|16MPLF17,67,53,KP.2,1,1,2024,5,14
EPI_ISL_19158794,T19I;R21T;L24-;P25-;P26-;A27S;S31-;S50L;H69-;V70-;V127F;G142D;Y145-;H146Q;F157S;R158G;N211-;L212I;V213G;L216F;H245N;A264D;I332V;G339H;R346T;K356T;S371F;S373P;S375F;T376A;R403K;D405N;R408S;K417N;N440K;V445H;G446S;N450D;L452W;L455S;F456L;N460K;S477N;T478R;N481K;V483-;E484K;F486P;Q498R;N501Y;Y505H;E554K;A570V;D614G;P621S;H655Y;N679K;P681R;N764K;D796Y;S939F;Q954H;N969K;V1104L;P1143L|16MPLF17,65,53,KP.2,1,1,2024,5,14
EPI_ISL_19187199,T19I;R21T;L24-;P25-;P26-;A27S;S31-;S50L;H69-;V70-;V127F;G142D;Y145-;H146Q;E156Q;F157S;R158G;N211-;L212I;V213G;L216F;H245N;A264D;I332V;G339H;R346T;K356T;S371F;S373P;S375F;T376A;R403K;D405N;R408S;K417N;N440K;V445H;G446S;N450D;L452W;L455S;F456L;N460K;S477N;T478K;N481K;V483-;E484K;F486P;Q498R;N501Y;Y505H;E554K;A570V;D614G;P621S;H655Y;N679K;P681R;N764K;D796Y;S939F;Q954H;N969K;V1104L;P1143L|16MPLF17,66,53,KP.2,1,1,2024,5,15
EPI_ISL_19188453,"T19I;R21T;L24-;P25-;P26-;A27S;S50L;H69-;V70-;V127F;G142D;Y145-;H146Q;F157S;R158G;N211-;L212I;V213G;L216F;H245N;A264D;I332V;G339H;R346T;K356T;S371F;S373P;S375F;T376A;R403K;D405N;R408S;K417N;N440K;V445H;G446S;N450D;L452W;L455S;F456L;N460K;S477N;T478K;N481K;V483-;E484K;F486P;Q498R;N501Y;Y505H;E554K;A570V;T572I;D614G;P621S;H655Y;N679K;P681R;N764K;D796Y;S939F;Q954H;N969K;V1104L;P1143L|""""",65,53,KP.2,4,4,2024,5,15
EPI_ISL_19188066,T19I;R21T;L24-;P25-;P26-;A27S;S50L;H69-;V70-;V127F;G142D;Y145H;H146-;K147-;N148-;F157S;R158G;N211-;L212I;V213G;L216F;H245N;A264D;I332V;G339H;R346T;K356T;S371F;S373P;S375F;T376A;R403K;D405N;R408S;K417N;N440K;V445H;G446S;N450D;L452W;L455S;F456L;N460K;S477N;T478K;N481K;V483-;E484K;F486P;Q498R;N501Y;Y505H;E554K;A570V;D614G;P621S;H655Y;N679K;P681R;N764K;D796Y;S939F;Q954H;N969K;V1104L;P1143L|16MPLF17,66,53,KP.2,1,1,2024,5,15
EPI_ISL_19173647,T19I;R21T;L24-;P25-;P26-;A27S;S31P;S50L;H69-;V70-;V127F;G142D;Y145-;F157S;R158G;K182N;N211-;L212I;V213G;L216F;H245N;A264D;I332V;G339H;R346T;K356T;S371F;S373P;S375F;T376A;R403K;D405N;R408S;K417N;N440K;V445H;G446S;N450D;L452W;L455S;F456L;N460K;S477N;T478K;N481K;V483-;E484K;F486P;Q498R;N501Y;Y505H;E554K;A570V;D614G;P621S;H655Y;N679K;P681R;T732I;N764K;D796Y;S939F;Q954H;N969K;K1086R;V1104L;P1143L|16MPLF17,67,53,KP.2,1,1,2024,5,15
EPI_ISL_19194870,"T19I;R21T;L24-;P25-;P26-;A27S;S31-;S50L;H69-;V70-;V127F;G142D;Y145-;H146Q;F157S;R158G;V213G;L216F;H245N;A264D;I332V;G339H;R346T;K356T;S371F;S373P;S375F;T376A;R403K;D405N;R408S;K417N;N440K;V445H;G446S;N450D;L452W;L455S;F456L;N460K;S477N;T478K;N481K;V483-;E484K;F486P;Q498R;N501Y;Y505H;E554K;A570V;D614G;P621S;H655Y;N679K;P681R;N764K;D796Y;S939F;Q954H;N969K;V1104L;P1143L|""""",63,53,KP.2,1,1,2024,5,15
EPI_ISL_19173655,T19I;R21T;L24-;P25-;P26-;A27S;S50L;H69-;V70-;V127F;G142D;Y145-;F157S;R158G;K182N;N211-;L212I;V213G;L216F;H245N;A264D;I332V;G339H;R346T;K356T;S371F;S373P;S375F;T376A;R403K;D405N;R408S;K417N;N440K;V445H;G446S;N450D;L452W;L455S;F456L;N460K;S477N;T478K;N481K;V483-;E484K;F486P;Q498R;N501Y;Y505H;A522P;E554K;A570V;D614G;P621S;H655Y;N679K;P681R;N764K;D796Y;S939F;Q954H;N969K;K1086R;V1104L;P1143L|16MPLF17,66,53,KP.2,1,1,2024,5,15
EPI_ISL_19153543,T19I;R21T;L24-;P25-;P26-;A27S;S31-;S50L;H69-;V70-;V127F;G142D;Y145-;H146Q;F157S;R158G;N211-;L212I;V213G;L216F;H245N;A264D;I332V;G339H;R346T;K356T;S371F;S373P;S375F;T376A;R403K;D405N;R408S;K417N;N440K;V445H;G446S;N450D;L452W;L455S;F456L;N460K;S477N;T478K;N481K;V483-;E484K;F486P;Q498R;N501Y;Y505H;E554K;A570V;D614G;P621S;H655Y;N679R;P681R;N764K;D796Y;S939F;Q954H;N969K;V1104L;P1143L|16MPLF17,65,53,KP.2,14,14,2024,5,15
EPI_ISL_19186103,T19I;R21T;T22N;L24-;P25-;P26-;A27S;S50L;H69-;V70-;V127F;G142D;Y145-;F157S;R158G;N211-;L212I;V213G;L216F;H245N;A264D;I332V;G339H;R346T;K356T;S371F;S373P;S375F;T376A;R403K;D405N;R408S;K417N;N440K;V445H;G446S;N450D;L452W;L455S;F456L;N460K;S477N;T478K;N481K;V483-;E484K;F486P;Q498R;N501Y;Y505H;E554K;A570V;D614G;P621S;H655Y;N679K;P681R;N764K;D796Y;S939F;Q954H;N969K;K1086R;V1104L;P1143L|16MPLF17,65,53,KP.2,2,2,2024,5,15
EPI_ISL_19189861,T19I;R21T;L24-;P25-;P26-;A27S;S50L;F59L;H69-;V70-;V127F;G142D;Y145-;F157S;R158G;N211-;L212I;V213G;L216F;H245N;A264D;I332V;G339H;R346T;K356T;S371F;S373P;S375F;T376A;R403K;D405N;R408S;K417N;N440K;V445H;G446S;N450D;L452W;L455S;F456L;N460K;S477N;T478K;N481K;V483-;E484K;F486P;Q498R;N501Y;Y505H;E554K;A570V;D614G;P621S;H655Y;N679K;P681R;N764K;D796Y;S939F;Q954H;N969K;K1086R;V1104L;P1143L|16MPLF17,65,53,KP.2,1,1,2024,5,15
EPI_ISL_19182871,T19I;R21T;L24-;P25-;P26-;A27S;S50L;H69-;V70-;I100L;V127F;G142D;Y145-;F157S;R158G;K182N;N211-;L212I;V213G;L216F;H245N;A264D;I332V;G339H;R346T;K356T;S371F;S373P;S375F;T376A;R403K;D405N;R408S;K417N;N440K;V445H;G446S;N450D;L452W;L455S;F456L;N460K;S477N;T478K;N481K;V483-;E484K;F486P;Q498R;N501Y;Y505H;E554K;A570V;T572I;D614G;P621S;H655Y;N679K;P681R;N764K;D796Y;S939F;Q954H;N969K;K1086R;V1104L;P1143L|16MPLF17,67,53,KP.2,3,2,2024,5,15
EPI_ISL_19178119,T19I;R21T;L24-;P25-;P26-;A27S;S50L;H69-;V70-;V127F;G142D;Y145-;F157S;R158G;Q173E;N211-;L212I;V213G;L216F;H245N;A264D;I332V;G339H;R346T;K356T;S371F;S373P;S375F;T376A;R403K;D405N;R408S;K417N;N440K;V445H;G446S;N450D;L452W;L455S;F456L;N460K;S477N;T478K;N481K;V483-;E484K;F486P;Q498R;N501Y;Y505H;E554K;A570V;D614G;P621S;H655Y;N679K;P681R;N764K;D796Y;S939F;Q954H;N969K;V1104L;P1143L|16MPLF17,64,53,KP.2,4,3,2024,5,15
EPI_ISL_19169609,T19I;R21T;L24-;P25-;P26-;A27S;H69-;V70-;V127F;G142D;Y145-;F157S;R158G;Q173E;N211-;L212I;V213G;L216F;H245N;A264D;I332V;G339H;R346T;K356T;S371F;S373P;S375F;T376A;R403K;D405N;R408S;K417N;N440K;V445H;G446S;N450D;L452W;L455S;F456L;N460K;S477N;T478K;N481K;V483-;E484K;F486P;Q498R;N501Y;Y505H;E554K;A570V;D614G;P621S;H655Y;N679K;P681R;N764K;D796Y;S939F;Q954H;N969K;V1104L;P1143L|16MPLF17,63,53,KP.2,1,1,2024,5,15
EPI_ISL_19174840,T19I;R21T;L24-;P25-;P26-;A27S;S50L;H69-;V70-;V127F;G142D;Y145-;F157S;R158G;N211-;L212I;V213G;L216F;H245N;A264D;I332V;G339H;R346T;K356T;S371F;S373P;S375F;T376A;R403K;D405N;R408S;K417N;N440K;V445H;G446S;N450D;L452W;L455S;F456L;N460K;S477N;T478K;N481K;V483-;E484K;F486P;Q498R;N501Y;Y505H;E554K;A570V;D614G;P621S;H655Y;N679K;P681R;N764K;D796Y;S939F;Q954H;N969K;V1104L;P1143L;V1264L|16MPLF17,64,53,KP.2,4,1,2024,5,15
EPI_ISL_19173577,T19I;R21T;L24-;P25-;P26-;A27S;S31-;S50L;H69-;V70-;V127F;G142D;Y145-;H146Q;F157S;R158G;N211-;L212I;V213G;L216F;H245N;R246K;A264D;I332V;G339H;R346T;K356T;S371F;S373P;S375F;T376A;R403K;D405N;R408S;K417N;N440K;V445H;G446S;N450D;L452W;L455S;F456L;N460K;S477N;T478K;N481K;V483-;E484K;F486P;Q498R;N501Y;Y505H;E554K;A570V;D614G;P621S;H655Y;N679K;P681R;N764K;D796Y;S939F;Q954H;N969K;V1104L;P1143L|16MPLF17,66,53,KP.2,4,3,2024,5,15
EPI_ISL_19189921,T19I;R21T;L24-;P25-;P26-;A27S;S50L;F59L;H69-;V70-;V127F;G142D;Y145-;F157S;R158G;N211-;L212I;V213G;L216F;H245N;A264D;I332V;G339H;R346T;K356T;S371F;S373P;S375F;T376A;R403K;D405N;R408S;K417N;N440K;V445H;G446S;N450D;L452W;L455S;F456L;N460K;A475V;S477N;T478K;N481K;V483-;E484K;F486P;Q498R;N501Y;Y505H;E554K;A570V;D614G;P621S;H655Y;N679K;P681R;N764K;D796Y;S939F;Q954H;N969K;V1104L;P1143L;K1266R|16MPLF17,66,53,KP.2,1,1,2024,5,16
EPI_ISL_19168011,T19I;R21T;L24-;P25-;P26-;A27S;S50L;H69-;V70-;V127F;G142D;Y145-;F157S;R158G;K187R;N211G;L212-;V213-;L216F;H245N;A264D;I332V;G339H;R346T;K356T;S371F;S373P;S375F;T376A;R403K;D405N;R408S;K417N;N440K;V445H;G446S;N450D;L452W;L455S;F456L;N460K;S477N;T478K;N481K;V483-;E484K;F486P;Q498R;N501Y;Y505H;E554K;A570V;D614G;P621S;H655Y;N679K;P681R;N764K;D796Y;S939F;Q954H;N969K;V1104L;P1143L|16MPLF17,64,53,KP.2,4,2,2024,5,16
EPI_ISL_19190790,T19I;R21T;L24-;P25-;P26-;A27S;S50L;H69-;V70-;V127F;G142D;Y145-;F157S;R158G;N211-;L212I;V213G;L216F;H245N;A264D;I332V;G339H;R346T;K356T;S371F;S373P;S375F;T376A;R403K;D405N;R408S;K417N;N440K;V445H;G446S;N450D;L452W;L455S;F456L;N460K;S477N;T478K;N481K;V483-;E484K;F486P;Q498R;N501Y;Y505H;E554K;A570V;D614G;P621S;H655Y;N679K;P681R;N764K;D796Y;D936H;S939F;Q954H;N969K;V1104L;P1143L|16MPLF17,64,53,KP.2,1,1,2024,5,16
EPI_ISL_19182671,T19I;R21T;L24-;P25-;P26-;A27S;S31F;S50L;H69-;V70-;V127F;G142D;Y145-;F157S;R158G;N211-;L212I;V213G;L216F;H245N;A264D;I332V;G339H;R346T;K356T;S371F;S373P;S375F;T376A;R403K;D405N;R408S;K417N;N440K;V445H;G446S;N450D;L452W;L455S;F456L;N460K;S477N;T478K;N481K;V483-;E484K;F486P;Q498R;N501Y;Y505H;E554K;A570V;D614G;P621S;H655Y;N679K;P681R;T732I;N764K;D796Y;S939F;Q954H;N969K;V1104L;P1143L|16MPLF17,65,53,KP.2,2,2,2024,5,16
EPI_ISL_19181611,"T19I;R21T;S31-;S50L;H69-;V70-;V127F;G142D;Y145-;H146Q;F157S;R158G;N211-;L212I;V213G;L216F;H245N;A264D;I332V;G339H;R346T;K356T;S371F;S373P;S375F;T376A;R403K;D405N;R408S;K417N;N440K;V445H;G446S;N450D;L452W;L455S;F456L;N460K;S477N;T478K;N481K;F486P;Q498R;N501Y;Y505H;E554K;A570V;D614G;P621S;H655Y;N679K;P681R;N764K;D796Y;S939F;Q954H;N969K;V1104L;T1117I;P1143L|""""",60,53,KP.2,1,1,2024,5,16
EPI_ISL_19185987,T19I;R21T;L24-;P25-;P26-;A27S;S31-;S50L;H69-;V70-;V127F;G142D;Y145-;H146Q;F157S;R158G;N185T;N211-;L212I;V213G;L216F;H245N;A264D;I332V;G339H;R346T;K356T;S371F;S373P;S375F;T376A;R403K;D405N;R408S;K417N;N440K;V445H;G446S;N450D;L452W;L455S;F456L;N460K;S477N;T478K;N481K;V483-;E484K;F486P;Q498R;N501Y;Y505H;E554K;A570V;D614G;P621S;H655Y;N679K;P681R;N764K;D796Y;S939F;Q954H;N969K;V1104L;P1143L|16MPLF17,66,53,KP.2,2,1,2024,5,16
EPI_ISL_19185857,T19I;R21T;P25-;P26-;A27-;S50L;H69-;V70-;V127F;G142D;Y145-;F157S;R158G;N211-;L212I;V213G;L216F;H245N;A264D;I332V;G339H;R346T;K356T;S371F;S373P;S375F;T376A;R403K;D405N;R408S;K417N;N440K;V445H;G446S;N450D;L452W;L455S;F456L;N460K;S477N;T478K;N481K;V483-;E484K;F486P;Q498R;N501Y;Y505H;E554K;A570V;D614G;P621S;H655Y;N679K;P681R;N764K;D796Y;S939F;Q954H;N969K;K1086R;V1104L;P1143L|16MPLF17,63,53,KP.2,5,2,2024,5,17
EPI_ISL_19169322,T19I;R21T;L24-;P25-;P26-;A27S;S50L;H69-;V70-;V127F;G142D;H146-;F157S;R158G;N211-;L212I;V213G;L216F;H245N;A264D;I332V;G339H;R346T;K356T;S371F;S373P;S375F;T376A;R403K;D405N;K417N;N440K;V445H;G446S;N450D;L452W;L455S;F456L;N460K;S477N;T478K;N481K;V483-;E484K;F486P;Q498R;N501Y;Y505H;E554K;A570V;D614G;P621S;H655Y;N679K;P681R;N764K;D796Y;S939F;Q954H;N969K;V1104L;P1143L|16MPLF17,62,53,KP.2,1,1,2024,5,17
EPI_ISL_19169334,"T19I;R21T;L24-;P25-;P26-;A27S;S50L;L56V;H69-;V70-;V127F;G142D;Y145-;F157S;R158G;N211-;L212I;V213G;L216F;H245N;A264D;I332V;G339H;R346T;K356T;S371F;S373P;S375F;T376A;R403K;D405N;R408S;K417N;N440K;V445H;G446S;N450D;L452W;L455S;F456L;N460K;S477N;T478K;N481K;V483-;E484K;F486P;Q498R;N501Y;Y505H;A570V;D614G;P621S;H655Y;N679K;P681R;N764K;D796Y;S939F;Q954H;N969K;V1104L;P1143L|""""",63,53,KP.2,1,1,2024,5,17
EPI_ISL_19162589,T19I;R21T;L24-;P25-;P26-;A27S;S31-;S50L;H69-;V70-;V127F;G142D;Y145-;H146Q;F157S;R158G;N211-;L212I;V213G;L216F;H245N;A264D;I332V;G339H;R346T;K356T;S371F;S373P;S375F;T376A;R403K;D405N;R408S;K417N;N440K;V445H;G446S;N450D;L452W;L455S;F456L;N460K;N481K;V483-;E484K;F486P;Q498R;N501Y;Y505H;E554K;A570V;D614G;P621S;H655Y;N679K;P681R;N764K;D796Y;S939F;Q954H;N969K;V1104L;P1143L|16MPLF17,63,53,KP.2,1,1,2024,5,17
EPI_ISL_19183085,T19I;R21T;L24-;P25-;P26-;A27S;S31-;S50L;H69-;V70-;V127F;G142D;Y145-;F157S;R158G;N211-;L212I;V213G;L216F;H245N;A264D;I332V;G339H;R346T;K356T;S371F;S373P;S375F;T376A;R403K;D405N;R408S;K417N;N440K;V445H;G446S;N450D;L452W;L455S;F456L;N460K;S477N;T478K;N481K;V483-;E484K;F486P;Q498R;N501Y;Y505H;E554K;A570V;D614G;P621S;H655Y;N679K;P681H;N764K;D796Y;S939F;Q954H;N969K;K1086R;V1104L;P1143L;G1167R|16MPLF17,66,53,KP.2,1,1,2024,5,17
EPI_ISL_19191258,T19I;R21T;L24-;P25-;P26-;A27S;S50L;F59L;H69-;V70-;V127F;G142D;Y145-;F157S;R158G;N211-;L212I;V213G;L216F;H245N;A264D;I332V;G339H;R346T;K356T;S371F;S373P;S375F;T376A;R403K;D405N;R408S;K417N;N440K;V445H;G446S;N450D;L452W;L455S;F456L;N460K;S477N;T478E;N481K;V483-;E484K;F486P;Q498R;N501Y;Y505H;E554K;A570V;D614G;P621S;H655Y;N679K;P681R;N764K;D796Y;S939F;Q954H;N969K;V1104L;P1143L;K1266R|16MPLF17,65,53,KP.2,1,1,2024,5,17
EPI_ISL_19194906,"T19I;R21T;L24-;P25-;P26-;A27S;S50L;H69-;V70-;V127F;G142D;Y145-;F157S;R158G;K182N;V213G;L216F;H245N;A264D;I332V;G339H;R346T;K356T;S371F;S373P;S375F;T376A;D405N;R408S;K417N;N440K;V445H;G446S;N450D;L452W;L455S;F456L;N460K;S477N;T478K;N481K;V483-;E484K;F486P;Q498R;N501Y;Y505H;E554K;A570V;D614G;P621S;H655Y;N679K;P681R;N764K;D796Y;S939F;Q954H;N969K;K1086R;V1104L;P1143L|""""",62,53,KP.2,1,1,2024,5,17
EPI_ISL_19165487,T19I;R21T;L24-;P25-;P26-;A27S;S50L;H69-;V70-;P85S;V127F;G142D;H146-;F157S;R158G;N211-;L212I;V213G;L216F;H245N;A264D;I332V;G339H;R346T;K356T;S371F;S373P;S375F;T376A;R403K;D405N;R408S;K417N;N440K;V445H;G446S;N450D;L452W;L455S;F456L;N460K;S477N;T478K;N481K;V483-;E484K;F486P;Q498R;N501Y;Y505H;E554K;A570V;D614G;P621S;H655Y;N679K;P681R;N764K;D796Y;S939F;Q954H;N969K;V1104L;P1143L|16MPLF17,64,53,KP.2,1,1,2024,5,17
EPI_ISL_19165476,T19I;R21T;L24-;P25-;P26-;A27S;S50L;H69-;V70-;V127F;G142D;Y145-;F157S;R158G;K182N;N211-;L212I;V213G;L216F;H245N;A264D;I332V;G339H;R346T;K356T;S371F;S373P;S375F;T376A;R403K;D405N;R408S;K417N;N440K;V445H;G446S;N450D;L452W;L455S;F456L;N460K;S477N;T478K;N481K;V483-;E484K;F486P;Q498R;N501Y;Y505H;E554K;A570V;D614G;P621S;H655Y;P681R;N764K;D796Y;S939F;Q954H;N969K;K1086R;V1104L;P1143L|16MPLF17,64,53,KP.2,1,1,2024,5,17
EPI_ISL_19189355,T19I;R21T;L24-;P25-;P26-;A27S;S50L;H69-;V70-;V127F;G142D;Y145-;F157S;R158G;K187R;N211-;L212I;V213G;L216F;H245N;T259I;A264D;I332V;G339H;R346T;K356T;S371F;S373P;S375F;T376A;R403K;D405N;R408S;K417N;N440K;V445H;G446S;N450D;L452W;L455S;F456L;N460K;S477N;T478K;N481K;V483-;E484K;F486P;Q498R;N501Y;Y505H;E554K;A570V;D614G;P621S;H655Y;N679K;P681R;N764K;D796Y;S939F;Q954H;N969K;V1104L;P1143L|16MPLF17,65,53,KP.2,1,1,2024,5,17
EPI_ISL_19186209,T19I;R21T;L24-;P25-;P26-;A27S;S50L;H69-;V70-;V127F;G142D;Y145-;F157S;R158G;K182N;N211-;L212I;V213G;L216F;H245N;A264D;I332V;G339H;R346T;K356T;S371F;S373P;S375F;T376A;R403K;D405N;R408S;K417N;N440K;V445H;G446S;N450D;L452W;L455S;F456L;N460K;S477N;T478K;N481K;V483-;E484K;F486P;Q498R;N501Y;Y505H;E554K;A570V;D614G;P621S;H655Y;N679K;P681R;N764K;D796Y;S939F;Q954H;N969K;V1104L;P1143L|16MPLF17,64,53,KP.2,1,1,2024,5,17
EPI_ISL_19162588,L5F;T19I;R21T;L24-;P25-;P26-;A27S;S50L;H69-;V70-;V127F;G142D;Y145-;F157S;R158G;N211-;L212I;V213G;L216F;H245N;A264D;I332V;G339H;R346T;K356T;S371F;S373P;S375F;T376A;R403K;D405N;R408S;K417N;N440K;V445H;G446S;N450D;L452W;L455S;F456L;N460K;S477N;T478K;N481K;V483-;E484K;F486P;Q498R;N501Y;Y505H;E554K;A570V;D614G;P621S;H655Y;N679K;P681R;N764K;D796Y;S939F;Q954H;N969K;V1104L;P1143L;K1266R|16MPLF17,65,53,KP.2,2,2,2024,5,17
EPI_ISL_19193888,T19I;R21T;L24-;P25-;P26-;A27S;G35R;S50L;H69-;V70-;V127F;G142D;Y145-;F157S;R158G;K187R;N211-;L212I;V213G;L216F;H245N;A264D;I332V;G339H;R346T;K356T;S371F;S373P;S375F;T376A;R403K;D405N;R408S;K417N;N440K;V445H;G446S;N450D;L452W;L455S;F456L;N460K;S477N;T478K;N481K;V483-;E484K;F486P;Q498R;N501Y;Y505H;E554K;A570V;D614G;P621S;H655Y;N679K;P681R;N764K;D796Y;S939F;Q954H;N969K;V1104L;P1143L|16MPLF17,65,53,KP.2,2,1,2024,5,17
EPI_ISL_19188019,T19I;R21T;L24-;P25-;P26-;A27S;S50L;H69-;V70-;V127F;G142D;Y145-;F157S;R158G;N211-;L212I;V213G;L216F;H245N;A264D;I332V;G339H;R346T;K356T;S371F;S373P;S375F;T376A;R403K;D405N;R408S;K417N;N440K;V445H;G446S;N450D;L452W;L455S;F456L;N460K;S477N;T478K;N481K;V483-;E484K;F486P;Q498R;N501Y;Y505H;E554K;A570V;T572I;D614G;P621S;H655Y;N679K;P681R;N764K;D796Y;S939F;Q954H;N969K;V1104L;V1122A;P1143L;K1266R|16MPLF17,66,53,KP.2,1,1,2024,5,18
EPI_ISL_19188050,T19I;R21T;L24-;P25-;P26-;A27S;S50L;F59L;H69-;V70-;V127F;G142D;Y145-;F157S;R158G;N211-;L212I;V213G;L216F;H245N;A264D;I332V;G339H;R346T;K356T;S371F;S373P;S375F;T376A;R403K;D405N;R408S;K417N;N440K;V445H;G446S;N450D;L452W;L455S;F456L;N460K;S477N;T478K;N481K;V483-;E484K;F486P;Q498R;N501Y;Y505H;E554K;A570V;D614G;P621S;H655Y;N679K;P681R;N764K;D796Y;S939F;Q954H;N969K;V1104L;I1114V;P1143L;K1266R|16MPLF17,66,53,KP.2,1,1,2024,5,18
EPI_ISL_19191045,T19I;R21T;L24-;P25-;P26-;A27S;V36I;S50L;H69-;V70-;V127F;G142D;Y145-;F157S;R158G;K187R;N211-;L212I;V213G;L216F;H245N;A264D;I332V;G339H;R346T;K356T;S371F;S373P;S375F;T376A;R403K;D405N;R408S;K417N;N440K;V445H;G446S;N450D;L452W;L455S;F456L;N460K;S477N;T478K;N481K;V483-;E484K;F486P;Q498R;N501Y;Y505H;E554K;A570V;D614G;P621S;H655Y;N679K;P681R;E748Q;N764K;D796Y;S939F;Q954H;N969K;V1104L;P1143L|16MPLF17,66,53,KP.2,1,1,2024,5,18
EPI_ISL_19196537,S12F;T19I;R21T;L24-;P25-;P26-;A27S;S50L;F59L;H69-;V70-;V127F;G142D;Y145-;F157S;R158G;N211-;L212I;V213G;L216F;H245N;A264D;I332V;G339H;R346T;K356T;S371F;S373P;S375F;T376A;R403K;D405N;R408S;K417N;N440K;V445H;G446S;N450D;L452W;L455S;F456L;N460K;S477N;T478K;N481K;V483-;E484K;F486P;Q498R;N501Y;Y505H;E554K;A570V;D614G;P621S;H655Y;N679K;P681R;N764K;D796Y;S939F;Q954H;N969K;V1104L;P1143L;K1266R|16MPLF17,66,53,KP.2,1,1,2024,5,18
EPI_ISL_19169328,T19I;R21T;L24-;P25-;P26-;A27S;S31-;S50L;H69-;V70-;V127F;G142D;Y145-;M153I;F157S;R158G;N211-;L212I;V213G;L216F;H245N;A264D;I332V;G339H;R346T;K356T;S371F;S373P;S375F;T376A;R403K;D405N;R408S;K417N;N440K;V445H;G446S;N450D;L452W;L455S;F456L;N460K;S477N;T478K;N481K;V483-;E484K;F486P;Q498R;N501Y;Y505H;E554K;A570V;D614G;P621S;H655Y;N679K;P681R;N764K;D796Y;S939F;Q954H;N969K;K1086R;V1104L;P1143L|16MPLF17,66,53,KP.2,1,1,2024,5,18
EPI_ISL_19186965,T19I;R21T;L24-;P25-;P26-;A27S;S50L;H69-;V70-;V127F;G142D;Y145-;F157S;R158G;N211-;L212I;V213G;L216F;H245N;A264D;T284I;I332V;G339H;R346T;K356T;S371F;S373P;S375F;T376A;R403K;D405N;R408S;K417N;N440K;V445H;G446S;N450D;L452W;L455S;F456L;N460K;S477N;T478K;N481K;V483-;E484K;F486P;Q498R;N501Y;Y505H;E554K;A570V;D614G;P621S;H655Y;N679K;P681R;N764K;D796Y;S939F;Q954H;N969K;V1104L;P1143L|16MPLF17,64,53,KP.2,2,2,2024,5,18
EPI_ISL_19187998,T19I;R21T;L24-;P25-;P26-;A27S;S50L;H69-;V70-;V127F;G142D;Y145-;F157S;R158G;N211-;L212I;V213G;L216F;H245N;A264D;I332V;G339H;R346T;K356T;S371F;S373P;S375F;T376A;R403K;D405N;R408S;K417N;N440K;V445H;G446S;N450D;L452W;L455S;F456L;N460K;S477N;T478K;N481K;V483-;E484K;F486P;Q498R;N501Y;Y505H;E554K;A570V;D614G;P621S;H655Y;N679K;P681R;N764K;D796Y;A899S;S939F;Q954H;N969K;V1104L;P1143L|16MPLF17,64,53,KP.2,1,1,2024,5,19
EPI_ISL_19169324,T19I;R21T;L24-;P25-;P26-;A27S;S50L;H69-;V70-;V127F;G142D;Y145-;F157S;R158G;N211-;L212I;V213G;L216F;H245N;A264D;I332V;G339H;R346T;K356T;S371F;S373P;S375F;T376A;R403K;D405N;R408S;K417N;N440K;V445H;G446S;N450D;L452W;L455S;F456L;N460K;S477N;T478K;N481K;V483-;E484K;F486P;Q498R;N501Y;Y505H;E554K;A570V;D614G;P621S;H655Y;N679K;N764K;D796Y;S939F;Q954H;N969K;K1086R;V1104L;P1143L|16MPLF17,63,53,KP.2,1,1,2024,5,19
EPI_ISL_19185801,T19I;R21T;L24-;P25-;P26-;A27S;S31-;S50L;H69-;V70-;V127F;G142D;Y145-;H146Q;F157S;R158G;N211-;L212I;V213G;L216F;H245N;A264D;I332V;G339H;R346T;K356T;S371F;S373P;S375F;T376A;R403K;D405N;R408S;K417N;N440K;V445H;G446S;N450D;L452W;L455S;F456L;N460K;S477N;T478K;N481K;V483-;E484K;F486P;Q498R;N501Y;Y505H;E554K;A570V;D614G;P621S;H655Y;N679K;P681R;N764K;D796Y;S939F;Q954H;N969K;V1104L|16MPLF17,64,53,KP.2,1,1,2024,5,19
EPI_ISL_19184826,T19I;R21T;L24-;P25-;P26-;A27S;S50L;H69-;V70-;V127F;G142D;Y145-;F157S;R158G;N211-;L212I;V213G;L216F;H245N;A264D;I332V;G339H;R346T;K356T;S371F;S373P;S375F;T376A;R403K;D405N;R408S;K417N;N440K;V445H;G446S;N450D;L452W;L455S;F456L;N460K;S477N;T478K;N481K;V483-;E484K;F486P;Q498R;N501Y;Y505H;E554K;A570V;D614G;P621S;H655Y;N679K;P681R;S704T;N764K;D796Y;S939F;Q954H;N969K;V1104L;P1143L|16MPLF17,64,53,KP.2,1,1,2024,5,19
EPI_ISL_19169330,T19I;R21T;L24-;P25-;P26-;A27S;S50L;H69-;V70-;V127F;G142D;Y145-;F157S;R158G;F186S;N211-;L212I;V213G;L216F;H245N;A264D;I332V;G339H;R346T;K356T;S371F;S373P;S375F;T376A;R403K;D405N;R408S;K417N;N440K;V445H;G446S;N450D;L452W;L455S;F456L;N460K;S477N;T478K;N481K;V483-;E484K;F486P;Q498R;N501Y;Y505H;E554K;A570V;D614G;P621S;H655Y;N679K;P681R;N764K;D796Y;S939F;Q954H;N969K;V1104L;P1143L|16MPLF17,64,53,KP.2,1,1,2024,5,19
EPI_ISL_19178310,T19I;R21T;L24-;P25-;P26-;A27S;S31-;S50L;H69-;V70-;V127F;G142D;Y145-;F157S;R158G;N211-;L212I;V213G;L216F;H245N;A264D;I332V;G339H;R346T;K356T;S371F;S373P;S375F;T376A;R403K;D405N;R408S;K417N;N440K;V445H;G446S;N450D;L452W;L455S;F456L;N460K;S477N;T478K;N481K;V483-;E484K;F486P;Q498R;N501Y;Y505H;E554K;A570V;D614G;P621S;H655Y;N679K;P681R;S704L;N764K;D796Y;S939F;Q954H;N969K;V1104L;P1143L|16MPLF17,65,53,KP.2,3,3,2024,5,19
EPI_ISL_19169325,T19I;R21T;L24-;P25-;P26-;A27S;S50L;H69-;V70-;V127F;G142D;Y145-;F157S;R158G;F186S;N211-;L212I;V213G;L216F;H245N;A264D;I332V;G339H;R346T;K356T;S371F;S373P;S375F;T376A;R403K;D405N;K417N;N440K;V445H;G446S;N450D;L452W;L455S;F456L;N460K;S477N;T478K;N481K;V483-;E484K;F486P;Q498R;N501Y;Y505H;E554K;A570V;D614G;P621S;H655Y;N679K;P681R;N764K;D796Y;S939F;Q954H;N969K;V1104L;P1143L|16MPLF17,63,53,KP.2,1,1,2024,5,19
EPI_ISL_19175787,T19I;R21T;L24-;P25-;P26-;A27S;S50L;H69-;V70-;I100L;V127F;G142D;Y145-;F157S;R158G;K182N;F192I;N211-;L212I;V213G;L216F;H245N;A264D;I332V;G339H;R346T;K356T;S371F;S373P;S375F;T376A;R403K;D405N;R408S;K417N;N440K;V445H;G446S;N450D;L452W;L455S;F456L;N460K;S477N;T478K;N481K;V483-;E484K;F486P;Q498R;N501Y;Y505H;E554K;A570V;T572I;D614G;P621S;H655Y;N679K;P681R;N764K;D796Y;S939F;Q954H;N969K;K1086R;V1104L;P1143L|16MPLF17,68,53,KP.2,1,1,2024,5,19
EPI_ISL_19176434,T19I;R21T;L24-;P25-;P26-;A27S;S50L;H69-;V70-;V127F;G142D;Y145-;F157S;R158G;N185-;F186I;N211-;L212I;L216F;H245N;A264D;I332V;G339H;R346T;K356T;S371F;S373P;S375F;T376A;R403K;D405N;R408S;K417N;N440K;V445H;G446S;N450D;L452W;L455S;F456L;N460K;S477N;T478K;N481K;V483-;E484K;F486P;Q498R;N501Y;Y505H;E554K;A570V;D614G;P621S;H655Y;N679K;P681R;N764K;D796Y;S939F;Q954H;N969K;K1086R;V1104L;P1143L|16MPLF17,65,53,KP.2,1,1,2024,5,19
EPI_ISL_19164467,T19I;R21T;L24-;P25-;P26-;A27S;S50L;H69-;V70-;V127F;G142D;Y145-;F157S;R158G;K182N;N211-;L212I;V213G;L216F;H245N;A264D;I332V;G339H;R346T;K356T;S371F;S373P;S375F;T376A;R403K;D405N;K417N;N440K;V445H;G446S;N450D;L452W;L455S;F456L;N460K;S477N;T478K;N481K;V483-;E484K;F486P;Q498R;N501Y;Y505H;A570V;D614G;P621S;H655Y;N679K;P681R;N764K;D796Y;S939F;Q954H;N969K;K1086R;V1104L;P1143L|16MPLF17,63,53,KP.2,1,1,2024,5,20
EPI_ISL_19168027,T19I;R21T;L24-;P25-;P26-;A27S;S31-;S50L;H69-;V70-;V127F;G142D;Y145-;F157S;R158G;N211-;L212I;V213G;L216F;H245N;A264D;I332V;G339H;R346T;K356T;S371F;S373P;S375F;T376A;R403K;D405N;R408S;K417N;N440K;V445H;G446S;N450D;L452W;L455S;F456L;N460K;S477N;T478K;N481K;V483-;E484K;F486P;Q498R;N501Y;Y505H;E554K;A570V;D614G;P621S;H655Y;N679K;P681R;A688V;N764K;D796Y;S939F;Q954H;N969K;K1086R;V1104L;P1143L|16MPLF17,66,53,KP.2,1,1,2024,5,20
EPI_ISL_19190599,"S50L;H69-;V70-;V127F;G142D;Y145-;F157S;R158G;K182N;N211-;L212I;V213G;L216F;H245N;A264D;I332V;G339H;R346T;K356T;S371F;S373P;S375F;T376A;R403K;D405N;R408S;K417N;N440K;V445H;G446S;N450D;L452W;L455S;F456L;N460K;S477N;T478K;N481K;V483-;E484K;F486P;Q498R;N501Y;Y505H;E554K;A570V;D614G;P621S;H655Y;N679K;P681R;N764K;D796Y;S939F;Q954H;N969K;K1086R;V1104L;P1143L|""""",59,53,KP.2,1,1,2024,5,20
EPI_ISL_19168035,T19I;R21T;L24-;P25-;P26-;A27P;S50L;L56V;H69-;V70-;V127F;G142D;Y145-;F157S;R158G;K182N;N211-;L212I;V213G;L216F;H245N;A264D;I332V;G339H;R346T;K356T;S371F;S373P;S375F;T376A;R403K;D405N;R408S;K417N;N440K;V445H;G446S;N450D;L452W;L455S;F456L;N460K;S477N;T478K;N481K;V483-;E484K;F486P;Q498R;N501Y;Y505H;E554K;A570V;D614G;P621S;H655Y;N679K;P681R;N764K;D796Y;S939F;Q954H;N969K;K1086R;V1104L;P1143L|16MPLF17,66,53,KP.2,1,1,2024,5,20
EPI_ISL_19188448,"T19I;R21T;L24-;P25-;P26-;A27S;S50L;F59S;H69-;V70-;V127F;G142D;Y145-;F157S;R158G;N211-;L212I;V213G;L216F;H245N;A264D;I332V;G339H;R346T;K356T;S371F;S373P;S375F;T376A;R403K;D405N;R408S;K417N;N440K;V445H;G446S;N450D;L452W;L455S;F456L;N460K;S477N;T478K;N481K;V483-;E484K;F486P;Q498R;N501Y;Y505H;E554K;A570V;D614G;P621S;H655Y;N679K;P681R;N764K;D796Y;S939F;Q954H;N969K;K1086R;V1104L;P1143L|""""",65,53,KP.2,1,1,2024,5,20
EPI_ISL_19176956,T19I;R21T;L24-;P25-;P26-;A27S;S50L;H69-;V70-;V127F;G142D;Y145-;F157S;R158G;N211-;L212I;V213G;L216F;H245N;A264D;I332V;G339H;E340Q;R346T;K356T;S371F;S373P;S375F;T376A;R403K;D405N;R408S;K417N;N440K;V445H;G446S;N450D;L452W;L455S;F456L;N460K;S477N;T478K;N481K;V483-;E484K;F486P;Q498R;N501Y;Y505H;E554K;A570V;D614G;P621S;H655Y;N679K;P681R;N764K;D796Y;S939F;Q954H;N969K;V1104L;P1143L|16MPLF17,64,53,KP.2,1,1,2024,5,20
EPI_ISL_19187640,"T19I;R21T;L24-;P25-;P26-;A27S;S50L;H69-;V70-;V127F;G142D;Y145-;H146Q;F157S;R158G;N211-;L212I;V213G;L216F;H245N;A264D;I332V;G339H;R346T;K356T;S371F;S373P;S375F;T376A;R403K;D405N;R408S;K417N;N440K;V445H;G446S;N450D;L452W;L455S;F456L;N460K;S477N;T478K;N481K;V483-;E484K;F486P;Q498R;N501Y;Y505H;E554K;A570V;D614G;P621S;H655Y;N679K;P681R;N764K;D796Y;S939F;Q954H;N969K;V1104L;P1143L|""""",64,53,KP.2,1,1,2024,5,20
EPI_ISL_19175506,T19I;R21T;L24-;P25-;P26-;A27S;S50L;H69-;V70-;V127F;G142D;Y145-;F157S;R158G;N211-;L212I;V213G;L216F;H245N;A264D;I332V;G339H;R346T;K356T;S371F;S373P;S375F;T376A;D405N;R408S;K417N;N440K;V445H;G446S;N450D;L452W;L455S;F456L;N460K;S477N;T478K;N481K;V483-;E484K;F486P;Q498R;N501Y;Y505H;E554K;A570V;D614G;P621S;H655Y;N679K;P681R;N764K;D796Y;S939F;Q954H;N969K;V1104L;P1143L|16MPLF17,62,53,KP.2,1,1,2024,5,20
EPI_ISL_19183651,"L5F;T19I;R21T;L24-;P25-;P26-;A27S;S31-;S50L;H69-;V70-;V127F;G142D;Y145-;H146Q;F157S;R158G;N211-;L212I;V213G;L216F;H245N;A264D;I332V;G339H;R346T;K356T;S371F;S373P;S375F;T376A;R403K;D405N;R408S;K417N;N440K;V445H;G446S;N450D;L452W;L455S;F456L;N460K;S477N;T478K;N481K;V483-;E484K;F486P;Q498R;N501Y;Y505H;E554K;A570V;D614G;P621S;H655Y;N679K;P681R;N764K;D796Y;S939F;Q954H;N969K;V1104L;P1143L|""""",66,53,KP.2,1,1,2024,5,20
EPI_ISL_19182923,T19I;R21T;L24-;P25-;P26-;A27S;S50L;H69-;V70-;V127F;G142D;Y145-;F157S;R158G;N211-;L212I;V213G;L216F;H245N;A264D;I332V;G339H;R346T;K356T;S371F;S373P;S375F;T376A;R403K;D405N;R408S;K417N;N440K;L441V;V445H;G446S;N450D;L452W;L455S;F456L;N460K;S477N;T478K;N481K;V483-;E484K;F486P;Q498R;N501Y;Y505H;E554K;A570V;D614G;P621S;H655Y;N679K;P681R;N764K;D796Y;A879T;S939F;Q954H;N969K;V1104L;P1143L|16MPLF17,65,53,KP.2,1,1,2024,5,21
EPI_ISL_19185629,"T19I;R21T;L24-;P25-;P26-;A27S;S50L;H69-;V70-;T95I;V127F;G142D;Y145-;F157S;R158G;N211-;L212I;V213G;L216F;H245N;A264D;I332V;G339H;R346T;K356T;S371F;S373P;S375F;T376A;R403K;D405N;R408S;K417N;N440K;V445H;G446S;N450D;L452W;L455S;F456L;N460K;S477N;T478K;N481K;V483-;E484K;F486P;Q498R;N501Y;Y505H;E554K;A570V;D614G;P621S;H655Y;N679K;P681R;N764K;D796Y;S939F;Q954H;N969K;V1104L;P1143L|""""",64,53,KP.2,1,1,2024,5,21
EPI_ISL_19185686,T19I;R21T;L24-;P25-;P26-;A27S;S31-;S50L;H69-;V70-;V127F;G142D;Y145-;H146Q;F157S;R158G;N211-;L212I;V213G;L216F;H245N;A264D;I332V;G339H;R346T;K356T;S371F;S373P;S375F;T376A;R403K;D405N;R408S;K417N;N440K;V445H;G446S;N450D;L452W;L455S;F456L;N460K;S477N;T478K;N481K;V483-;E484K;F486P;Q498R;N501Y;Y505H;E554K;A570V;D614G;P621S;V642F;H655Y;N679K;P681R;N764K;D796Y;S939F;Q954H;N969K;V1104L;P1143L|16MPLF17,66,53,KP.2,1,1,2024,5,21
EPI_ISL_19184817,T19I;R21T;L24-;P25-;P26-;A27S;S31-;S50L;H69-;V70-;V127F;P139T;G142D;Y145-;H146Q;F157S;R158G;N211-;L212I;V213G;L216F;H245N;A264D;I332V;G339H;R346T;K356T;S371F;S373P;S375F;T376A;R403K;D405N;R408S;K417N;N440K;V445H;G446S;N450D;L452W;L455S;F456L;N460K;S477N;T478K;N481K;V483-;E484K;F486P;Q498R;N501Y;Y505H;E554K;A570V;D614G;P621S;H655Y;N679K;P681R;N764K;D796Y;S939F;Q954H;N969K;V1104L;P1143L|16MPLF17,66,53,KP.2,2,2,2024,5,21
EPI_ISL_19165019,T19I;R21T;L24-;P25-;P26-;A27S;S31-;S50L;H69-;V70-;V127F;G142D;Y145-;F157S;R158G;N211-;L212I;V213G;L216F;H245N;A264D;I332V;G339H;R346T;K356T;S371F;S373P;S375F;T376A;R403K;D405N;R408S;K417N;N440K;V445H;G446S;N450D;L452W;L455S;F456L;N460K;S477N;T478K;N481K;V483-;E484K;F486P;Q498R;N501Y;Y505H;E554K;A570V;T572I;D614G;P621S;H655Y;N679K;P681R;N764K;D796Y;S939F;Q954H;N969K;K1086R;V1104L;P1143L|16MPLF17,66,53,KP.2,2,1,2024,5,21
EPI_ISL_19194490,"T19I;R21T;L24-;P25-;P26-;A27S;S31-;S50L;H69-;V70-;V127F;G142D;Y145-;H146Q;F157S;R158G;N211-;L212I;V213G;L216F;H245N;A264D;I332V;G339H;R346T;K356T;S371F;S373P;S375F;T376A;R403K;D405N;R408S;K417N;N440K;V445H;G446S;N450D;L452W;L455S;F456L;N460K;S477N;T478K;N481K;V483-;E484K;F486P;Q498R;N501Y;Y505H;E554K;A570V;D614G;P621S;H655Y;Q677H;N679K;P681R;N764K;D796Y;S939F;Q954H;N969K;V1104L;P1143L|""""",66,53,KP.2,1,1,2024,5,21
EPI_ISL_19165590,T19I;R21T;L24-;P25-;P26-;A27S;S31-;S50L;H69-;V70-;V127F;G142D;Y145-;F157S;R158G;N211-;L212I;V213G;L216F;H245N;A264D;I332V;G339H;R346T;K356T;S371F;S373P;S375F;T376A;R403K;D405N;R408S;K417N;N440K;V445H;G446S;N450D;L452W;L455S;F456L;N460K;S477N;T478K;N481K;V483-;E484K;F486P;Q498R;N501Y;Y505H;E554K;A570V;D614G;P621S;H655Y;I670M;N679K;P681R;N764K;D796Y;S939F;Q954H;N969K;K1086R;V1104L;P1143L|16MPLF17,66,53,KP.2,1,1,2024,5,21
EPI_ISL_19189931,T19I;R21T;L24-;P25-;P26-;A27S;S50L;F59L;H69-;V70-;V127F;G142D;Y145-;F157S;R158G;N211-;L212I;V213G;L216F;H245N;A264D;I332V;G339H;R346T;K356T;S371F;S373P;S375F;T376A;R403K;D405N;R408S;K417N;N440K;V445H;G446S;N450D;L452W;L455S;F456L;N460K;S477N;T478K;N481K;V483-;E484K;F486P;Q498R;N501Y;Y505H;E554K;A570V;D614G;P621S;H655Y;N679K;P681R;N764K;D796Y;L822F;S939F;Q954H;N969K;V1104L;P1143L;K1266R|16MPLF17,66,53,KP.2,1,1,2024,5,21
EPI_ISL_19189907,T19I;R21T;T22N;L24-;P25-;P26-;A27S;S31-;S50L;H69-;V70-;V127F;G142D;Y145-;H146Q;F157S;R158G;N211-;L212I;V213G;L216F;H245N;A264D;I332V;G339H;R346T;K356T;S371F;S373P;S375F;T376A;R403K;D405N;R408S;K417N;N440K;V445H;G446S;N450D;L452W;L455S;F456L;N460K;S477N;T478K;N481K;V483-;E484K;F486P;Q498R;N501Y;Y505H;E554K;A570V;D614G;P621S;H655Y;N679K;P681R;N764K;D796Y;S939F;Q954H;N969K;V1104L;P1143L|16MPLF17,66,53,KP.2,2,2,2024,5,21
EPI_ISL_19189899,T19I;R21T;L24-;P25-;P26-;A27S;S31-;S50L;H69-;V70-;V127F;G142D;Y145-;H146Q;F157S;R158G;N211-;L212I;V213G;L216F;H245N;A264D;I332V;G339H;R346T;K356T;S371F;S373P;S375F;T376A;R403K;D405N;R408S;K417N;N440K;V445H;G446S;N450D;L452W;L455S;F456L;N460K;S477N;T478K;N481K;V483-;E484K;F486P;Q498R;N501Y;Y505H;E554K;A570V;D614G;P621S;H655Y;N679K;P681R;N764K;D796Y;S939F;A942V;Q954H;N969K;V1104L;P1143L|16MPLF17,66,53,KP.2,1,1,2024,5,21
EPI_ISL_19181713,T19I;R21T;L24-;P25-;P26-;A27S;S50L;H69-;V70-;V127F;G142D;Y145-;F157S;R158G;N211-;L212I;V213G;L216F;H245N;A264D;I332V;G339H;R346T;K356T;S371F;S373P;S375F;T376A;R403K;D405N;R408S;K417N;N440K;V445H;G446S;N450D;L452W;L455S;F456L;N460K;S477N;T478K;N481K;F486P;Q498R;N501Y;Y505H;E554K;A570V;D614G;P621S;H655Y;N679K;P681R;N764K;D796Y;S939F;Q954H;N969K;K1086R;V1104L;P1143L|16MPLF17,62,53,KP.2,2,1,2024,5,21
EPI_ISL_19186724,T19I;R21T;L24-;P25-;P26-;A27S;S50L;H69-;V70-;V127F;G142D;Y145-;H146Q;F157S;R158G;N211-;L212I;V213G;L216F;H245N;A264D;I332V;G339H;R346T;K356T;S371F;S373P;S375F;T376A;R403K;D405N;R408S;K417N;N440K;V445H;G446S;N450D;L452W;L455S;F456L;N460K;S477N;T478K;N481K;V483-;E484K;F486P;Q498R;N501Y;Y505H;E554K;A570V;T572I;D614G;P621S;H655Y;N679K;P681R;N764K;D796Y;S939F;Q954H;N969K;V1104L;P1143L|16MPLF17,65,53,KP.2,4,3,2024,5,22
EPI_ISL_19183305,T19I;R21T;L24-;P25-;P26-;A27S;S50L;H69-;V70-;V127F;G142D;Y145-;F157S;R158G;N211-;L212I;V213G;L216F;H245N;A264D;I332V;G339H;R346T;K356T;S371F;S373P;S375F;T376A;R403K;D405N;R408S;K417N;N440K;V445H;G446S;N450D;L452W;L455S;F456L;N460K;S477N;T478K;N481K;V483-;E484K;F486P;Q498R;N501Y;Y505H;E554K;A570V;D614G;P621S;H655Y;N679K;P681R;N764K;D796Y;A831V;S939F;Q954H;N969K;V1104L;P1143L|16MPLF17,64,53,KP.2,1,1,2024,5,22
EPI_ISL_19164454,T19I;R21T;L24-;P25-;P26-;A27S;S31-;S50L;H69-;V70-;V90F;V127F;G142D;Y145-;H146Q;F157S;R158G;N211-;L212I;V213G;L216F;H245N;A264D;I332V;G339H;R346T;K356T;S371F;S373P;S375F;T376A;R403K;D405N;R408S;K417N;N440K;V445H;G446S;N450D;L452W;L455S;F456L;N460K;S477N;T478K;N481K;V483-;E484K;F486P;Q498R;N501Y;Y505H;E554K;A570V;D614G;P621S;H655Y;N679K;P681R;N764K;D796Y;S939F;Q954H;N969K;V1104L;P1143L|16MPLF17,66,53,KP.2,1,1,2024,5,22
EPI_ISL_19184987,T19I;R21T;L24-;P25-;P26-;A27S;S50L;H69-;V70-;V127F;G142D;Y145-;F157S;R158G;N211-;L212I;V213G;L216F;H245N;A264D;I332V;G339H;R346T;K356T;S371F;S373P;S375F;T376A;R403K;D405N;R408S;K417N;N440K;V445H;G446S;N450D;L452W;L455S;F456L;N460K;A475V;S477N;T478K;N481K;V483-;E484K;F486P;Q498R;N501Y;Y505H;E554K;A570V;D614G;P621S;H655Y;P681R;N764K;D796Y;S939F;Q954H;N969K;V1104L;P1143L|16MPLF17,63,53,KP.2,1,1,2024,5,22
EPI_ISL_19192992,T19I;R21T;L24-;P25-;P26-;A27S;S50L;H69-;V70-;V127F;G142D;Y145-;F157S;R158G;K182R;N211-;L212I;V213G;L216F;H245N;A264D;I332V;G339H;R346T;K356T;S371F;S373P;S375F;T376A;R403K;D405N;R408S;K417N;N440K;V445H;G446S;N450D;L452W;L455S;F456L;N460K;S477N;T478K;N481K;V483-;E484K;F486P;Q498R;N501Y;Y505H;E554K;A570V;D614G;P621S;H655Y;N679K;P681R;N764K;D796Y;A892V;S939F;Q954H;N969K;V1104L;P1143L|16MPLF17,65,53,KP.2,1,1,2024,5,22
EPI_ISL_19191315,T19I;R21T;L24-;P25-;P26-;A27P;S50L;H69-;V70-;V127F;G142D;Y145-;F157S;R158G;N211-;L212I;V213G;L216F;H245N;A264D;I332V;G339H;R346T;K356T;S371F;S373P;S375F;T376A;R403K;D405N;R408S;K417N;N440K;V445H;G446S;N450D;L452W;L455S;F456L;N460K;S477N;T478K;N481K;V483-;E484K;F486P;Q498R;N501Y;Y505H;E554K;A570V;D614G;P621S;H655Y;N679K;P681R;N764K;D796Y;S939F;Q954H;N969K;V1104L;P1143L|16MPLF17,63,53,KP.2,2,1,2024,5,22
EPI_ISL_19184897,L18F;T19I;R21T;T22N;L24-;P25-;P26-;A27S;S31F;S50L;H69-;V70-;V127F;G142D;Y145-;F157S;R158G;G184V;N211-;L212I;V213G;L216F;H245N;A264D;I332V;G339H;R346T;K356T;S371F;S373P;S375F;T376A;R403K;D405N;R408S;K417N;N440K;V445H;G446S;N450D;L452W;L455S;F456L;N460K;S477N;T478K;N481K;V483-;E484K;F486P;Q498R;N501Y;Y505H;E554K;A570V;D614G;P621S;H655Y;N679K;P681R;N764K;D796Y;S939F;Q954H;N969K;V1104L;P1143L|16MPLF17,67,53,KP.2,1,1,2024,5,22
EPI_ISL_19168051,T19I;R21T;L24-;P25-;P26-;A27S;S31-;S50L;H69-;V70-;V127F;G142D;Y145-;H146Q;F157S;R158G;Q173R;N211-;L212I;V213G;L216F;H245N;A264D;I332V;G339H;R346T;K356T;S371F;S373P;S375F;T376A;R403K;D405N;R408S;K417N;N440K;V445H;G446S;N450D;L452W;L455S;F456L;N460K;S477N;T478K;N481K;V483-;E484K;F486P;Q498R;N501Y;Y505H;E554K;A570V;D614G;P621S;H655Y;N679K;P681R;N764K;D796Y;S939F;Q954H;N969K;V1104L;P1143L|16MPLF17,66,53,KP.2,1,1,2024,5,22
EPI_ISL_19186709,T19I;R21T;L24-;P25-;P26-;A27S;S31-;S50L;H69-;V70-;V127F;G142D;Y145-;W152R;F157S;R158G;N211-;L212I;V213G;L216F;H245N;A264D;I332V;G339H;R346T;K356T;S371F;S373P;S375F;T376A;R403K;D405N;R408S;K417N;N440K;V445H;G446S;N450D;L452W;L455S;F456L;N460K;S477N;T478K;N481K;V483-;E484K;F486P;Q498R;N501Y;Y505H;E554K;A570V;D614G;P621S;H655Y;N679K;P681R;N764K;D796Y;S939F;Q954H;N969K;K1086R;V1104L;P1143L|16MPLF17,66,53,KP.2,1,1,2024,5,22
EPI_ISL_19189865,T19I;R21T;L24-;P25-;P26-;A27S;S31Y;S50L;H69-;V70-;V127F;G142D;Y145-;F157S;R158G;N211-;L212I;V213G;L216F;H245N;A264D;I332V;G339H;R346T;K356T;S371F;S373P;S375F;T376A;R403K;D405N;R408S;K417N;N440K;V445H;G446S;N450D;L452W;L455S;F456L;N460K;S477N;T478K;N481K;V483-;E484K;F486P;Q498R;N501Y;Y505H;E554K;A570V;D614G;P621S;H655Y;N679K;P681R;N764K;D796Y;S939F;Q954H;N969K;K1086R;V1104L;P1143L|16MPLF17,65,53,KP.2,2,1,2024,5,22
EPI_ISL_19183300,T19I;R21T;L24-;P25-;P26-;A27S;S50L;F59S;H69-;V70-;V127F;G142D;Y145-;F157S;R158G;N211-;L212I;V213G;L216F;H245N;A264D;I332V;G339H;R346T;K356T;S371F;S373P;S375F;T376A;R403K;D405N;R408S;K417N;N440K;V445H;G446S;N450D;L452W;L455S;F456L;N460K;S477N;T478K;N481K;V483-;E484K;F486P;Q498R;N501Y;Y505H;E554K;A570V;T572I;D614G;P621S;H655Y;N679K;P681R;N764K;D796Y;S939F;Q954H;N969K;K1086R;V1104L;P1143L|16MPLF17,66,53,KP.2,4,4,2024,5,22
EPI_ISL_19164473,T19I;R21T;L24-;P25-;P26-;A27S;S31-;S50L;H69-;V70-;V127F;G142D;Y145-;H146Q;F157S;R158G;N211-;L212I;V213G;L216F;H245N;A264D;I332V;G339H;R346T;K356T;S371F;S373P;S375F;T376A;R403K;D405N;R408S;K417N;N440K;V445H;G446S;N450D;L452W;L455S;F456L;N460K;S477N;T478K;N481K;V483-;E484K;F486P;Q498R;N501Y;Y505H;E554K;A570V;D614G;P621S;H655Y;N679K;P681R;N764K;D796Y;S939F;Q954H;N969K;V1104L;T1117I;P1143L|16MPLF17,66,53,KP.2,1,1,2024,5,22
EPI_ISL_19189904,T19I;R21T;L24-;P25-;P26-;A27S;S50L;H69-;V70-;K97T;V127F;G142D;Y145-;F157S;R158G;N211-;L212I;V213G;L216F;H245N;A264D;I332V;G339H;R346T;K356T;S371F;S373P;S375F;T376A;R403K;D405N;R408S;K417N;N440K;V445H;G446S;N450D;L452W;L455S;F456L;N460K;S477N;T478K;N481K;V483-;E484K;F486P;Q498R;N501Y;Y505H;E554K;A570V;D614G;P621S;H655Y;N679K;P681R;N764K;D796Y;S939F;Q954H;N969K;V1104L;P1143L|16MPLF17,64,53,KP.2,1,1,2024,5,22
EPI_ISL_19185756,T19I;R21T;L24-;P25-;P26-;A27S;S31-;S50L;H69-;V70-;V127F;G142D;Y145-;H146Q;W152R;F157S;R158G;N211-;L212I;V213G;L216F;H245N;A264D;I332V;G339H;R346T;K356T;S371F;S373P;S375F;T376A;R403K;D405N;R408S;K417N;N440K;V445H;G446S;N450D;L452W;L455S;F456L;N460K;S477N;T478K;N481K;V483-;E484K;F486P;Q498R;N501Y;Y505H;E554K;A570V;D614G;P621S;H655Y;N679K;P681R;N764K;D796Y;S939F;Q954H;N969K;V1104L;P1143L|16MPLF17,66,53,KP.2,1,1,2024,5,22
EPI_ISL_19184932,T19I;R21T;L24-;P25-;P26-;A27S;S50L;H69-;V70-;V127F;G142D;Y145-;F157S;R158G;N211-;L212I;V213G;L216F;H245N;A264D;I332V;G339H;R346T;K356T;S371F;S373P;S375F;T376A;R403K;D405N;R408S;K417N;N440K;V445H;G446S;N450D;L452W;L455S;F456L;N460K;S477N;T478K;N481K;V483-;E484K;F486P;Q498R;N501Y;Y505H;E554K;A570V;D614G;P621F;H655Y;N679K;P681R;N764K;D796Y;S939F;Q954H;N969K;V1104L;P1143L|16MPLF17,63,53,KP.2,2,2,2024,5,23
EPI_ISL_19186767,T19I;R21T;L24-;P25-;P26-;A27S;S31-;S50L;H69-;V70-;V127F;G142D;Y145-;H146Q;F157S;R158G;G184V;N211-;L212I;V213G;L216F;H245N;A264D;I332V;G339H;R346T;K356T;S371F;S373P;S375F;T376A;R403K;D405N;R408S;K417N;N440K;V445H;G446S;N450D;L452W;L455S;F456L;N460K;S477N;T478K;N481K;V483-;E484K;F486P;Q498R;N501Y;Y505H;E554K;K558N;A570V;D614G;P621S;H655Y;N679K;P681R;N764K;D796Y;S939F;Q954H;N969K;V1104L;P1143L|16MPLF17,67,53,KP.2,1,1,2024,5,23
EPI_ISL_19184614,T19I;R21T;L24-;P25-;P26-;A27S;S31-;S50L;H69-;V70-;V127F;G142D;Y145-;H146Q;F157S;R158G;N211-;L212I;V213G;L216F;H245N;S254F;A264D;I332V;G339H;R346T;K356T;S371F;S373P;S375F;T376A;R403K;D405N;R408S;K417N;N440K;V445H;G446S;N450D;L452W;L455S;F456L;N460K;S477N;T478K;N481K;V483-;E484K;F486P;Q498R;N501Y;Y505H;E554K;A570V;D614G;P621S;H655Y;N679K;P681R;N764K;D796Y;S939F;Q954H;N969K;V1104L;P1143L|16MPLF17,66,53,KP.2,1,1,2024,5,23
EPI_ISL_19184624,T19I;R21T;L24-;P25-;P26-;A27S;S50L;F59L;H69-;V70-;V127F;G142D;Y145-;F157S;R158G;N211-;L212I;V213G;L216F;H245N;A264D;I332V;G339H;R346T;K356T;S371F;S373P;S375F;T376A;D405N;R408S;K417N;N440K;V445H;G446S;N450D;L452W;L455S;F456L;N460K;S477N;T478K;N481K;V483-;E484K;F486P;Q498R;N501Y;Y505H;E554K;A570V;D614G;P621S;H655Y;N679K;P681R;N764K;A766S;D796Y;S939F;Q954H;N969K;V1104L;P1143L;K1266R|16MPLF17,65,53,KP.2,1,1,2024,5,23
EPI_ISL_19185915,L5F;T19I;R21T;L24-;P25-;P26-;A27S;S31-;S50L;H69-;V70-;V127F;G142D;Y145-;H146Q;F157S;R158G;N211-;L212I;V213G;L216F;H245N;A264D;I332V;G339H;R346T;K356T;S371F;S373P;S375F;T376A;R403K;D405N;R408S;K417N;N440K;V445H;G446S;N450D;L452W;L455S;F456L;N460K;S477N;T478K;N481K;V483-;E484K;F486P;Q498R;N501Y;Y505H;E554K;A570V;D614G;P621S;H655Y;N679K;P681R;N764K;D796Y;S939F;Q954H;N969K;V1104L;P1143L|16MPLF17,66,53,KP.2,1,1,2024,5,23
EPI_ISL_19190667,T19I;R21T;L24-;P25-;P26-;A27S;S31-;S50L;H69-;V70-;V127F;Y145-;F157S;R158G;N211-;L212I;V213G;L216F;H245N;A264D;I332V;G339H;R346T;K356T;S371F;S373P;S375F;T376A;R403K;D405N;R408S;K417N;N440K;V445H;G446S;N450D;L452W;L455S;F456L;N460K;S477N;T478K;N481K;V483-;E484K;F486P;Q498R;N501Y;Y505H;E554K;A570V;D614G;P621S;H655Y;N679K;P681R;N764K;D796Y;S939F;Q954H;N969K;K1086R;V1104L;P1143L;M1229I|16MPLF17,65,53,KP.2,1,1,2024,5,23
EPI_ISL_19184625,T19I;R21T;L24-;P25-;P26-;A27S;S50L;F59L;H69-;V70-;V127F;G142D;Y145-;F157S;R158G;N211-;L212I;V213G;L216F;H245N;A264D;I332V;G339H;R346T;K356T;S371F;S373P;S375F;T376A;R403K;D405N;R408S;K417N;N440K;V445H;G446S;N450D;L452W;L455S;F456L;N460K;S477N;T478K;N481K;V483-;E484K;F486P;Q498R;N501Y;Y505H;E554K;A570V;D614G;P621S;H655Y;N679K;P681R;N764K;A766S;D796Y;S939F;Q954H;N969K;V1104L;P1143L;K1266R|16MPLF17,66,53,KP.2,1,1,2024,5,23
EPI_ISL_19185919,T19I;R21T;L24-;P25-;P26-;A27S;S50L;H69-;V70-;V127F;G142D;Y145-;F157S;R158G;N211-;L212I;V213G;L216F;H245N;A264D;I332V;G339H;R346T;K356T;S371F;S373P;S375F;T376A;R403K;D405N;R408S;K417N;N440K;V445H;G446S;N450D;L452W;L455S;F456L;N460K;S477N;T478K;N481R;V483-;E484K;F486P;Q498R;N501Y;Y505H;E554K;A570V;D614G;P621S;H655Y;N679K;P681R;N764K;D796Y;S939F;Q954H;N969K;V1104L;P1143L|16MPLF17,63,53,KP.2,1,1,2024,5,23
EPI_ISL_19194562,"T19I;R21T;L24-;P25-;P26-;A27S;S31-;S50L;H69-;V70-;V127F;G142D;Y145-;H146Q;F157S;R158G;N211-;L212I;V213G;L216F;H245N;A264D;I332V;G339H;R346T;K356T;S371F;S373P;S375F;T376A;R403K;D405N;R408S;K417N;D427N;N440K;V445H;G446S;N450D;L452W;L455S;F456L;N460K;S477N;T478K;N481K;V483-;E484K;F486P;Q498R;N501Y;Y505H;E554K;A570V;D614G;P621S;H655Y;N679K;P681R;N764K;D796Y;S939F;Q954H;N969K;V1104L;P1143L|""""",66,53,KP.2,1,1,2024,5,23
EPI_ISL_19177680,T19I;R21T;L24-;P25-;P26-;A27S;S31-;S50L;H69-;V70-;V127F;G142D;Y145-;H146Q;F157S;R158G;N211-;L212I;V213G;L216F;H245N;A264D;I332V;G339H;R346T;K356T;S371F;S373P;S375F;T376A;R403K;D405N;R408S;K417N;N440K;V445P;G446S;N450D;L452W;L455S;F456L;N460K;S477N;T478K;N481K;V483-;E484K;F486P;Q498R;N501Y;Y505H;E554K;A570V;D614G;P621S;H655Y;N679K;P681R;N764K;D796Y;S939F;Q954H;N969K;V1104L;P1143L|16MPLF17,65,53,KP.2,1,1,2024,5,23
EPI_ISL_19195015,"T19I;R21T;L24-;P25-;P26-;A27S;S50L;F59L;H69-;V70-;V127F;G142D;Y145-;F157S;R158G;V213G;L216F;H245N;A264D;I332V;G339H;R346T;K356T;S371F;S373P;S375F;T376A;R403K;D405N;R408S;K417N;N440K;V445H;G446S;N450D;L452W;L455S;F456L;N460K;S477N;T478K;N481K;V483-;E484K;F486P;Q498R;N501Y;Y505H;E554K;A570V;D614G;P621S;H655Y;N679K;P681R;N764K;D796Y;S939F;Q954H;N969K;V1104L;P1143L;K1266R|""""",63,53,KP.2,2,1,2024,5,23
EPI_ISL_19184472,T19I;R21T;L24-;P25-;P26-;A27S;S31-;S50L;H69-;V70-;S98F;V127F;G142D;Y145-;H146Q;F157S;R158G;N211-;L212I;V213G;L216F;H245N;A264D;I332V;G339H;R346T;K356T;S371F;S373P;S375F;T376A;R403K;D405N;R408S;K417N;N440K;V445H;G446S;N450D;L452W;L455S;F456L;N460K;S477N;T478K;N481K;V483-;E484K;F486P;Q498R;N501Y;Y505H;E554K;A570V;D614G;P621S;H655Y;N679K;P681R;N764K;D796Y;S939F;Q954H;N969K;V1104L;P1143L|16MPLF17,66,53,KP.2,1,1,2024,5,24
EPI_ISL_19190850,T19I;R21T;L24-;P25-;P26-;A27S;S50L;H69-;V70-;V127F;G142D;Y145-;K150E;F157S;R158G;K182N;N211-;L212I;V213G;L216F;H245N;A264D;I332V;G339H;R346T;K356T;S371F;S373P;S375F;T376A;R403K;D405N;R408S;K417N;N440K;V445H;G446S;N450D;L452W;L455S;F456L;N460K;S477N;T478K;N481K;V483-;E484K;F486P;Q498R;N501Y;Y505H;E554K;A570V;D614G;P621S;H655Y;N679K;P681R;N764K;D796Y;S939F;Q954H;N969K;K1086R;V1104L;P1143L;V1264L|16MPLF17,67,53,KP.2,1,1,2024,5,24
EPI_ISL_19190868,T19I;R21T;L24-;P25-;P26-;A27S;S50L;H69-;V70-;V127F;G142D;Y145-;F157S;R158G;N211-;L212I;V213G;L216F;H245N;A264D;I332V;G339H;R346T;K356T;S371F;S373P;S375F;T376A;R403K;D405N;R408S;K417N;N440K;V445H;G446S;N450D;L452W;L455S;F456L;N460K;S477N;T478K;N481K;V483-;E484K;F486P;Q498R;N501Y;Y505H;E554K;A570V;D614G;P621S;H655Y;N679K;P681R;N764K;D796Y;S939F;Q954H;N969K;V1104L;P1143L;M1237I|16MPLF17,64,53,KP.2,1,1,2024,5,24
EPI_ISL_19178372,T19I;R21T;L24-;P25-;P26-;A27S;S31-;S50L;H69-;V70-;V127F;G142D;Y145-;F157S;R158G;Q183H;N211-;L212I;V213G;L216F;H245N;A264D;I332V;G339H;R346T;K356T;S371F;S373P;S375F;T376A;R403K;D405N;R408S;K417N;N440K;V445H;G446S;N450D;L452W;L455S;F456L;N460K;S477N;T478K;N481K;V483-;E484K;F486P;Q498R;N501Y;Y505H;E554K;A570V;D614G;P621S;H655Y;N679K;P681R;N764K;D796Y;S939F;Q954H;N969K;V1104L;P1143L;C1236F|16MPLF17,66,53,KP.2,1,1,2024,5,24
EPI_ISL_19175447,T19I;R21T;L24-;P25-;P26-;A27S;S31-;S50L;H69-;V70-;V127F;G142D;Y145-;F157S;R158G;N211-;L212I;V213G;L216F;H245N;A264D;F306L;I332V;G339H;R346T;K356T;S371F;S373P;S375F;T376A;R403K;D405N;R408S;K417N;N440K;V445H;G446S;N450D;L452W;L455S;F456L;N460K;S477N;T478K;N481K;V483-;E484K;F486P;Q498R;N501Y;Y505H;E554K;A570V;D614G;P621S;H655Y;N679K;P681R;N764K;D796Y;S939F;Q954H;N969K;K1086R;V1104L;P1143L|16MPLF17,66,53,KP.2,1,1,2024,5,24
EPI_ISL_19186901,T19I;R21T;L24-;P25-;P26-;A27S;S50L;H69-;V70-;V127F;G142D;Y145-;F157S;R158G;N211-;L212I;V213G;L216F;H245N;A264D;I332V;G339H;R346T;K356T;S371F;S373P;S375F;T376A;R403K;D405N;R408S;K417N;N440K;V445H;G446S;N450D;L452W;L455S;F456L;N460K;S477N;T478K;N481K;V483-;E484K;F486P;Q498R;N501Y;Y505H;E554K;A570V;D614G;P621S;H655Y;N679K;P681R;N764K;D796Y;A845V;S939F;Q954H;N969K;K1086R;V1104L;P1143L|16MPLF17,65,53,KP.2,2,2,2024,5,24
EPI_ISL_19194484,"Q14R;T19I;R21T;L24-;P25-;P26-;A27S;S31-;S50L;H69-;V70-;V127F;G142D;Y145-;H146Q;F157S;R158G;N211-;L212I;V213G;L216F;H245N;A264D;I332V;G339H;R346T;K356T;S371F;S373P;S375F;T376A;R403K;D405N;R408S;K417N;N440K;V445H;G446S;N450D;L452W;L455S;F456L;N460K;I472T;S477N;T478K;N481K;V483-;E484K;F486P;Q498R;N501Y;Y505H;E554K;A570V;D614G;P621S;H655Y;N679K;P681R;N764K;D796Y;S939F;Q954H;N969K;V1104L;P1143L|""""",67,53,KP.2,1,1,2024,5,24
EPI_ISL_19189024,T19I;R21T;L24-;P25-;P26-;A27S;S31-;S50L;H69-;V70-;V127F;G142D;Y145-;W152L;F157S;R158G;N211-;L212I;V213G;L216F;H245N;A264D;I332V;G339H;R346T;K356T;S371F;S373P;S375F;T376A;R403K;D405N;R408S;K417N;N440K;V445H;G446S;N450D;L452W;L455S;F456L;N460K;S477N;T478K;N481K;V483-;E484K;F486P;Q498R;N501Y;Y505H;E554K;A570V;D614G;P621S;H655Y;N679K;P681R;N764K;D796Y;S939F;Q954H;N969K;K1086R;V1104L;P1143L|16MPLF17,66,53,KP.2,1,1,2024,5,24
EPI_ISL_19187838,T19I;R21T;L24-;P25-;P26-;A27S;S31F;S50L;H69-;V70-;V127F;G142D;Y145-;F157S;R158G;G181V;N211-;L212I;V213G;L216F;H245N;A264D;I332V;G339H;R346T;K356T;S371F;S373P;S375F;T376A;R403K;D405N;R408S;K417N;N440K;V445H;G446S;N450D;L452W;L455S;F456L;N460K;S477N;T478K;N481K;V483-;E484K;F486P;Q498R;N501Y;Y505H;E554K;A570V;D614G;P621S;H655Y;N679K;P681R;N764K;A771V;D796Y;S939F;Q954H;N969K;V1104L;P1143L|16MPLF17,66,53,KP.2,1,1,2024,5,24
EPI_ISL_19184523,T19I;R21T;L24-;P25-;P26-;A27S;S31-;S50L;H69-;V70-;V127F;G142D;Y145-;H146Q;F157S;R158G;N211-;L212I;V213G;L216F;H245N;A264D;I332V;G339H;R346T;K356T;S371F;S373P;S375F;T376A;R403K;D405N;R408S;K417N;N440K;V445H;G446S;N450D;L452W;L455S;F456L;N460K;S477N;T478K;N481K;V483-;E484K;F486P;Q498R;N501Y;Y505H;E554K;A570V;D614G;P621S;H655Y;N679K;P681R;N764K;D796Y;S939F;Q954H;N969K;V1104L;P1143L|16IPLF17,65,53,KP.2,1,1,2024,5,24
EPI_ISL_19188806,"T19I;R21T;L24-;P25-;P26-;A27S;S50L;H69-;V70-;V127F;G142D;Y145-;F157S;R158G;K182N;N211-;L212I;V213G;L216F;H245N;A264D;I332V;G339H;R346T;K356T;S371F;S373P;S375F;T376A;R403K;D405N;R408S;K417N;N440K;V445H;G446S;N450D;L452W;L455S;F456L;N460K;S477N;T478K;N481K;V483-;E484K;F486P;Q498R;N501Y;Y505H;E554K;A570V;D614G;P621S;H655Y;N679K;P681R;N764K;D796Y;S939F;Q954H;N969K;K1086R;V1104L;P1143L;Y1155F|""""",66,53,KP.2,1,1,2024,5,24
EPI_ISL_19188771,"T19I;R21T;L24-;P25-;P26-;A27S;S50L;F59V;H69-;V70-;V127F;G142D;Y145-;F157S;R158G;N211-;L212I;V213G;L216F;H245N;S255F;A264D;I332V;G339H;R346T;K356T;S371F;S373P;S375F;T376A;R403K;D405N;R408S;K417N;N440K;V445H;G446S;N450D;L452W;L455S;F456L;N460K;S477N;T478K;N481K;V483-;E484K;F486P;Q498R;N501Y;Y505H;E554K;A570V;D614G;P621S;H655Y;N679K;P681R;N764K;D796Y;S939F;Q954H;N969K;V1104L;P1143L|""""",65,53,KP.2,1,1,2024,5,24
EPI_ISL_19190920,"T19I;R21T;L24-;P25-;P26-;A27S;S50L;H69-;V70-;V127F;G142D;Y145-;F157S;R158G;N211-;L212I;V213E;L216F;H245N;A264D;I332V;G339H;R346T;K356T;S371F;S373P;S375F;T376A;R403K;D405N;R408S;K417N;N440K;V445H;G446S;N450D;L452W;L455S;F456L;N460K;S477N;T478K;N481K;V483-;E484K;F486P;Q498R;N501Y;Y505H;E554K;A570V;D614G;P621S;H655Y;N679K;P681R;N764K;D796Y;S939F;Q954H;N969K;V1104L;P1143L|""""",63,53,KP.2,1,1,2024,5,25
EPI_ISL_19184951,T19I;R21T;L24-;P25-;P26-;A27S;S50L;H69-;V70-;V127F;G142D;Y145-;F157S;R158G;K182E;N211-;L212I;V213G;L216F;H245N;A264D;I332V;G339H;R346T;K356T;S371F;S373P;S375F;T376A;R403K;D405N;R408S;K417N;N440K;V445H;G446S;N450D;L452W;L455S;F456L;N460K;S477N;T478K;N481K;V483-;E484K;F486P;Q498R;N501Y;Y505H;E554K;A570V;D614G;P621S;H655Y;N679K;P681R;N764K;D796Y;S939F;Q954H;N969K;V1104L;P1143L|16MPLF17,64,53,KP.2,1,1,2024,5,25
EPI_ISL_19177673,T19I;R21T;L24-;P25-;P26-;A27S;S50L;H69-;V70-;V127F;G142D;Y145-;F157S;R158G;N211-;L212I;V213G;L216F;H245N;A264D;I332V;G339H;R346T;K356T;S371F;S373P;S375F;T376A;R403K;D405N;R408S;K417N;N440K;V445H;G446S;N450D;L452W;L455S;F456L;N460K;S477N;T478K;N481K;V483-;E484K;F486P;Q498R;N501Y;Y505H;E554K;A570V;D614G;P621S;H655Y;N679K;P681R;N764K;D796Y;I934V;S939F;Q954H;N969K;V1104L;P1143L|16MPLF17,64,53,KP.2,1,1,2024,5,25
EPI_ISL_19195052,"T19I;R21T;L24-;P25-;P26-;A27S;S50L;H69-;V70-;V127F;G142D;Y145-;F157S;R158G;V213G;L216F;H245N;A264D;R273S;I332V;G339H;R346T;K356T;S371F;S373P;S375F;T376A;R403K;D405N;R408S;K417N;N440K;V445H;G446S;N450D;L452W;L455S;F456L;N460K;S477N;T478K;N481K;V483-;E484K;F486P;Q498R;N501Y;Y505H;E554K;A570V;D614G;P621S;H655Y;N679K;P681R;N764K;D796Y;S939F;Q954H;N969K;V1104L;P1143L|""""",62,53,KP.2,1,1,2024,5,25
EPI_ISL_19191696,L24-;P25-;P26-;A27S;S50L;H69-;V70-;V127F;G142D;Y145-;F157S;R158G;N211-;L212I;V213G;L216F;H245N;A264D;I332V;G339H;R346T;K356T;S371F;S373P;S375F;T376A;R403K;D405N;R408S;K417N;N440K;V445H;G446S;N450D;L452W;L455S;F456L;N460K;S477N;T478K;N481K;V483-;E484K;F486P;Q498R;N501Y;Y505H;E554K;A570V;D614G;P621S;H655Y;N679K;P681R;N764K;D796Y;S939F;Q954H;N969K;A1087S;V1104L;P1143L|16MPLF17,62,53,KP.2,1,1,2024,5,25
EPI_ISL_19183362,T19I;R21T;L24-;P25-;P26-;A27S;S50L;H69-;V70-;V127F;G142D;Y145-;F157S;R158G;N211-;L212I;V213E;L216F;H245N;A264D;I332V;G339H;R346T;K356T;S371F;S373P;S375F;T376A;R403K;D405N;R408S;K417N;N440K;V445H;G446S;N450D;L452W;L455S;F456L;N460K;S477N;T478K;N481K;V483-;E484K;F486P;Q498R;N501Y;Y505H;E554K;A570V;D614G;P621S;H655Y;N679K;P681R;N764K;D796Y;S939F;Q954H;N969K;K1086R;V1104L;P1143L|16MPLF17,64,53,KP.2,1,1,2024,5,25
EPI_ISL_19194504,"T19I;R21T;L24-;P25-;P26-;A27S;S50L;F59L;H69-;V70-;S98F;V127F;G142D;Y145-;F157S;R158G;N211-;L212I;V213G;L216F;H245N;A264D;I332V;G339H;R346T;K356T;S371F;S373P;S375F;T376A;R403K;D405N;R408S;K417N;N440K;V445H;G446S;N450D;L452W;L455S;F456L;N460K;S477N;T478K;N481K;V483-;E484K;F486P;Q498R;N501Y;Y505H;E554K;A570V;D614G;P621S;H655Y;N679K;P681R;N764K;D796Y;S939F;Q954H;N969K;V1104L;P1143L;K1266R|""""",66,53,KP.2,1,1,2024,5,25
EPI_ISL_19185755,T19I;R21T;L24-;P25-;P26-;A27S;S31-;S50L;H69-;V70-;V127F;G142D;Y145-;F157S;R158G;N211-;L212I;V213G;L216F;H245N;A264D;I332V;G339H;R346T;K356T;S371F;S373P;S375F;T376A;R403K;D405N;R408S;K417N;N440K;V445H;G446S;N450D;L452W;L455S;F456L;N460K;S477N;T478K;N481K;V483-;E484K;F486P;Q498R;N501Y;Y505H;E554K;A570V;D614G;P621S;H655Y;N679K;P681R;N764K;D796Y;D936Y;S939F;Q954H;N969K;K1086R;V1104L;P1143L|16MPLF17,66,53,KP.2,1,1,2024,5,25
EPI_ISL_19181095,T19I;R21T;L24-;P25-;P26-;A27S;S50L;F59L;H69-;V70-;V127F;G142D;Y145-;F157S;R158G;N211-;L212I;V213G;L216F;H245N;A264D;I332V;G339H;R346T;K356T;S371F;S373P;S375F;T376A;R403K;D405N;R408S;K417N;N440K;V445H;G446S;N450D;L452W;L455S;F456L;N460K;S477N;T478K;N481K;F486P;Q498R;N501Y;Y505H;E554K;A570V;D614G;P621S;H655Y;T676A;N679K;P681R;N764K;D796Y;S939F;Q954H;N969K;V1104L;P1143L;K1266R|16MPLF17,64,53,KP.2,1,1,2024,5,25
EPI_ISL_19183365,T19I;R21T;L24-;P25-;P26-;A27S;S50L;H69-;V70-;V127F;G142D;Y145-;F157S;R158G;N211-;L212I;V213G;L216F;H245N;A264D;I332V;G339H;R346T;K356T;S371F;S373P;S375F;T376A;R403K;D405N;R408S;K417N;N440K;V445H;G446S;N450D;L452W;L455S;F456L;N460K;S477N;N481K;V483-;E484K;F486P;Q498R;N501Y;Y505H;E554K;A570V;D614G;P621S;H655Y;N679K;P681R;N764K;D796Y;S939F;Q954H;N969K;V1104L;P1143L;V1264L|16MPLF17,63,53,KP.2,1,1,2024,5,25
EPI_ISL_19184998,T19I;R21T;T22N;L24-;P25-;P26-;A27S;S31F;S50L;H69-;V70-;V127F;G142D;Y145-;F157S;R158G;G184V;N211-;L212I;V213G;L216F;H245N;A264D;I332V;G339H;R346T;K356T;S371F;S373P;S375F;T376A;R403K;D405N;R408S;K417N;N440K;V445H;G446S;N450D;L452W;L455S;F456L;N460K;S477N;T478K;N481K;V483-;E484K;F486P;Q498R;N501Y;Y505H;E554K;A570V;D614G;P621S;H655Y;N679K;P681H;N764K;D796Y;S939F;Q954H;N969K;V1104L;P1143L|16MPLF17,66,53,KP.2,1,1,2024,5,25
EPI_ISL_19191294,T19I;R21T;T22N;L24-;P25-;P26-;A27S;S50L;H69-;V70-;V127F;G142D;Y145-;F157S;R158G;N211-;L212I;V213G;L216F;H245N;A264D;I332V;G339H;R346T;K356T;S371F;S373P;S375F;T376A;R403K;D405N;R408S;K417N;N440K;V445H;G446S;N450D;L452W;L455S;F456L;N460K;S477N;T478K;N481K;V483-;E484K;F486P;Q498R;N501Y;Y505H;E554K;A570V;D614G;P621S;H655Y;N679K;P681R;N764K;D796Y;S939F;Q954H;N969K;A1087S;V1104L;P1143L|16MPLF17,65,53,KP.2,1,1,2024,5,25
EPI_ISL_19191318,T19I;R21T;L24-;P25-;P26-;A27S;S50L;H69-;V70-;V127F;G142D;Y145-;F157S;R158G;N211-;L212I;V213G;L216F;H245N;A260S;A264D;I332V;G339H;R346T;K356T;S371F;S373P;S375F;T376A;R403K;D405N;R408S;K417N;N440K;V445H;G446S;N450D;L452W;L455S;F456L;N460K;S477N;T478K;N481K;V483-;E484K;F486P;Q498R;N501Y;Y505H;E554K;A570V;D614G;P621S;H655Y;N679K;P681R;N764K;P793S;D796Y;S939F;Q954H;N969K;V1104L;P1143L|16MPLF17,65,53,KP.2,1,1,2024,5,25
EPI_ISL_19186795,L5F;T19I;R21T;L24-;P25-;P26-;A27S;S50L;S60P;H69-;V70-;V127F;G142D;Y145-;F157S;R158G;N211-;L212I;V213G;L216F;H245N;A264D;I332V;G339H;R346T;K356T;S371F;S373P;S375F;T376A;R403K;D405N;R408S;K417N;N440K;V445H;G446S;N450D;L452R;L455S;F456L;N460K;S477N;T478K;N481K;V483-;E484K;F486P;Q498R;N501Y;Y505H;E554K;A570V;D614G;P621S;H655Y;N679K;P681R;N764K;D796Y;S939F;Q954H;N969K;V1104L;P1143L|16MPLF17,65,53,KP.2,1,1,2024,5,25
EPI_ISL_19191032,T19I;R21T;L24-;P25-;P26-;A27S;S50L;H69-;V70-;V127F;G142D;H146-;F157S;R158G;N211-;L212I;V213G;L216F;H245N;A262V;A264D;I332V;G339H;R346T;K356T;S371F;S373P;S375F;T376A;R403K;D405N;R408S;K417N;N440K;V445H;G446S;N450D;L452W;L455S;F456L;N460K;S477N;T478K;N481K;V483-;E484K;F486P;Q498R;N501Y;Y505H;E554K;A570V;D614G;P621S;H655Y;N679K;P681R;N764K;D796Y;S939F;Q954H;N969K;V1104L;P1143L|16MPLF17,64,53,KP.2,1,1,2024,5,25
EPI_ISL_19182695,T19I;R21T;L24-;P25-;P26-;A27S;S31-;S50L;H69-;V70-;V127F;G142D;Y145-;H146Q;F157S;R158G;N211-;L212I;V213G;L216F;H245N;A264D;I332V;G339H;R346T;K356T;S371F;S373P;S375F;T376A;R403K;D405N;R408S;K417N;N440K;V445H;G446S;N450D;L452W;L455S;F456L;N460K;S477N;T478E;N481K;V483-;E484K;F486P;Q498R;N501Y;Y505H;E554K;A570V;D614G;P621S;H655Y;N679K;P681R;N764K;D796Y;S939F;Q954H;N969K;V1104L;P1143L|16MPLF17,65,53,KP.2,1,1,2024,5,26
EPI_ISL_19191633,T19I;R21T;L24-;P25-;P26-;A27S;S50L;H69-;V70-;V127F;G142D;Y145-;F157S;R158G;N211-;L212I;V213G;R214H;L216F;H245N;A264D;I332V;G339H;R346T;K356T;S371F;S373P;S375F;T376A;R403K;D405N;R408S;K417N;N440K;V445H;G446S;N450D;L452W;L455S;F456L;N460K;S477N;T478K;N481K;V483-;E484K;F486P;Q498R;N501Y;Y505H;E554K;A570V;D614G;P621S;H655Y;N679K;P681R;N764K;S939F;Q954H;N969K;K1086R;V1104L;P1143L|16MPLF17,64,53,KP.2,1,1,2024,5,26
EPI_ISL_19189662,T19I;R21T;L24-;P25-;P26-;A27S;S31-;S50L;F59-;H69-;V70-;V127F;G142D;Y145-;F157S;R158G;N211-;L212I;V213G;L216F;H245N;A264D;I332V;G339H;R346T;K356T;S371F;S373P;S375F;T376A;R403K;D405N;R408S;K417N;N440K;V445H;G446S;N450D;L452W;L455S;F456L;N460K;S477N;T478K;N481K;V483-;E484K;F486P;Q498R;N501Y;Y505H;E554K;A570V;D614G;P621S;H655Y;N679K;P681R;N764K;D796Y;S939F;Q954H;N969K;V1104L;P1143L|16MPLF17,65,53,KP.2,1,1,2024,5,26
EPI_ISL_19190792,T19I;R21T;L24-;P25-;P26-;A27S;S50L;H69-;V70-;V127F;G142D;Y145-;F157S;R158G;K182N;N211-;L212I;V213G;L216F;H245N;A264D;I332V;G339H;R346T;K356T;S371F;S373P;S375F;T376A;R403K;D405N;R408S;K417N;N440K;V445H;G446S;N450D;L452W;L455S;F456L;N460K;S477N;T478K;N481K;V483-;E484K;F486P;Q498R;N501Y;Y505H;E554K;A570V;D614G;P621S;H655Y;N679K;S680F;P681R;N764K;D796Y;S939F;Q954H;N969K;K1086R;V1104L;P1143L|16MPLF17,66,53,KP.2,1,1,2024,5,26
EPI_ISL_19190798,T19I;R21T;L24-;P25-;P26-;A27S;S31F;S50L;H69-;V70-;V127F;G142D;Y145-;F157S;R158G;K187R;N211-;L212I;V213G;L216F;H245N;A264D;I332V;G339H;R346T;K356T;S371F;S373P;S375F;T376A;R403K;D405N;R408S;K417N;N440K;V445H;G446S;N450D;L452W;L455S;F456L;N460K;S477N;T478K;N481K;V483-;E484K;F486P;Q498R;N501Y;Y505H;E554K;A570V;D614G;P621S;H655Y;N679K;P681R;N764K;D796Y;S939F;Q954H;N969K;V1104L;P1143L;M1237T|16MPLF17,66,53,KP.2,1,1,2024,5,26
EPI_ISL_19184972,T19I;R21T;L24-;P25-;P26-;A27S;S50L;H69-;V70-;V127F;G142D;Y145-;F157S;R158G;N211-;L212I;V213G;L216F;H245N;A264D;P272L;I332V;G339H;R346T;K356T;S371F;S373P;S375F;T376A;R403K;D405N;R408S;K417N;N440K;V445H;G446S;N450D;L452W;L455S;F456L;N460K;S477N;T478K;N481K;V483-;E484K;F486P;Q498R;N501Y;Y505H;E554K;A570V;D614G;P621S;H655Y;N679K;P681R;N764K;D796Y;S939F;Q954H;N969K;K1086R;V1104L;P1143L|16MPLF17,65,53,KP.2,1,1,2024,5,26
EPI_ISL_19192908,T19I;R21T;L24-;P25-;P26-;A27S;S50L;F59L;H69-;V70-;V127F;G142D;Y145-;F157S;R158G;N211-;L212I;V213G;L216F;H245N;A264D;I332V;G339H;R346T;K356T;S371F;S373P;S375F;T376A;R403K;D405N;R408S;K417N;N440K;V445H;G446S;N450D;L452W;L455S;F456L;N460K;S477N;T478K;N481K;V483-;E484K;F486P;Q498R;N501Y;Y505H;E554K;A570V;T572I;D614G;P621S;H655Y;N679K;P681R;N764K;D796Y;S939F;Q954H;N969K;V1104L;P1143L;K1266R|16MPLF17,66,53,KP.2,1,1,2024,5,27
EPI_ISL_19186431,"T19I;R21T;L24-;P25-;P26-;A27S;S50L;H69-;V70-;V127F;G142D;Y145-;F157S;R158G;N211-;L212I;V213G;L216F;H245N;T250N;A264D;I332V;G339H;R346T;K356T;S371F;S373P;S375F;T376A;R403K;D405N;R408S;K417N;N440K;V445H;G446S;N450D;L452W;L455S;F456L;N460K;S477N;T478K;N481K;V483-;E484K;F486P;Q498R;N501Y;Y505H;E554K;A570V;D614G;P621S;H655Y;N679K;P681R;N764K;D796Y;S939F;Q954H;N969K;V1104L;P1143L|""""",64,53,KP.2,2,1,2024,5,27
EPI_ISL_19186434,"T19I;R21T;L24-;P25-;P26-;A27S;S50L;H69-;V70-;V127F;G142D;Y145-;F157S;R158G;K182N;N211-;L212I;V213G;L216F;H245N;A264D;I332V;G339H;R346T;K356T;S371F;S373P;S375F;T376A;R403K;D405N;R408S;K417N;N440K;V445H;G446S;N450D;L452W;L455S;F456L;N460K;S477N;T478K;N481K;V483-;E484K;F486P;Q498R;N501Y;Y505H;E554K;A570V;T572I;D614G;P621S;H655Y;P681R;N764K;D796Y;S939F;Q954H;N969K;K1086R;V1104L;P1143L|""""",65,53,KP.2,1,1,2024,5,28
EPI_ISL_19193253,T19I;R21T;L24-;P25-;P26-;A27S;S50L;H69-;V70-;V127F;G142D;Y145-;F157S;R158G;N211-;L212I;V213G;L216F;H245N;A264D;I332V;G339H;R346T;K356T;S371F;S373P;S375F;T376A;R403K;D405N;R408S;K417N;N440K;V445H;G446S;N450D;L452W;L455S;F456L;N460K;S477N;T478K;N481K;V483-;E484K;F486P;Q498R;N501Y;Y505H;E554K;A570V;D614G;P621S;H655Y;N679K;P681R;N764K;D796Y;S939F;Q954H;N969K;K1086R;V1104L;P1143L;V1264L|16MPLF17,65,53,KP.2,1,1,2024,5,28
EPI_ISL_19194218,T19I;R21T;L24-;P25-;P26-;A27S;S50L;H69-;V70-;V127F;G142D;Y145-;F157S;R158G;K182N;N211-;L212I;V213G;L216F;Q218R;H245N;A264D;I332V;G339H;R346T;K356T;S371F;S373P;S375F;T376A;R403K;D405N;R408S;K417N;N440K;V445H;G446S;N450D;L452W;L455S;F456L;N460K;S477N;T478K;N481K;V483-;E484K;F486P;Q498R;N501Y;Y505H;E554K;A570V;D614G;P621S;H655Y;N679K;P681R;N764K;D796Y;S939F;Q954H;N969K;K1086R;V1104L;P1143L|16MPLF17,66,53,KP.2,1,1,2024,5,28
EPI_ISL_19184508,T19I;R21T;L24-;P25-;P26-;A27S;S50L;H69-;V70-;V127F;G142D;Y145-;F157S;R158G;N211-;L212I;V213G;L216F;H245N;A264D;I332V;G339H;R346T;K356T;S371F;S373P;S375F;T376A;R403K;D405N;R408S;K417N;N440K;V445H;G446S;N450D;L452W;L455S;F456L;N460K;S477N;T478K;N481K;V483-;E484K;F486P;Q498R;N501Y;Y505H;E554K;A570V;T572I;D614G;P621S;H655Y;N679K;P681R;R683Q;N764K;D796Y;S939F;Q954H;N969K;V1104L;P1143L;Q1201K|16MPLF17,66,53,KP.2,2,2,2024,5,28
EPI_ISL_19188787,"T19I;R21T;L24-;P25-;P26-;A27S;S50L;H69-;V70-;V127F;G142D;H146-;F157S;R158G;N211-;L212I;V213G;L216F;H245N;A264D;I332V;G339H;R346T;K356T;S371F;S373P;S375F;T376A;R403K;D405N;R408S;K417N;N440K;V445H;G446S;N450D;L452W;L455S;F456L;N460K;S477N;T478K;N481K;V483-;E484K;F486P;Q498R;N501Y;Y505H;E554K;A570V;D614G;P621S;H655Y;N679K;P681R;N764K;D796Y;S939F;Q954H;N969K;V1104L;P1143L|""""",63,53,KP.2,5,1,2024,5,29
EPI_ISL_19191185,T19I;R21T;L24-;P25-;P26-;A27S;S31-;S50L;H69-;V70-;V127F;G142D;Y145-;H146Q;F157S;R158G;N211-;L212I;V213G;L216F;H245N;A264D;I332V;G339H;R346T;K356T;S371F;S373P;S375F;T376A;R403K;D405N;R408S;K417N;N440K;V445H;G446S;N450D;L452W;L455S;F456L;N460K;S477N;T478K;N481K;V483-;E484K;F486P;Q498R;N501Y;Y505H;E554K;A570V;D614G;P621S;H655Y;N679K;P681R;N764K;D796Y;S939F;Q954H;N969K;V1104L;P1143L;A1174V;E1195Q|16MPLF17,67,53,KP.2,1,1,2024,5,29
EPI_ISL_19187598,T19I;R21T;L24-;P25-;P26-;A27S;S50L;H69-;V70-;V127F;G142D;Y145-;F157S;R158G;N211-;L212I;V213G;L216F;H245N;A264D;I332V;G339H;R346T;K356T;S371F;S373P;S375F;T376A;R403K;D405N;R408S;K417N;N440K;V445H;G446S;N450D;L452W;L455S;F456L;N460K;S477N;T478K;N481K;V483-;E484K;F486P;Q498R;N501Y;Y505H;E554K;A570V;D614G;P621S;H655Y;N679K;P681R;N764K;D796Y;S939F;Q954H;N969K;A1078S;V1104L;P1143L|16MPLF17,64,53,KP.2,1,1,2024,5,29
EPI_ISL_19190256,T19I;R21T;T22N;L24-;P25-;P26-;A27S;S50L;H69-;V70-;V127F;G142D;Y145-;F157S;R158G;N211-;L212I;V213G;L216F;S221L;H245N;A264D;I332V;G339H;R346T;K356T;S371F;S373P;S375F;T376A;R403K;D405N;R408S;K417N;N440K;V445H;G446S;N450D;L452W;L455S;F456L;N460K;S477N;T478K;N481K;V483-;E484K;F486P;Q498R;N501Y;Y505H;E554K;A570V;D614G;P621S;H655Y;N679K;P681R;N764K;D796Y;S939F;Q954H;N969K;V1104L;P1143L|16MPLF17,65,53,KP.2,1,1,2024,5,29
EPI_ISL_19189575,T19I;R21T;L24-;P25-;P26-;A27S;S50L;H69-;V70-;V127F;G142D;Y145-;F157S;R158G;N211-;L212I;V213G;L216F;H245N;A264D;I332V;G339H;R346T;K356T;S371F;S373P;S375F;T376A;R403K;D405N;R408S;K417N;N440K;V445H;G446S;N450D;L452W;L455S;F456L;N460K;S477N;N481K;V483-;E484K;F486P;Q498R;N501Y;Y505H;E554K;A570V;D614G;P621S;H655Y;N679K;P681R;N764K;D796Y;S939F;Q954H;N969K;V1104L;P1143L|16MPLF17,62,53,KP.2,1,1,2024,5,29
EPI_ISL_19190680,T19I;R21T;L24-;P25-;P26-;A27S;S31-;S50L;H69-;V70-;V127F;Y145-;F157S;R158G;R190S;N211-;L212I;V213G;L216F;H245N;A264D;I332V;G339H;R346T;K356T;S371F;S373P;S375F;T376A;R403K;D405N;R408S;K417N;N440K;V445H;G446S;N450D;L452W;L455S;F456L;N460K;S477N;T478K;N481K;V483-;E484K;F486P;Q498R;N501Y;Y505H;E554K;A570V;D614G;P621S;H655Y;N679K;P681R;N764K;D796Y;S939F;Q954H;N969K;K1086R;V1104L;P1143L;M1229I|16MPLF17,66,53,KP.2,1,1,2024,5,29
EPI_ISL_19195330,T19I;R21T;L24-;P25-;P26-;A27S;S50L;F59L;H69-;V70-;V127F;G142D;Y145-;F157S;R158G;N211-;L212I;V213G;L216F;H245N;A264D;I332V;G339H;R346T;K356T;S371F;S373P;S375F;T376A;R403K;D405N;R408S;K417N;N440K;V445H;G446S;N450D;L452W;L455S;F456L;N460K;S477N;T478K;N481K;V483-;E484K;F486P;Q498R;N501Y;Y505H;E554K;A570V;D614G;P621S;H655Y;N679K;P681R;N764K;D796Y;S939F;Q954H;N969K;V1104L;P1143L;C1254F;K1266R|16MPLF17,66,53,KP.2,1,1,2024,5,29
EPI_ISL_19192911,T19I;R21T;P25-;P26-;A27-;S50L;H69-;V70-;V127F;G142D;Y145-;F157S;R158G;N211-;L212I;V213G;L216F;H245N;A264D;I332V;G339H;R346T;K356T;S371F;S373P;S375F;T376A;R403K;D405N;R408S;K417N;N440K;V445H;G446S;N450D;L452W;L455S;F456L;N460K;S477N;T478K;N481K;V483-;E484K;F486P;Q498R;N501Y;Y505H;E554K;A570V;D614G;P621S;H655Y;N679K;P681R;A688V;N764K;D796Y;S939F;Q954H;N969K;K1086R;V1104L;P1143L|16MPLF17,64,53,KP.2,1,1,2024,5,29
EPI_ISL_19191186,T19I;R21T;L24-;P25-;P26-;A27S;S31-;S50L;H69-;V70-;V127F;G142D;Y145-;H146Q;F157S;R158G;N211-;L212I;V213G;L216F;H245N;A264D;I332V;G339H;R346T;K356T;S371F;S373P;S375F;T376A;R403K;D405N;R408S;K417N;N440K;V445H;G446S;N450D;L452W;L455S;F456L;N460K;S477N;T478K;N481K;V483-;E484K;F486P;Q498R;N501Y;Y505H;E554K;A570V;D614G;P621S;H655Y;N679K;P681R;N764K;D796Y;S939F;Q954H;N969K;V1104L;P1143L;A1174V|16MPLF17,66,53,KP.2,1,1,2024,5,30
EPI_ISL_19188291,T19I;R21T;L24-;P25-;P26-;A27S;S50L;F59L;H69-;V70-;V127F;G142D;Y145-;F157S;R158G;K182I;N211-;L212I;V213G;L216F;H245N;A264D;I332V;G339H;R346T;K356T;S371F;S373P;S375F;T376A;R403K;D405N;R408S;K417N;N440K;V445H;G446S;N450D;L452W;L455S;F456L;N460K;S477N;T478K;N481K;V483-;E484K;F486P;Q498R;N501Y;Y505H;E554K;A570V;D614G;P621S;H655Y;N679K;P681R;N764K;D796Y;S939F;Q954H;N969K;V1104L;P1143L;K1266R|16MPLF17,66,53,KP.2,3,2,2024,5,30
EPI_ISL_19189084,"P9S;Q14P;C15L;V16F;T19I;R21T;L24-;P25-;P26-;A27S;S50L;H69-;V70-;V127F;G142D;Y145-;F157S;R158G;N211-;L212I;V213G;L216F;S221L;H245N;A264D;I332V;G339H;R346T;K356T;S371F;S373P;S375F;T376A;R403K;D405N;R408S;K417N;N440K;V445H;G446S;N450D;L452W;L455S;F456L;N460K;S477N;T478K;N481K;V483-;E484K;F486P;Q498R;N501Y;Y505H;E554K;A570V;D614G;P621S;H655Y;N679K;P681R;N764K;D796Y;S939F;Q954H;N969K;V1104L;P1143L|""""",68,53,KP.2,1,1,2024,5,30
EPI_ISL_19190951,T19I;R21T;L24-;P25-;P26-;A27S;S31-;S50L;H69-;V70-;V127F;G142D;Y145-;F157S;R158G;N211-;L212I;V213G;L216F;H245N;A264D;I332V;G339H;R346T;K356T;S371F;S373P;S375F;T376A;R403K;D405N;R408S;K417N;N440K;V445H;G446S;N450D;L452W;L455S;F456L;N460K;S477N;T478K;N481K;V483-;E484K;F486P;Q498R;N501Y;E554K;A570V;D614G;P621S;H655Y;N679K;P681R;N764K;D796Y;S939F;Q954H;N969K;V1104L;P1143L|16MPLF17,63,53,KP.2,1,1,2024,5,30
EPI_ISL_19189092,T19I;R21T;L24-;P25-;P26-;A27S;S50L;F59L;H69-;V70-;V127F;G142D;Y145-;N211-;L212I;V213G;L216F;H245N;A264D;I332V;G339H;R346T;K356T;S371F;S373P;S375F;T376A;R403K;D405N;R408S;K417N;N440K;V445H;G446S;N450D;L452W;L455S;F456L;N460K;S477N;T478K;N481K;V483-;E484K;F486P;Q498R;N501Y;Y505H;E554K;A570V;D614G;P621S;H655Y;N679K;P681R;N764K;D796Y;S939F;Q954H;N969K;V1104L;P1143L;K1266R|16MPLF17,63,53,KP.2,1,1,2024,5,30
EPI_ISL_19195735,T19I;R21T;L24-;P25-;P26-;A27S;S31-;S50L;H69-;V70-;V127F;G142D;Y145-;H146Q;F157S;R158G;N211-;L212I;V213G;L216F;H245N;A264D;T323I;I332V;G339H;R346T;K356T;S371F;S373P;S375F;T376A;R403K;D405N;R408S;K417N;N440K;V445H;G446S;N450D;L452W;L455S;F456L;N460K;S477N;T478K;N481K;V483-;E484K;F486P;Q498R;N501Y;Y505H;E554K;A570V;D614G;P621S;H655Y;N679K;P681R;N764K;D796Y;S939F;Q954H;N969K;V1104L;P1143L|16MPLF17,66,53,KP.2,1,1,2024,5,31
EPI_ISL_19190684,T19I;R21T;L24-;P25-;P26-;A27S;S31-;S50L;H69-;V70-;V127F;G142D;Y145-;F157S;R158G;N211-;L212I;V213G;L216F;H245N;A264D;I332V;G339H;R346T;K356T;S371F;S373P;S375F;T376A;R403K;D405N;R408S;N440K;V445H;G446S;N450D;L452W;L455S;F456L;N460K;S477N;T478K;N481K;V483-;E484K;F486P;Q498R;N501Y;Y505H;E554K;A570V;D614G;P621S;H655Y;N679K;P681R;N764K;D796Y;S939F;Q954H;N969K;K1086R;V1104L;P1143L;M1229I|16MPLF17,65,53,KP.2,1,1,2024,5,31
EPI_ISL_19188753,"T19I;R21T;L24-;P25-;P26-;A27S;S31-;S50L;H69-;V70-;V127F;G142D;Y145-;F157S;R158G;N211-;L212I;V213G;L216F;H245N;A264D;I332V;G339H;R346T;K356T;S371F;S373P;S375F;T376A;R403K;D405N;R408S;K417N;N440K;V445H;G446S;N450D;L452W;L455S;F456L;N460K;S477N;T478K;N481K;V483-;E484K;F486P;Q498R;N501Y;Y505H;E554K;A570V;D614G;P621S;H655Y;N679K;P681R;N764K;D796Y;S939F;Q954H;N969K;K1086R;V1104L;P1143L;M1229I|""""",66,53,KP.2,1,1,2024,5,31
EPI_ISL_19190681,T19I;R21T;L24-;P25-;P26-;A27S;S31-;S50L;H69-;V70-;V127F;G142D;Y145-;F157S;R158G;N211-;L212I;V213G;L216F;H245N;A264D;I332V;P337S;G339H;R346T;K356T;S371F;S373P;S375F;T376A;R403K;D405N;R408S;K417N;N440K;V445H;G446S;N450D;L452W;L455S;F456L;N460K;S477N;T478K;N481K;V483-;E484K;F486P;Q498R;N501Y;Y505H;E554K;A570V;D614G;P621S;H655Y;N679K;P681R;N764K;D796Y;S939F;Q954H;N969K;K1086R;V1104L;P1143L;M1229I|16MPLF17,67,53,KP.2,1,1,2024,5,31
EPI_ISL_19192846,T19I;R21T;L24-;P25-;P26-;A27S;S50L;H69-;V70-;V127F;G142D;Y145-;F157S;R158G;G184S;N211-;L212I;V213G;L216F;H245N;A264D;I332V;G339H;R346T;K356T;S371F;S373P;S375F;T376A;R403K;D405N;R408S;K417N;N440K;V445H;G446S;N450D;L452W;L455S;F456L;N460K;S477N;T478K;N481K;V483-;E484K;F486P;Q498R;N501Y;Y505H;E554K;A570V;D614G;P621S;H655Y;N679K;P681R;N764K;D796Y;S939F;Q954H;N969K;V1104L;P1143L|16MPLF17,64,53,KP.2,2,1,2024,5,31
EPI_ISL_19192828,T19I;R21T;L24-;P25-;P26-;A27S;S50L;H69-;V70-;V127F;G142D;Y145-;F157S;R158G;K182N;N211-;L212I;V213G;L216F;H245N;A264D;I332V;G339H;R346T;K356T;S371F;S373P;S375F;T376A;R403K;D405N;R408S;K417N;N440K;V445H;G446S;N450D;L452W;L455S;F456L;N460K;S477N;T478K;N481K;V483-;E484K;F486P;Q498R;N501Y;Y505H;E554K;A570V;D614G;P621S;H655Y;N679K;P681R;N764K;D796Y;S939F;Q954H;N969K;K1086R;V1104L;P1143L|16MPLF17,65,54,KP.2,228,10,2024,6,1
EPI_ISL_19188371,T19I;R21T;L24-;P25-;P26-;A27S;S50L;H69-;V70-;V127F;G142D;Y145-;F157S;R158G;N211-;L212I;V213G;L216F;H245N;A264D;I332V;G339H;R346T;K356T;S371F;S373P;S375F;T376A;R403K;D405N;R408S;K417N;N440K;V445H;G446S;N450D;L452W;L455S;F456L;N460K;S477N;T478K;N481K;V483-;E484K;F486P;Q498R;N501Y;Y505H;E554K;A570V;D614G;P621S;H655Y;N679K;P681R;N764K;D796Y;S939F;Q954H;N969K;K1086R;V1104L;P1143L|16MPLF17,64,54,KP.2,264,4,2024,6,1
EPI_ISL_19195853,T19I;R21T;L24-;P25-;P26-;A27S;S31-;S50L;H69-;V70-;V127F;G142D;Y145-;F157S;R158G;N211-;L212I;V213G;L216F;H245N;A264D;I332V;G339H;R346T;K356T;S371F;S373P;S375F;T376A;R403K;D405N;R408S;K417N;N440K;V445H;G446S;N450D;L452W;L455S;F456L;N460K;S477N;T478K;N481K;V483-;E484K;F486P;Q498R;N501Y;Y505H;E554K;A570V;D614G;P621S;H655Y;N679K;P681R;N764K;D796Y;S939F;Q954H;N969K;K1086R;V1104L;P1143L;M1229I|16MPLF17,66,54,KP.2,52,11,2024,6,1
EPI_ISL_19188294,T19I;R21T;L24-;P25-;P26-;A27S;S50L;H69-;V70-;V127F;G142D;Y145-;F157S;R158G;N211-;L212I;V213G;L216F;H245N;A264D;I332V;G339H;R346T;K356T;S371F;S373P;S375F;T376A;R403K;D405N;R408S;K417N;N440K;V445H;G446S;N450D;L452W;L455S;F456L;N460K;S477N;T478K;N481K;V483-;E484K;F486P;Q498R;N501Y;Y505H;E554K;A570V;D614G;P621S;H655Y;N679K;P681R;N764K;D796Y;S939F;Q954H;N969K;V1104L;P1143L|16MPLF17,63,54,KP.2,1105,9,2024,6,1
EPI_ISL_19195791,T19I;R21T;L24-;P25-;P26-;A27S;S50L;F59L;H69-;V70-;V127F;G142D;Y145-;F157S;R158G;N211-;L212I;V213G;L216F;H245N;A264D;I332V;G339H;R346T;K356T;S371F;S373P;S375F;T376A;R403K;D405N;R408S;K417N;N440K;V445H;G446S;N450D;L452W;L455S;F456L;N460K;S477N;T478K;N481K;V483-;E484K;F486P;Q498R;N501Y;Y505H;E554K;A570V;D614G;P621S;H655Y;N679K;P681R;N764K;D796Y;S939F;Q954H;N969K;V1104L;P1143L;K1266R|16MPLF17,65,54,KP.2,143,2,2024,6,1
EPI_ISL_19192840,T19I;R21T;L24-;P25-;P26-;A27S;S31-;S50L;H69-;V70-;V127F;G142D;Y145-;H146Q;F157S;R158G;N211-;L212I;V213G;L216F;H245N;A264D;I332V;G339H;R346T;K356T;S371F;S373P;S375F;T376A;R403K;D405N;R408S;K417N;N440K;V445H;G446S;N450D;L452W;L455S;F456L;N460K;S477N;T478K;N481K;V483-;E484K;F486P;Q498R;N501Y;Y505H;E554K;A570V;D614G;P621S;H655Y;N679K;P681R;N764K;D796Y;S939F;Q954H;N969K;V1104L;P1143L|16MPLF17,65,54,KP.2,219,12,2024,6,1
EPI_ISL_19193845,"T19I;R21T;L24-;P25-;P26-;A27S;S31-;S50L;H69-;V70-;V127F;G142D;Y145-;H146Q;F157S;R158G;N211-;L212I;V213G;L216F;H245N;A264D;I332V;G339H;R346T;K356T;S371F;S373P;S375F;T376A;R403K;D405N;R408S;K417N;N440K;V445H;G446S;N450D;L452W;L455S;F456L;N460K;S477N;T478K;N481K;V483-;E484K;F486P;Q498R;N501Y;Y505H;E554K;A570V;D614G;P621S;H655Y;N679K;P681R;N764K;D796Y;S939F;Q954H;N969K;V1104L;P1143L|""""",65,54,KP.2,46,5,2024,6,1
EPI_ISL_19188798,"T19I;R21T;L24-;P25-;P26-;A27S;S50L;H69-;V70-;V127F;G142D;Y145-;F157S;R158G;N211-;L212I;V213G;L216F;H245N;A264D;I332V;G339H;R346T;K356T;S371F;S373P;S375F;T376A;R403K;D405N;R408S;K417N;N440K;V445H;G446S;N450D;L452W;L455S;F456L;N460K;S477N;T478K;N481K;V483-;E484K;F486P;Q498R;N501Y;Y505H;E554K;A570V;D614G;P621S;H655Y;N679K;P681R;N764K;D796Y;S939F;Q954H;N969K;V1104L;P1143L;Q1201K|""""",64,54,KP.2,12,1,2024,6,1
EPI_ISL_19195960,T19I;R21T;L24-;P25-;P26-;A27S;S31-;S50L;H69-;V70-;V127F;G142D;Y145-;H146Q;F157S;R158G;N211-;L212I;V213G;L216F;H245N;A264D;I332V;G339H;R346T;K356T;S371F;S373P;S375F;T376A;R403K;D405N;R408S;K417N;N440K;V445H;G446S;N450D;L452W;L455S;F456L;N460K;S477N;T478K;N481K;V483-;E484K;F486P;Q498R;N501Y;Y505H;E554K;A570V;D614G;P621S;H655Y;N679K;P681R;S704L;N764K;D796Y;S939F;Q954H;N969K;V1104L;P1143L|16MPLF17,66,54,KP.2,1,1,2024,6,1
EPI_ISL_19188327,T19I;R21T;L24-;P25-;P26-;A27S;S50L;H69-;V70-;V127F;G142D;Y145-;F157S;R158G;N211-;L212I;V213G;L216F;H245N;A264D;I332V;G339H;R346T;K356T;S371F;S373P;S375F;T376A;R403K;D405N;R408S;K417N;N440K;V445H;G446S;N450D;L452W;L455S;F456L;N460K;S477N;T478K;N481K;V483-;E484K;F486P;Q498R;N501Y;Y505H;E554K;A570V;D614G;P621S;H655Y;N679K;P681R;N764K;D796Y;P809S;S939F;Q954H;N969K;V1104L;P1143L|16MPLF17,64,54,KP.2,10,1,2024,6,1
EPI_ISL_19188358,T19I;R21T;L24-;P25-;P26-;A27S;S50L;H69-;V70-;V127F;G142D;Y145-;F157S;R158G;K182N;N211-;L212I;V213G;L216F;H245N;A264D;I332V;G339H;R346T;K356T;S371F;S373P;S375F;T376A;R403K;D405N;R408S;K417N;N440K;V445H;G446S;N450D;L452W;L455S;F456L;N460K;S477N;T478K;N481K;V483-;E484K;F486P;Q498R;N501Y;Y505H;E554K;A570V;D614G;P621S;H655Y;N679K;P681R;N764K;D796Y;S939F;Q954H;N969K;K1086R;V1104L;P1143L;L1203F|16MPLF17,66,54,KP.2,1,1,2024,6,1
EPI_ISL_19190954,T19I;R21T;L24-;P25-;P26-;A27S;S31-;S50L;H69-;V70-;V127F;G142D;Y145-;F157S;R158G;N211-;L212I;V213G;L216F;H245N;A264D;I332V;G339H;R346T;K356T;S371F;S373P;S375F;T376A;R403K;D405N;R408S;K417N;N440K;V445H;G446S;N450D;L452W;L455S;F456L;N460K;S477N;T478K;N481K;V483-;E484K;F486P;Q498R;N501Y;Y505H;E554K;A570V;D614G;P621S;H655Y;N679K;P681R;N764K;D796Y;S939F;Q954H;N969K;V1104L;P1143L|16MPLF17,64,54,KP.2,32,3,2024,6,1
EPI_ISL_19189979,T19I;R21T;L24-;P25-;P26-;A27S;S31-;S50L;H69-;V70-;V127F;G142D;Y145-;F157S;R158G;N211-;L212I;V213G;L216F;H245N;A264D;I332V;G339H;R346T;K356T;S371F;S373P;S375F;T376A;R403K;D405N;R408S;K417N;N440K;V445H;G446S;N450D;L452W;L455S;F456L;N460K;S477N;T478K;N481K;V483-;E484K;F486P;Q498R;N501Y;Y505H;E554K;A570V;T572I;D614G;P621S;H655Y;N679K;P681R;N764K;D796Y;S939F;Q954H;N969K;K1086R;V1104L;P1143L|16MPLF17,66,54,KP.2,2,1,2024,6,1
EPI_ISL_19189083,"N17M;L18P;T19L;T20F;R21N;T22L;Q23T;L24T;P25T;P26Q;A27S;S31F;S50L;H69-;V70-;V127F;G142D;Y145-;F157S;R158G;N211-;L212I;V213G;L216F;H245N;A264D;I332V;G339H;R346T;K356T;S371F;S373P;S375F;T376A;R403K;D405N;R408S;K417N;N440K;V445H;G446S;N450D;L452W;L455S;F456L;N460K;S477N;T478K;N481K;V483-;E484K;F486P;Q498R;N501Y;Y505H;E554K;A570V;D614G;P621S;H655Y;N679K;P681R;N764K;D796Y;S939F;Q954H;N969K;V1104L;P1143L|""""",69,54,KP.2,2,1,2024,6,1
EPI_ISL_19188751,"Q14R;T19I;R21T;L24-;P25-;P26-;A27S;S31-;S50L;H69-;V70-;V127F;G142D;Y145-;H146Q;F157S;R158G;N211-;L212I;V213G;L216F;H245N;A264D;I332V;G339H;R346T;K356T;S371F;S373P;S375F;T376A;R403K;D405N;R408S;K417N;N440K;V445H;G446S;N450D;L452W;L455S;F456L;N460K;S477N;T478K;N481K;V483-;E484K;F486P;Q498R;N501Y;Y505H;E554K;A570V;D614G;P621S;H655Y;N679K;P681R;N764K;D796Y;S939F;Q954H;N969K;V1104L;P1143L|""""",66,54,KP.2,1,1,2024,6,1
EPI_ISL_19185417,T19I;R21T;L24-;P25-;P26-;A27S;S31F;H69-;V70-;V127F;G142D;Y145-;F157S;R158G;N211-;L212I;V213G;L216F;H245N;A264D;I332V;G339H;R346T;K356T;S371F;S373P;S375F;T376A;R403K;D405N;R408S;K417N;N440K;V445H;G446S;N450D;L452W;L455S;F456L;N460K;S477N;T478K;N481K;V483-;E484K;F486P;Q498R;N501Y;Y505H;E554K;A570V;D614G;P621S;H655Y;N679K;P681R;N764K;D796Y;K814R;S939F;Q954H;N969K;V1104L;P1143L|16MPLF17,64,54,KP.2,1,1,2024,6,1
EPI_ISL_19195992,T19I;R21T;L24-;P25-;P26-;A27S;S50L;F59L;H69S;S71-;G72-;V127F;G142D;Y145-;F157S;R158G;N211-;L212I;V213G;L216F;H245N;A264D;I332V;G339H;R346T;K356T;S371F;S373P;S375F;T376A;R403K;D405N;R408S;K417N;N440K;V445H;G446S;N450D;L452W;L455S;F456L;N460K;S477N;T478K;N481K;V483-;E484K;F486P;Q498R;N501Y;Y505H;E554K;A570V;D614G;P621S;H655Y;N679K;P681R;N764K;D796Y;S939F;Q954H;N969K;V1104L;P1143L;V1176F;K1266R|16MPLF17,67,54,KP.2,1,1,2024,6,2
EPI_ISL_19188791,"T19I;R21T;L24-;P25-;P26-;A27S;S50L;H69-;V70-;V127F;G142D;Y145-;F157S;R158G;N185-;F186I;N211-;L212I;V213G;L216F;H245N;A264D;I332V;G339H;R346T;K356T;S371F;S373P;S375F;T376A;R403K;D405N;R408S;K417N;N440K;V445H;G446S;N450D;L452W;L455S;F456L;N460K;S477N;T478K;N481K;V483-;E484K;F486P;Q498R;N501Y;Y505H;E554K;A570V;D614G;P621S;H655Y;N679K;P681R;N764K;D796Y;S939F;Q954H;N969K;K1086R;V1104L;P1143L|""""",66,54,KP.2,3,1,2024,6,2
EPI_ISL_19192884,T19I;R21T;L24-;P25-;P26-;A27S;S31-;S50L;H69-;V70-;V127F;G142D;Y145-;F157S;R158G;Q183H;N211-;L212I;V213G;L216F;H245N;A264D;I332V;G339H;R346T;K356T;S371F;S373P;S375F;T376A;R403K;D405N;R408S;K417N;N440K;V445H;G446S;N450D;L452W;L455S;F456L;N460K;S477N;T478K;N481K;V483-;E484K;F486P;Q498R;N501Y;Y505H;E554K;A570V;D614G;P621S;H655Y;N679K;P681R;N764K;D796Y;S939F;Q954H;N969K;V1104L;P1143L|16MPLF17,65,54,KP.2,32,2,2024,6,2
EPI_ISL_19193854,T19I;R21T;L24-;P25-;P26-;A27S;S50L;F59S;H69-;V70-;V127F;G142D;Y145-;F157S;R158G;N211-;L212I;V213G;L216F;H245N;A264D;I332V;G339H;R346T;K356T;S371F;S373P;S375F;T376A;R403K;D405N;R408S;K417N;N440K;V445H;G446S;N450D;L452W;L455S;F456L;N460K;S477N;T478K;N481K;V483-;E484K;F486P;Q498R;N501Y;Y505H;E554K;A570V;D614G;P621S;H655Y;N679K;P681R;N764K;D796Y;S939F;Q954H;N969K;K1086R;V1104L;P1143L|16MPLF17,65,54,KP.2,6,1,2024,6,2
EPI_ISL_19196480,T19I;R21T;L24-;P25-;P26-;A27S;S50L;H69-;V70-;V127F;G142D;Y145-;F157S;R158G;N211-;L212I;V213G;L216F;H245N;A264D;I332V;G339H;R346T;K356T;S371F;S373P;S375F;T376A;R403K;D405N;R408S;K417N;N440K;V445H;G446S;N450D;L452W;L455S;F456L;N460K;S477N;T478K;N481K;V483-;E484K;F486P;Q498R;N501Y;Y505H;E554K;A570V;T572I;D614G;P621S;H655Y;N679K;P681R;N764K;D796Y;S939F;Q954H;N969K;V1104L;P1143L|16MPLF17,64,54,KP.2,20,3,2024,6,2
EPI_ISL_19185415,T19I;R21T;L24-;P25-;P26-;A27S;F59L;H69-;V70-;V127F;G142D;Y145-;F157S;R158G;N211-;L212I;V213G;L216F;H245N;A264D;I332V;G339H;R346T;K356T;S371F;S373P;S375F;T376A;R403K;D405N;R408S;K417N;N440K;V445H;G446S;N450D;L452W;L455S;F456L;N460K;S477N;T478K;N481K;V483-;E484K;F486P;Q498R;N501Y;Y505H;E554K;A570V;D614G;P621S;H655Y;N679K;P681R;N764K;D796Y;S939F;Q954H;N969K;V1104L;P1143L;K1266R|16MPLF17,64,54,KP.2,4,1,2024,6,2
EPI_ISL_19192868,T19I;R21T;T22N;L24-;P25-;P26-;A27S;S31F;S50L;H69-;V70-;V127F;G142D;Y145-;F157S;R158G;G184V;N211-;L212I;V213G;L216F;H245N;A262V;A264D;I332V;G339H;R346T;K356T;S371F;S373P;S375F;T376A;R403K;D405N;R408S;K417N;N440K;V445H;G446S;N450D;L452W;L455S;F456L;N460K;S477N;T478K;N481K;V483-;E484K;F486P;Q498R;N501Y;Y505H;E554K;A570V;D614G;P621S;H655Y;N679K;P681R;T747I;N764K;D796Y;S939F;Q954H;N969K;V1104L;P1143L|16MPLF17,68,54,KP.2,1,1,2024,6,2
EPI_ISL_19196393,T19I;R21T;L24-;P25-;P26-;A27S;S31-;S50L;H69-;V70-;V127F;G142D;Y145-;H146Q;F157S;R158G;N211-;L212I;V213G;L216F;H245N;A264D;I332V;G339H;R346T;K356T;S371F;S373P;S375F;T376A;R403K;D405N;R408S;K417N;N440K;V445H;G446S;N450D;L452W;L455S;F456L;N460K;S477N;T478K;N481K;V483-;E484K;F486P;Q498R;N501Y;Y505H;E554K;A570V;D614G;P621S;H655Y;N679K;P681R;N764K;D796Y;L922F;S939F;Q954H;N969K;V1104L;P1143L|16MPLF17,66,54,KP.2,1,1,2024,6,2
EPI_ISL_19189066,T19I;R21T;L24-;P25-;P26-;A27S;S31-;S50L;H69-;V70-;V127F;G142D;Y145-;H146Q;F157S;R158G;N211-;L212I;V213G;L216F;H245N;A264D;I332V;G339H;R346T;K356T;S371F;S373P;S375F;T376A;V382L;R403K;D405N;R408S;K417N;N440K;V445H;G446S;N450D;L452W;L455S;F456L;N460K;S477N;T478K;N481K;V483-;E484K;F486P;Q498R;N501Y;Y505H;E554K;A570V;D614G;P621S;H655Y;N679K;P681R;N764K;D796Y;S939F;Q954H;N969K;V1104L;P1143L|16MPLF17,66,54,KP.2,3,1,2024,6,2
EPI_ISL_19192836,T19I;R21T;L24-;P25-;P26-;A27S;S31-;S50L;H69-;V70-;V127F;G142D;Y145-;F157S;R158G;Q183H;N211-;L212I;V213G;L216F;H245N;A264D;I332V;G339H;R346T;K356T;S371F;S373P;S375F;T376A;R403K;D405N;R408S;K417N;N440K;V445H;G446S;N450D;L452W;L455S;F456L;N460K;S477N;T478K;N481K;V483-;E484K;F486P;Q498R;N501Y;Y505H;E554K;A570V;D614G;P621S;H655Y;N679K;P681R;T747A;N764K;D796Y;S939F;Q954H;N969K;V1104L;P1143L|16MPLF17,66,54,KP.2,1,1,2024,6,2
EPI_ISL_19189546,T19I;R21T;L24-;P25-;P26-;A27S;S31-;S50L;H69-;V70-;D111N;V127F;G142D;Y145-;F157S;R158G;N211-;L212I;V213G;L216F;H245N;A264D;I332V;G339H;R346T;K356T;S371F;S373P;S375F;T376A;R403K;D405N;R408S;K417N;N440K;V445H;G446S;N450D;L452W;L455S;F456L;N460K;S477N;T478K;N481K;V483-;E484K;F486P;Q498R;N501Y;Y505H;E554K;A570V;D614G;P621S;H655Y;N679K;P681R;N764K;D796Y;S939F;Q954H;N969K;V1104L;P1143L|16MPLF17,65,54,KP.2,1,1,2024,6,3
EPI_ISL_19194781,"T19I;R21T;L24-;P25-;P26-;A27S;S31-;H69-;V70-;V127F;G142D;Y145-;H146Q;F157S;R158G;N211-;L212I;V213G;L216F;H245N;A264D;I332V;G339H;R346T;K356T;S371F;S373P;S375F;T376A;R403K;D405N;R408S;K417N;N440K;V445H;G446S;N450D;L452W;L455S;F456L;N460K;S477N;T478K;N481K;V483-;E484K;F486P;Q498R;N501Y;Y505H;E554K;A570V;D614G;P621S;H655Y;N679K;P681R;N764K;D796Y;S939F;Q954H;N969K;V1104L;P1143L|""""",64,54,KP.2,1,1,2024,6,3
EPI_ISL_19192876,T19I;R21T;L24-;P25-;P26-;A27S;S31-;S50L;H69-;V70-;V127F;G142D;Y145-;H146Q;F157S;R158G;N211-;L212I;V213G;L216F;H245N;A264D;I332V;G339H;R346T;K356T;S371F;S373P;S375F;T376A;R403K;D405N;R408S;K417N;N440K;V445H;G446S;N450D;L452W;L455S;F456L;N460K;S477N;T478K;N481K;V483-;E484K;F486P;Q498R;N501Y;Y505H;E554K;A570V;T572I;D614G;P621S;H655Y;N679K;P681R;N764K;D796Y;S939F;Q954H;N969K;Q1002H;V1104L;P1143L|16MPLF17,67,54,KP.2,1,1,2024,6,3
EPI_ISL_19189577,T19I;R21T;L24-;P25-;P26-;A27S;S31-;S50L;H69Y;V70-;S71-;V127F;G142D;Y145-;F157S;R158G;N211-;L212I;V213G;L216F;H245N;A264D;I332V;G339H;R346T;K356T;S371F;S373P;S375F;T376A;R403K;D405N;R408S;K417N;N440K;V445H;G446S;N450D;L452W;L455S;F456L;N460K;S477N;T478K;N481K;V483-;E484K;F486P;Q498R;N501Y;Y505H;E554K;A570V;D614G;P621S;H655Y;N679K;P681R;N764K;D796H;S939F;Q954H;N969K;K1086R;V1104L;P1143L|16MPLF17,66,54,KP.2,1,1,2024,6,3
EPI_ISL_19190691,T19I;R21T;L24-;P25-;P26-;A27S;S31-;S50L;H69-;V70-;V127F;G142D;Y145-;F157S;R158G;P174L;N211-;L212I;V213G;L216F;H245N;A264D;I332V;G339H;R346T;K356T;S371F;S373P;S375F;T376A;R403K;D405N;R408S;K417N;N440K;V445H;G446S;N450D;L452W;L455S;F456L;N460K;S477N;T478K;N481K;V483-;E484K;F486P;Q498R;N501Y;Y505H;E554K;A570V;D614G;P621S;H655Y;N679K;P681R;N764K;D796Y;S939F;Q954H;N969K;K1086R;V1104L;P1143L;M1229I|16MPLF17,67,54,KP.2,1,1,2024,6,3
EPI_ISL_19195823,T19I;R21T;L24-;P25-;P26-;A27S;S31-;S50L;H69-;V70-;V127F;G142D;Y145-;H146Q;F157S;R158G;G181V;N211-;L212I;V213G;L216F;H245N;A264D;I332V;G339H;R346T;K356T;S371F;S373P;S375F;T376A;R403K;D405N;R408S;K417N;N440K;V445H;G446S;N450D;L452W;L455S;F456L;N460K;S477N;T478K;N481K;V483-;E484K;F486P;Q498R;N501Y;Y505H;E554K;A570V;D614G;P621S;H655Y;N679K;P681R;N764K;D796Y;S939F;Q954H;N969K;V1104L;P1143L|16MPLF17,66,54,KP.2,1,1,2024,6,3
EPI_ISL_19194782,T19I;R21T;L24-;P25-;P26-;A27S;H69-;V70-;V127F;G142D;Y145-;F157S;R158G;N211-;L212I;V213G;L216F;H245N;A264D;I332V;G339H;R346T;K356T;S371F;S373P;S375F;T376A;R403K;D405N;R408S;K417N;N440K;V445H;G446S;N450D;L452W;L455S;F456L;N460K;S477N;T478K;N481K;V483-;E484K;F486P;Q498R;N501Y;Y505H;E554K;A570V;D614G;P621S;H655Y;N679K;P681R;N764K;D796Y;S939F;Q954H;N969K;V1104L;P1143F|16MPLF17,62,54,KP.2,1,1,2024,6,3
EPI_ISL_19190976,T19I;R21T;L24-;P25-;P26-;A27S;S50L;F59L;H69-;V70-;V127F;G142D;Y145-;F157S;R158G;K182I;N211-;L212I;V213G;L216F;H245N;A264D;I332V;G339H;R346T;K356T;S371F;S373P;S375F;T376A;R403K;D405N;R408S;K417N;N440K;V445H;G446S;N450D;L452W;L455S;F456L;N460K;S477N;T478K;N481K;V483-;E484K;F486P;Q498R;N501Y;Y505H;E554K;A570V;D614G;P621S;H655Y;N679K;P681R;N764K;D796Y;S939F;Q954H;N969K;V1104L;P1143L;K1266R|16MPLF17,66,54,KP.2,3,1,2024,6,3
EPI_ISL_19195999,T19I;R21T;L24-;P25-;P26-;A27S;S31-;S50L;H69-;V70-;V127F;G142D;Y145-;F157S;R158G;N211-;L212I;V213G;L216F;H245N;A264D;I332V;G339H;R346T;K356T;S371F;S373P;S375F;T376A;R403K;D405N;R408S;K417N;N440K;V445H;G446S;N450D;L452W;L455S;F456L;N460K;S477N;T478K;N481K;V483-;E484K;F486P;Q498R;N501Y;Y505H;E554K;A570V;D614G;P621S;H655Y;N679K;P681R;N764K;D796Y;S939F;Q954H;N969K;K1086R;V1104L;P1143L|16MPLF17,65,54,KP.2,96,1,2024,6,3
EPI_ISL_19189110,T19I;R21T;L24-;P25-;P26-;A27S;S50L;H69-;V70-;V127F;G142D;Y145-;F157S;R158G;H207Y;N211-;L212I;V213G;L216F;H245N;A264D;I332V;G339H;R346T;K356T;S371F;S373P;S375F;T376A;R403K;D405N;R408S;K417N;N440K;V445H;G446S;N450D;L452W;L455S;F456L;N460K;S477N;T478K;N481K;V483-;E484K;F486P;Q498R;N501Y;Y505H;E554K;A570V;D614G;P621S;H655Y;N679K;P681R;N764K;D796Y;S939F;Q954H;N969K;D1084Y;V1104L;P1143L;Q1201K|16MPLF17,66,54,KP.2,1,1,2024,6,4
EPI_ISL_19195742,T19I;R21T;L24-;P25-;P26-;A27S;S31-;S50L;H69-;V70-;D80Y;V127F;G142D;Y145-;F157S;R158G;N211-;L212I;V213G;L216F;H245N;A264D;I332V;G339H;R346T;K356T;S371F;S373P;S375F;T376A;R403K;D405N;R408S;K417N;N440K;V445H;G446S;N450D;L452W;L455S;F456L;N460K;S477N;T478K;N481K;V483-;E484K;F486P;Q498R;N501Y;Y505H;E554K;A570V;D614G;P621S;H655Y;N679K;P681R;N764K;D796Y;S939F;Q954H;N969K;V1104L;P1143L|16MPLF17,65,54,KP.2,1,1,2024,6,5
EPI_ISL_19189548,T19I;R21T;L24-;P25-;P26-;A27S;S50L;H69-;V70-;V127F;G142D;Y145-;F157S;R158G;N211-;L212I;V213G;L216F;H245N;G257D;A264D;I332V;G339H;R346T;K356T;S371F;S373P;S375F;T376A;R403K;D405N;R408S;K417N;N440K;V445H;G446S;N450D;L452W;L455S;F456L;N460K;S477N;T478K;N481K;V483-;E484K;F486P;Q498R;N501Y;Y505H;E554K;A570V;D614G;P621S;H655Y;N679K;P681R;N764K;D796Y;S939F;Q954H;N969K;V1104L;P1143L;Q1201K|16MPLF17,65,54,KP.2,1,1,2024,6,5
EPI_ISL_19194775,T19I;R21T;L24-;P25-;P26-;A27S;S31-;S50L;H69-;V70-;V127F;G142D;Y145-;H146Q;F157S;R158G;N211-;L212I;V213G;L216F;H245N;A264D;I332V;G339H;R346T;K356T;S371F;S373P;S375F;T376A;R403K;D405N;R408S;K417N;N440K;V445H;G446S;N450D;L452W;L455S;F456L;N460K;S477N;T478K;N481K;V483-;E484K;F486P;Q498R;N501Y;Y505H;E554K;A570V;D614G;P621S;H655Y;N679K;P681R;N764K;D796Y;S939F;Q954H;N969K;V1104L;P1143L;V1176F|16MPLF17,66,54,KP.2,1,1,2024,6,5
EPI_ISL_19189581,T19I;R21T;L24-;P25-;P26-;A27S;S50L;F59L;H69-;V70-;V127F;G142D;Y145-;F157S;R158G;N211-;L212I;V213G;L216F;H245N;A264D;I332V;G339H;R346T;K356T;S371F;S373P;S375F;T376A;R403K;D405N;R408S;K417N;N440K;V445H;G446S;N450D;L452W;L455S;F456L;N460K;S477N;T478K;N481K;V483-;E484K;F486P;Q498R;N501Y;Y505H;E554K;A570V;D614G;P621S;H655Y;T678I;N679K;P681R;N764K;D796Y;S939F;Q954H;N969K;V1104L;P1143L;K1266R|16MPLF17,66,54,KP.2,1,1,2024,6,5
EPI_ISL_19193944,T19I;R21T;L24-;P25-;P26-;A27S;S31-;S50L;H69-;V70-;I119V;V127F;G142D;Y145-;H146Q;F157S;R158G;N211-;L212I;V213G;L216F;H245N;A264D;I332V;G339H;R346T;K356T;S371F;S373P;S375F;T376A;R403K;D405N;R408S;K417N;N440K;V445H;G446S;N450D;L452W;L455S;F456L;N460K;S477N;T478K;N481K;V483-;E484K;F486P;Q498R;N501Y;Y505H;E554K;A570V;D614G;P621S;H655Y;N679K;P681R;N764K;D796Y;S939F;Q954H;N969K;V1104L;P1143L|16MPLF17,66,54,KP.2,1,1,2024,6,5
EPI_ISL_19189106,L5F;T19I;R21T;L24-;P25-;P26-;A27S;S50L;F59S;H69-;V70-;V127F;G142D;Y145-;F157S;R158G;N211-;L212I;V213G;L216F;H245N;A264D;I332V;G339H;R346T;K356T;S371F;S373P;S375F;T376A;R403K;D405N;R408S;K417N;N440K;V445H;G446S;N450D;L452W;L455S;F456L;N460K;S477N;T478K;N481K;V483-;E484K;F486P;Q498R;N501Y;Y505H;E554K;A570V;D614G;P621S;H655Y;N679K;P681R;N764K;D796Y;S939F;Q954H;N969K;K1086R;V1104L;P1143L|16MPLF17,66,54,KP.2,1,1,2024,6,5
EPI_ISL_19189554,T19I;R21T;L24-;P25-;P26-;A27S;S31-;S50L;H69-;V70-;V127F;G142D;Y145-;H146K;F157S;R158G;N211-;L212I;V213G;L216F;H245N;A264D;I332V;G339H;R346T;K356T;S371F;S373P;S375F;T376A;R403K;D405N;R408S;K417N;N440K;V445H;G446S;N450D;L452W;L455S;F456L;N460K;S477N;T478K;N481K;V483-;E484K;F486P;Q498R;N501Y;Y505H;E554K;A570V;D614G;P621S;H655Y;N679K;P681R;N764K;D796Y;S939F;Q954H;N969K;V1104L;P1143L|16MPLF17,65,54,KP.2,4,1,2024,6,5
EPI_ISL_19195994,T19I;R21T;L24-;P25-;P26-;A27S;S50L;H69-;V70-;V127F;G142D;H146-;F157S;R158G;N211-;L212I;V213G;L216F;H245N;A264D;I332V;G339H;R346T;K356T;S371F;S373P;S375F;T376A;R403K;D405N;R408S;K417N;N440K;V445H;G446S;N450D;L452W;L455S;F456L;N460K;S477N;T478K;N481K;V483-;E484K;F486P;Q498R;N501Y;Y505H;E554K;A570V;D614G;P621S;H655Y;N679K;P681R;N764K;D796Y;S939F;Q954H;N969K;V1104L;P1143L|16MPLF17,63,54,KP.2,21,1,2024,6,9
EPI_ISL_19196009,T19I;R21T;L24-;P25-;P26-;A27S;S31-;S50L;H69-;V70-;V127F;G142D;Y145-;H146Q;F157S;R158G;N185T;N211-;L212I;V213G;L216F;H245N;A264D;I332V;G339H;R346T;K356T;S371F;S373P;S375F;T376A;R403K;D405N;R408S;K417N;N440K;V445H;G446S;N450D;L452W;L455S;F456L;N460K;S477N;T478K;N481K;V483-;E484K;F486P;Q498R;N501Y;Y505H;E554K;A570V;D614G;P621S;H655Y;N679K;P681R;N764K;D796Y;S939F;Q954H;N969K;V1104L;P1143L|16MPLF17,66,54,KP.2,2,1,2024,6,11
EPI_ISL_19196508,T19I;R21T;L24-;P25-;P26-;A27S;S31-;H69-;V70-;V127F;G142D;Y145-;H146Q;F157S;R158G;N211-;L212I;V213G;L216F;H245N;A264D;I332V;G339H;R346T;K356T;S371F;S373P;S375F;T376A;R403K;D405N;R408S;K417N;N440K;V445H;G446S;N450D;L452W;L455S;F456L;N460K;S477N;T478K;N481K;V483-;E484K;F486P;Q498R;N501Y;Y505H;E554K;A570V;D614G;P621S;H655Y;N679K;P681R;N764K;D796Y;S939F;Q954H;N969K;V1104L;P1143L|16MPLF17,64,54,KP.2,1,1,2024,6,11
